6.998567283153533936e-02 -1.461317390203475952e-01 -1.028558835387229919e-01 -1.193593367934226990e-01 2.941137552261352539e-01 -4.244938492774963379e-01 -9.501945972442626953e-02 -1.476607620716094971e-01 9.537404030561447144e-02 -1.358632445335388184e-01 2.370187081396579742e-02 1.351944636553525925e-02 -3.315831422805786133e-01 -3.321410417556762695e-01 -1.146576404571533203e-01 -5.597813799977302551e-02 9.642023593187332153e-02 -1.287464611232280731e-02 -2.256059199571609497e-01 1.514445990324020386e-01 -2.789493799209594727e-01 -3.895132243633270264e-01 -5.134750157594680786e-02 -1.871969550848007202e-01 -5.219014734029769897e-02 -1.688856333494186401e-01 -1.162203550338745117e-01 1.097000539302825928e-01 -1.552528738975524902e-01 -3.524734079837799072e-01 -2.385153174400329590e-01 -3.075446188449859619e-01 4.413786809891462326e-03 2.245155721902847290e-02 4.199669659137725830e-01 -3.024745881557464600e-01 -7.845636457204818726e-02 2.443818934261798859e-02 -3.495714068412780762e-01 4.863316193222999573e-02 -2.136973440647125244e-01 -6.425765156745910645e-02 -1.823099106550216675e-01 -1.760369092226028442e-01 1.227657590061426163e-02 -4.135548323392868042e-02 1.365455687046051025e-01 6.554622948169708252e-02 -4.184399247169494629e-01 4.385997354984283447e-02 6.247359141707420349e-02 -1.587346196174621582e-01 -1.495645046234130859e-01 6.936896592378616333e-02 -3.587793409824371338e-01 -8.939699828624725342e-02 3.006159365177154541e-01 1.117974966764450073e-01 -2.352237850427627563e-01 2.022408321499824524e-02 -3.250954747200012207e-01 -2.755150496959686279e-01 -1.053592711687088013e-01 4.060340672731399536e-02 1.674493402242660522e-02 2.365915477275848389e-02 -1.989866644144058228e-01 -1.290411651134490967e-01 2.838028967380523682e-01 2.956092357635498047e-01 7.944411784410476685e-02 -4.383787512779235840e-01 6.215942651033401489e-02 2.338675707578659058e-01 -1.637694686651229858e-01 -3.568550338968634605e-03 -1.247366145253181458e-02 -1.820102706551551819e-02 -1.614719480276107788e-01 -3.295983374118804932e-01 -2.467581816017627716e-02 2.906107902526855469e-02 -1.744530647993087769e-01 -1.194270029664039612e-01 -1.531756669282913208e-01 -1.802116073668003082e-02 -4.758901894092559814e-02 -1.380816102027893066e-01 -2.223553806543350220e-01 -2.424903213977813721e-01 7.559984922409057617e-02 3.599312156438827515e-02 -6.272782385349273682e-02 3.301785327494144440e-03 1.880896389484405518e-01 -2.487591505050659180e-01 5.576526522636413574e-01 -1.936854571104049683e-01 -1.395761966705322266e-01 -1.920807212591171265e-01 -2.953077852725982666e-01 -2.662075757980346680e-01 -3.281690478324890137e-01 -8.173517137765884399e-02 -1.350284516811370850e-01 1.972514092922210693e-01 -4.478715360164642334e-02 -8.574523031711578369e-02 -6.904270499944686890e-02 -1.370389480143785477e-02 1.557887904345989227e-02 -2.762301079928874969e-02 -5.872369511052966118e-04 -1.211787685751914978e-01 4.691130518913269043e-01 -1.305143535137176514e-01 -5.337590575218200684e-01 2.287503778934478760e-01 1.111463159322738647e-01 3.284714818000793457e-01 1.041003838181495667e-01 -3.492431044578552246e-01 -3.380190134048461914e-01 -1.421640217304229736e-01 -1.920099109411239624e-01 1.050875931978225708e-01 2.291092723608016968e-01 2.665744535624980927e-02
4.553133994340896606e-02 1.112804282456636429e-02 -3.306866437196731567e-02 -3.890970349311828613e-02 5.430357414297759533e-04 -1.418258696794509888e-01 -1.105998829007148743e-01 -1.512138098478317261e-01 1.096969097852706909e-02 -8.541560918092727661e-02 2.992326617240905762e-01 -3.193415105342864990e-01 -7.801383733749389648e-02 -6.660176068544387817e-02 8.513065427541732788e-02 9.814568608999252319e-02 -2.552170772105455399e-03 -4.939181357622146606e-02 1.344248652458190918e-01 7.846971601247787476e-02 -4.431428760290145874e-02 6.816937774419784546e-02 7.118857651948928833e-02 -4.512919485569000244e-02 -3.156697750091552734e-01 9.727784991264343262e-02 -2.067873254418373108e-02 -1.145423278212547302e-01 -5.211807787418365479e-02 -1.781408190727233887e-01 1.568511500954627991e-02 -2.105550765991210938e-01 2.674683369696140289e-02 -9.109119325876235962e-02 -1.640432924032211304e-01 6.394185125827789307e-02 -6.080447882413864136e-02 -1.698260456323623657e-01 1.115254312753677368e-01 -1.289948169142007828e-02 2.232206463813781738e-01 -1.198286935687065125e-01 -2.679263427853584290e-02 1.746026277542114258e-01 6.809997558593750000e-02 -3.931959345936775208e-02 1.296184211969375610e-01 1.088716927915811539e-02 -2.133237272500991821e-01 4.803836345672607422e-04 1.173704955726861954e-02 -3.720335662364959717e-02 3.558178618550300598e-02 7.292963564395904541e-02 4.199511930346488953e-02 2.477079033851623535e-01 2.717187628149986267e-02 1.019059419631958008e-01 1.803285442292690277e-02 -3.513892740011215210e-02 -1.172657962888479233e-02 -8.313883095979690552e-02 -9.187510237097740173e-03 -6.670795381069183350e-02 -3.395760953426361084e-01 -1.161202341318130493e-01 1.007422432303428650e-01 1.740878634154796600e-02 -1.535780727863311768e-01 -3.742702305316925049e-02 1.156500205397605896e-01 1.174235120415687561e-01 -2.427091747522354126e-01 1.557447463274002075e-01 2.947853133082389832e-02 2.736155986785888672e-01 1.430355310440063477e-01 -1.207972317934036255e-01 1.321847587823867798e-01 1.549563109874725342e-01 -1.379086822271347046e-02 1.833548992872238159e-01 1.056227646768093109e-02 5.498406663537025452e-02 -2.387315034866333008e-02 1.005020737648010254e-01 -4.547380656003952026e-02 9.385951608419418335e-02 9.847306460142135620e-02 -4.811871349811553955e-01 2.018262296915054321e-01 -3.799587115645408630e-02 6.440166383981704712e-02 1.963378861546516418e-02 8.868535049259662628e-03 -9.469366818666458130e-02 -3.693312779068946838e-02 7.346759736537933350e-02 -2.857092022895812988e-02 -1.439622342586517334e-01 1.450508087873458862e-01 -1.130461990833282471e-01 -9.377988427877426147e-02 -6.734881084412336349e-03 1.912765949964523315e-01 1.476712971925735474e-01 -9.158695489168167114e-02 1.726049929857254028e-01 -3.412537574768066406e-01 3.320817649364471436e-02 7.824109494686126709e-02 -1.162465587258338928e-01 -1.484721302986145020e-01 7.639751583337783813e-02 2.458220720291137695e-01 -1.412583142518997192e-01 -2.974073886871337891e-01 -1.728625893592834473e-01 3.873712942004203796e-02 -1.479303743690252304e-02 -3.648458048701286316e-02 -1.089340448379516602e+00 -3.307007998228073120e-02 -9.854708611965179443e-02 -5.035487934947013855e-02 1.128563433885574341e-01 2.581129036843776703e-02 -9.201218187808990479e-02
-6.450901925563812256e-02 1.291069574654102325e-02 -2.710088193416595459e-01 -1.386596858501434326e-01 2.245221883058547974e-01 -5.613285303115844727e-01 -6.695645395666360855e-03 -1.156570166349411011e-01 2.175043150782585144e-02 -1.702925562858581543e-01 4.319795593619346619e-02 9.818412363529205322e-04 -1.334805339574813843e-01 -1.849444061517715454e-01 -1.269721239805221558e-01 5.020872130990028381e-02 5.520639941096305847e-02 5.963645502924919128e-02 -4.598318412899971008e-02 5.867145583033561707e-02 -5.669672042131423950e-02 -4.636973142623901367e-01 -3.948944620788097382e-03 8.135402947664260864e-02 -2.960825562477111816e-01 -2.370475232601165771e-01 -1.336766630411148071e-01 -9.379478543996810913e-02 -2.195999622344970703e-01 5.275624804198741913e-03 -1.551925390958786011e-01 -1.200627088546752930e-01 7.924999296665191650e-02 1.289521306753158569e-01 -1.067046541720628738e-02 -1.156417578458786011e-01 -1.032203882932662964e-01 -2.008227854967117310e-01 -1.622710376977920532e-02 2.075321823358535767e-01 9.772252291440963745e-03 -3.478859364986419678e-02 -1.118193417787551880e-01 -3.377237021923065186e-01 2.208916842937469482e-02 1.636679843068122864e-02 -6.935551762580871582e-02 -1.568033397197723389e-01 -9.201859682798385620e-02 -2.963401377201080322e-02 1.216762065887451172e-01 -3.797509893774986267e-02 -8.036464452743530273e-02 3.200514316558837891e-01 -3.712259531021118164e-01 -4.263674467802047729e-02 5.244487151503562927e-02 -7.213777303695678711e-02 -1.722376197576522827e-01 -2.014244347810745239e-01 -1.348172277212142944e-01 -1.748768240213394165e-01 -7.560214400291442871e-02 -7.449848949909210205e-02 -5.547359585762023926e-02 8.264988660812377930e-03 1.009374260902404785e-01 -1.308777779340744019e-01 -1.079945489764213562e-01 3.545917198061943054e-02 -1.187822148203849792e-01 -1.282696723937988281e-01 -3.456612527370452881e-01 1.043272092938423157e-01 -9.476207196712493896e-02 -3.616966307163238525e-03 -1.747066676616668701e-01 -5.624050274491310120e-02 -1.494376212358474731e-01 -2.360536456108093262e-01 2.455263957381248474e-02 1.119172293692827225e-02 -2.315893173217773438e-01 -1.951234042644500732e-01 -1.650589257478713989e-01 4.232663661241531372e-02 -1.463769674301147461e-01 -2.548642754554748535e-01 -1.522264480590820312e-01 -2.667006850242614746e-01 -2.351152747869491577e-01 2.753134630620479584e-02 -1.035754233598709106e-01 -1.340192109346389771e-01 2.598816454410552979e-01 -1.237409636378288269e-01 -2.624970376491546631e-01 -3.705406486988067627e-01 2.819394320249557495e-02 -1.767120659351348877e-01 -1.311905775219202042e-02 -3.908475115895271301e-02 -2.377976626157760620e-01 -1.784912496805191040e-01 3.025684878230094910e-02 1.671251952648162842e-01 -2.995948493480682373e-02 1.597048901021480560e-02 -2.714191675186157227e-01 5.826339125633239746e-02 -2.568387091159820557e-01 5.547143518924713135e-02 -2.009828537702560425e-01 -9.930755198001861572e-02 1.109737716615200043e-02 -3.966573253273963928e-02 5.979898944497108459e-02 -1.210193485021591187e-01 -5.776933953166007996e-02 5.805138871073722839e-02 -7.715034484863281250e-02 -1.833056360483169556e-01 1.496891863644123077e-02 -1.719083487987518311e-01 -1.984192728996276855e-01 1.351948380470275879e-01 1.166564822196960449e-01 -2.160196006298065186e-02
2.265266031026840210e-01 -2.406909503042697906e-02 1.591148078441619873e-01 -1.017223745584487915e-01 -2.899329066276550293e-01 2.879242300987243652e-01 5.297678709030151367e-02 2.173622846603393555e-01 9.504577517509460449e-02 8.680912107229232788e-02 -1.828184127807617188e-01 8.230083435773849487e-02 -1.010651662945747375e-01 4.025756195187568665e-02 4.680981859564781189e-02 -5.626645870506763458e-03 3.574240580201148987e-02 -2.719875276088714600e-01 -5.418676882982254028e-02 7.150784879922866821e-02 5.274143069982528687e-02 1.348739713430404663e-01 3.379846690222620964e-03 -6.325564347207546234e-03 -2.193802967667579651e-02 9.147679805755615234e-02 -1.357586830854415894e-01 -2.149384170770645142e-01 3.150796145200729370e-02 1.069293729960918427e-02 2.762755192816257477e-02 -4.132117331027984619e-02 7.844701409339904785e-02 -2.506285607814788818e-01 2.263020128011703491e-01 -7.756742089986801147e-02 1.802224516868591309e-01 -1.286095529794692993e-01 1.083782464265823364e-01 -1.691186726093292236e-01 -3.373310267925262451e-01 -1.962362676858901978e-01 -7.547235488891601562e-02 -1.026637479662895203e-02 -2.119283527135848999e-01 2.894995361566543579e-02 -7.567094173282384872e-03 -1.020003557205200195e-01 -1.452734041959047318e-02 -1.529529690742492676e-02 2.629880793392658234e-02 4.120080918073654175e-02 1.473643630743026733e-01 -2.178436964750289917e-01 2.917706593871116638e-02 1.669503301382064819e-01 3.181518241763114929e-02 1.208769343793392181e-02 2.443962842226028442e-01 -3.365591540932655334e-02 -3.372934833168983459e-02 7.907022535800933838e-02 1.507458537817001343e-01 -5.851150676608085632e-02 2.181063890457153320e-01 1.484992355108261108e-02 -2.616009712219238281e-01 -1.825870722532272339e-01 -1.194061189889907837e-01 -9.562946110963821411e-02 8.687222748994827271e-02 1.002133414149284363e-01 2.314363420009613037e-01 -2.945853769779205322e-02 1.672528386116027832e-01 6.366377323865890503e-02 -7.052072882652282715e-02 -2.052276581525802612e-01 -2.268421202898025513e-01 -7.243029773235321045e-02 -2.650918439030647278e-02 7.062652707099914551e-02 -8.605103939771652222e-02 1.875657141208648682e-01 1.704501211643218994e-01 -1.900766491889953613e-01 8.136596530675888062e-02 -1.319051831960678101e-01 -2.358990907669067383e-01 -2.257741242647171021e-02 4.525992646813392639e-02 -6.415696442127227783e-02 9.292400628328323364e-02 -9.640622884035110474e-02 -2.461307644844055176e-01 6.929512321949005127e-02 -1.094612032175064087e-01 3.356831520795822144e-02 3.945209458470344543e-02 1.089441105723381042e-01 1.924632638692855835e-01 -8.358839154243469238e-02 -9.611275047063827515e-02 1.469456851482391357e-01 9.749026596546173096e-02 -6.085798144340515137e-02 2.372288107872009277e-01 1.792208254337310791e-01 -1.972178220748901367e-01 7.596994191408157349e-02 -5.843580514192581177e-02 9.504737704992294312e-02 4.093184471130371094e-01 7.334980368614196777e-02 -1.832433789968490601e-01 3.799727559089660645e-02 4.136116057634353638e-02 1.031213849782943726e-01 -9.827212244272232056e-02 -1.225329935550689697e-02 -7.913970947265625000e-02 -1.438279151916503906e-01 3.906222432851791382e-02 -3.649822175502777100e-01 3.058254420757293701e-01 5.660444498062133789e-02 -1.081204637885093689e-01 4.303358867764472961e-02
1.792442426085472107e-02 -9.732145071029663086e-02 -1.929285377264022827e-02 1.713090986013412476e-01 1.744846552610397339e-01 8.870375342667102814e-03 -1.731108278036117554e-01 -9.464784711599349976e-02 -1.584037691354751587e-01 6.539227068424224854e-02 2.287709861993789673e-01 2.407761849462985992e-02 -4.861060157418251038e-02 -6.718093156814575195e-02 3.629956627264618874e-03 1.599556505680084229e-01 1.313640177249908447e-01 1.253001540899276733e-01 -1.914976537227630615e-02 1.181730180978775024e-01 2.084554731845855713e-02 8.632475510239601135e-03 -9.150953590869903564e-02 2.170514501631259918e-02 -4.512822255492210388e-02 9.397087991237640381e-02 1.773485168814659119e-02 -5.404004454612731934e-02 6.066351011395454407e-02 -1.147520393133163452e-01 8.508779108524322510e-02 1.239444017410278320e-01 2.172244898974895477e-02 2.556141279637813568e-02 -8.735773712396621704e-02 8.558335900306701660e-02 7.503685355186462402e-02 1.095779836177825928e-01 -4.128226544708013535e-03 -4.990058764815330505e-02 3.837775439023971558e-02 -9.490562230348587036e-02 1.357090473175048828e-01 3.147097229957580566e-01 8.803029358386993408e-02 1.863276809453964233e-01 1.157389208674430847e-01 -3.058068081736564636e-02 8.484337478876113892e-02 -5.504344403743743896e-02 -1.677010059356689453e-01 -2.206062152981758118e-02 5.812346935272216797e-03 3.479591012001037598e-02 4.458369687199592590e-02 -3.315718099474906921e-02 1.330247670412063599e-01 7.642640918493270874e-02 1.194850075989961624e-02 5.213136598467826843e-02 -2.533069252967834473e-02 -3.084780462086200714e-02 -1.407245695590972900e-01 3.389488905668258667e-02 -2.231598645448684692e-01 -9.533055871725082397e-02 -2.748981304466724396e-02 -1.590709388256072998e-01 -9.627804160118103027e-02 2.255038358271121979e-02 -3.644718229770660400e-02 5.839692428708076477e-02 -7.371167093515396118e-02 1.677546948194503784e-01 -1.622627824544906616e-01 -1.018272563815116882e-01 1.678569763898849487e-01 9.031295031309127808e-02 -1.062870994210243225e-01 1.874367333948612213e-02 -1.294089108705520630e-01 -1.277747750282287598e-01 -3.046637400984764099e-02 5.856832861900329590e-02 -2.536756545305252075e-02 5.402619019150733948e-02 -1.175743807107210159e-02 8.393977582454681396e-02 -1.015756279230117798e-01 -4.580796882510185242e-02 2.124765515327453613e-02 1.643968820571899414e-01 -1.311350613832473755e-01 7.646657526493072510e-02 2.352467030286788940e-01 -9.345099329948425293e-02 1.133751682937145233e-02 3.032224439084529877e-02 1.861747354269027710e-02 9.920654818415641785e-03 -8.994840830564498901e-02 8.362011611461639404e-02 -9.316178411245346069e-02 5.485457950271666050e-04 -2.118968591094017029e-02 8.913850784301757812e-02 -1.272992193698883057e-01 1.138779073953628540e-01 -9.967295080423355103e-02 -1.313010901212692261e-01 -4.862454533576965332e-02 1.565632075071334839e-01 5.453912168741226196e-02 -5.020114779472351074e-02 8.945564925670623779e-02 2.837014570832252502e-02 1.237919777631759644e-01 -4.012400284409523010e-02 -8.792413026094436646e-02 7.159744948148727417e-02 5.906403064727783203e-02 5.470704659819602966e-02 1.329325139522552490e-01 1.295522004365921021e-01 7.861457765102386475e-02 -2.925361879169940948e-02 -3.178689256310462952e-02 -1.199351698160171509e-01
6.406328082084655762e-02 -1.883617788553237915e-01 -8.666737377643585205e-02 6.589590013027191162e-02 4.360013082623481750e-02 -2.299079596996307373e-01 -7.143874466419219971e-02 -6.610581278800964355e-02 1.642008721828460693e-01 1.814256049692630768e-02 1.214888840913772583e-01 -9.090908616781234741e-02 -5.293872207403182983e-02 -3.321475684642791748e-01 -2.414943128824234009e-01 3.174036368727684021e-02 -1.654650457203388214e-02 1.452620476484298706e-01 -1.347352564334869385e-01 -1.270698457956314087e-01 -7.865332812070846558e-02 -1.258028000593185425e-01 -1.370779126882553101e-01 1.697843335568904877e-02 -1.303733587265014648e-01 -3.109742328524589539e-02 -6.689617037773132324e-02 5.442946031689643860e-02 7.801595330238342285e-02 -6.756631284952163696e-02 4.755464941263198853e-02 5.991416797041893005e-02 -4.174355417490005493e-02 1.160988062620162964e-01 1.599112749099731445e-01 -1.239902600646018982e-01 -1.929595251567661762e-03 2.004038393497467041e-01 8.943468332290649414e-02 1.157192066311836243e-01 1.627915501594543457e-01 -7.448626309633255005e-02 7.548442482948303223e-02 -3.715074434876441956e-02 1.742699742317199707e-01 7.966998219490051270e-02 8.955449610948562622e-02 1.599473953247070312e-01 -5.473124980926513672e-02 -3.090833127498626709e-02 4.146431758999824524e-02 1.670303791761398315e-01 -3.760293498635292053e-02 2.877564728260040283e-02 8.817224204540252686e-02 -6.039359793066978455e-02 4.354891180992126465e-02 1.129568889737129211e-01 -6.701165437698364258e-02 -6.378438323736190796e-02 6.960770487785339355e-02 1.104961857199668884e-01 -8.121099323034286499e-02 2.189300023019313812e-02 7.074566185474395752e-02 9.864668548107147217e-02 7.058946788311004639e-02 1.118774116039276123e-01 2.018106542527675629e-02 -6.223707273602485657e-02 -7.514656335115432739e-02 3.083706274628639221e-02 8.693977445363998413e-02 4.946034774184226990e-02 -4.920082539319992065e-02 2.198266424238681793e-02 -4.781131818890571594e-02 1.240613833069801331e-01 6.056749075651168823e-02 -4.361265003681182861e-01 -1.167467832565307617e-01 -4.863597452640533447e-02 1.315889656543731689e-01 1.111307218670845032e-01 -5.586783960461616516e-02 2.042862772941589355e-01 7.795281708240509033e-02 5.880683660507202148e-02 -8.949974179267883301e-02 -3.160869777202606201e-01 4.631466791033744812e-02 2.815288491547107697e-02 7.067795097827911377e-02 -9.083382785320281982e-02 -1.937332451343536377e-01 -1.109068840742111206e-01 1.607405543327331543e-01 2.789626829326152802e-02 -3.270017355680465698e-02 8.280982822179794312e-02 -1.949483454227447510e-01 1.416351832449436188e-02 -1.187677159905433655e-01 -9.549571201205253601e-03 8.392183482646942139e-02 9.349030256271362305e-02 -1.154119148850440979e-01 -3.159327059984207153e-02 -3.834891319274902344e-01 4.170838743448257446e-02 -5.878115445375442505e-02 -9.435217082500457764e-02 1.115666255354881287e-01 1.984961330890655518e-01 8.780977874994277954e-02 -3.047382272779941559e-02 -8.651266992092132568e-02 4.963056370615959167e-02 -4.136988520622253418e-02 1.864365190267562866e-01 1.641573607921600342e-01 -1.653694212436676025e-01 -9.271106123924255371e-02 -5.715686827898025513e-02 -4.565316811203956604e-02 9.191960841417312622e-02 2.925077266991138458e-02 -8.972045779228210449e-02
-6.224206881597638130e-04 -4.123221337795257568e-02 9.082669019699096680e-02 -3.173157200217247009e-02 5.878292024135589600e-03 -1.168653592467308044e-01 -3.501030057668685913e-02 -7.625142578035593033e-03 -2.279278188943862915e-01 -4.688186943531036377e-02 -1.046831626445055008e-02 -1.635151207447052002e-01 -1.063099279999732971e-01 -5.391348153352737427e-02 -1.379544287919998169e-01 1.249166429042816162e-01 1.183048337697982788e-01 -1.749886944890022278e-02 1.106456518173217773e-01 6.685417145490646362e-03 6.892054527997970581e-02 -4.340861365199089050e-02 -3.072108328342437744e-02 3.707457333803176880e-02 -9.850576519966125488e-02 -1.240231394767761230e-01 1.831921190023422241e-01 6.640131771564483643e-02 1.261595357209444046e-02 1.944841295480728149e-01 -2.785573154687881470e-02 1.018291786313056946e-01 5.406751763075590134e-03 8.094520121812820435e-02 4.929961636662483215e-03 1.044660806655883789e-02 1.206001788377761841e-01 2.842693217098712921e-02 -5.897028744220733643e-02 -3.842228278517723083e-02 -1.672574430704116821e-01 -1.070237457752227783e-01 1.307338923215866089e-01 -1.135149374604225159e-01 7.882598042488098145e-02 5.728705227375030518e-02 2.606865391135215759e-02 2.007496953010559082e-01 1.450149863958358765e-01 -1.123440712690353394e-01 -1.213342994451522827e-01 4.030029103159904480e-02 -1.166250631213188171e-01 2.432165108621120453e-02 -7.267171144485473633e-02 -1.457232795655727386e-02 -1.623347252607345581e-01 8.937680721282958984e-02 1.591677367687225342e-01 -8.575258404016494751e-02 -1.032011508941650391e-01 2.225594073534011841e-01 -1.726229488849639893e-01 -2.246761508285999298e-02 3.269807398319244385e-01 -1.135914251208305359e-01 -2.505881339311599731e-02 1.729518473148345947e-01 1.214595437049865723e-01 1.778081804513931274e-02 -1.956539452075958252e-01 2.600420713424682617e-01 -7.022888213396072388e-02 -2.817113324999809265e-02 -1.001935750246047974e-01 -4.790340550243854523e-03 2.641627788543701172e-01 -1.973099261522293091e-01 8.595756255090236664e-03 -7.188914716243743896e-02 -1.013774126768112183e-01 9.918527305126190186e-02 -7.077191025018692017e-02 1.142342574894428253e-02 -1.126507967710494995e-01 -4.100761190056800842e-02 8.871430158615112305e-02 -5.812449753284454346e-02 9.961159527301788330e-02 -1.486593931913375854e-01 -4.029881954193115234e-02 -5.769880488514900208e-02 3.029537945985794067e-02 6.017378717660903931e-02 3.137790132313966751e-03 1.267441064119338989e-01 -1.883169859647750854e-01 7.296687364578247070e-02 -8.338727056980133057e-02 6.550259143114089966e-02 -2.463219910860061646e-01 1.998508870601654053e-01 6.870250403881072998e-02 -3.135839477181434631e-02 1.532030552625656128e-01 1.127032265067100525e-01 3.262699395418167114e-02 3.437327593564987183e-02 -5.847098678350448608e-02 3.257947415113449097e-02 -1.722460379824042320e-03 5.273888260126113892e-02 1.695796847343444824e-02 -7.645036280155181885e-02 -5.683257430791854858e-02 2.052256464958190918e-01 9.662781655788421631e-02 -9.594837576150894165e-02 -1.136392205953598022e-01 1.172102838754653931e-01 1.053233668208122253e-01 3.387106955051422119e-01 1.489631086587905884e-01 5.002865567803382874e-02 -7.386111468076705933e-02 -1.809999793767929077e-01 1.091968193650245667e-01 -1.009643003344535828e-01
-9.628158807754516602e-02 -8.186067640781402588e-02 -6.007307022809982300e-02 -8.168726414442062378e-02 -2.371862977743148804e-01 3.408747613430023193e-01 6.358244270086288452e-02 -6.735932081937789917e-02 4.565274808555841446e-03 3.071694672107696533e-01 -1.896008551120758057e-01 4.278867971152067184e-03 -3.028622269630432129e-02 3.115802407264709473e-01 2.979736924171447754e-01 2.412202395498752594e-02 2.722848579287528992e-02 -6.976813077926635742e-02 -7.898533716797828674e-03 -2.498459666967391968e-01 1.105867326259613037e-01 -2.405971288681030273e-02 9.892241656780242920e-02 2.416431605815887451e-01 7.413717359304428101e-02 3.175868093967437744e-02 6.633942946791648865e-03 -1.236540079116821289e-01 1.188442260026931763e-01 5.014590453356504440e-03 8.448233455419540405e-02 -4.647928476333618164e-02 1.439503282308578491e-01 5.184352770447731018e-02 -1.751694977283477783e-01 1.203945353627204895e-01 -1.092818379402160645e-01 -1.889324337244033813e-01 4.482677280902862549e-01 -3.362222388386726379e-02 -3.799287676811218262e-01 1.855264753103256226e-01 -9.025546722114086151e-03 -3.434309735894203186e-02 7.087061647325754166e-03 2.120666019618511200e-02 -1.190645992755889893e-02 -3.451555594801902771e-02 8.957778662443161011e-02 -8.035811781883239746e-02 -7.581363618373870850e-02 -1.270427554845809937e-01 9.465059638023376465e-02 3.514326643198728561e-03 9.863655269145965576e-02 7.233950495719909668e-02 9.764644503593444824e-02 -2.238010428845882416e-02 1.447701826691627502e-02 -1.240295022726058960e-01 -3.788949921727180481e-02 2.450659573078155518e-01 -5.857222899794578552e-02 1.975686699151992798e-01 -3.085744753479957581e-02 1.583116501569747925e-01 5.000550746917724609e-01 3.502233624458312988e-01 -7.623814791440963745e-02 3.757137060165405273e-02 -4.151761531829833984e-02 2.973095327615737915e-02 -1.288065016269683838e-01 -2.071799039840698242e-01 -9.696916490793228149e-02 -2.468531206250190735e-02 4.028147086501121521e-02 4.816683530807495117e-01 6.985373497009277344e-01 2.122082263231277466e-01 -4.207176622003316879e-03 7.313020527362823486e-02 -8.194925785064697266e-01 -6.408120691776275635e-02 2.448515221476554871e-02 -1.247755065560340881e-01 -9.074585139751434326e-02 8.213496208190917969e-02 -6.375651955604553223e-01 1.546263843774795532e-01 8.600543439388275146e-02 -4.358296841382980347e-02 2.227498777210712433e-02 -1.352093555033206940e-02 -3.080084621906280518e-01 2.507922351360321045e-01 8.846990764141082764e-02 -3.148586954921483994e-03 8.208353817462921143e-02 -9.911258518695831299e-02 3.512653708457946777e-01 -7.575410604476928711e-02 -1.297127902507781982e-01 -4.928444325923919678e-02 -3.671836480498313904e-02 -1.240983977913856506e-01 2.405285239219665527e-01 -1.565757691860198975e-01 1.897389441728591919e-01 1.354146841913461685e-02 -4.387749359011650085e-02 3.970529884099960327e-02 -1.096822246909141541e-01 -1.124592274427413940e-01 -2.007882148027420044e-01 -1.179773882031440735e-01 1.399823185056447983e-02 -2.588075995445251465e-01 -3.779232501983642578e-02 -2.074187844991683960e-01 -7.197807729244232178e-02 1.049959287047386169e-01 -1.002434175461530685e-02 -6.766252964735031128e-02 -1.680433303117752075e-01 -7.557304948568344116e-02 -9.192904084920883179e-02 9.172938019037246704e-02
8.016805350780487061e-02 1.455833315849304199e-01 2.538172760978341103e-03 -3.773899376392364502e-02 -9.301209822297096252e-03 4.602348804473876953e-02 -3.061303682625293732e-02 -1.793120056390762329e-01 2.160923928022384644e-02 -1.409174525178968906e-03 6.987934559583663940e-02 -3.410100936889648438e-02 3.160971403121948242e-02 -9.882050566375255585e-03 1.455061137676239014e-01 -1.375503242015838623e-01 -1.929103285074234009e-01 -2.706729993224143982e-02 -3.799011185765266418e-02 -1.560622639954090118e-02 -2.660718746483325958e-02 -3.388960659503936768e-02 6.554568558931350708e-02 -9.277667105197906494e-02 -1.546707153320312500e-01 -5.540462210774421692e-02 1.115441545844078064e-01 -8.546152710914611816e-02 -2.339434027671813965e-01 2.227691560983657837e-02 2.400569170713424683e-01 3.232005611062049866e-02 -1.006077527999877930e-01 2.472967840731143951e-02 4.795333370566368103e-02 1.500700321048498154e-02 -5.135185644030570984e-02 1.117450650781393051e-03 -2.229630798101425171e-01 -1.792662143707275391e-01 -2.224915176630020142e-01 -2.896309494972229004e-01 5.979419499635696411e-02 2.095527946949005127e-01 3.747218474745750427e-02 -7.250274717807769775e-02 -7.381245493888854980e-02 8.553881198167800903e-02 3.787887841463088989e-02 -7.019478082656860352e-02 7.779774069786071777e-02 -3.397641237825155258e-03 -4.181450605392456055e-02 2.542162500321865082e-02 -7.466129492968320847e-03 4.150124266743659973e-02 -1.639208942651748657e-02 -3.540786728262901306e-02 6.057393178343772888e-02 -4.329147562384605408e-02 -2.717291191220283508e-02 3.045995831489562988e-01 4.033592715859413147e-02 -6.215874571353197098e-03 -1.174693480134010315e-01 -7.244533300399780273e-02 1.750503033399581909e-01 -1.667365878820419312e-01 -7.705746591091156006e-02 8.439695811830461025e-04 -1.598272323608398438e-01 -2.319508790969848633e-01 -8.890115469694137573e-02 -3.780361963436007500e-03 -1.053334698081016541e-01 7.729029655456542969e-02 1.193641647696495056e-01 1.092010438442230225e-01 -1.324539631605148315e-01 -1.050780639052391052e-01 1.116489842534065247e-01 -8.162179589271545410e-02 3.229987919330596924e-01 -9.816130250692367554e-02 9.748344123363494873e-02 -1.545584797859191895e-01 -8.039883337914943695e-03 8.319429308176040649e-02 -6.231259554624557495e-02 -5.813317373394966125e-02 7.192006707191467285e-02 1.884681358933448792e-02 9.272344410419464111e-03 7.236377894878387451e-02 8.801890164613723755e-02 4.450899362564086914e-02 5.805909677292220294e-05 1.922812163829803467e-01 -4.610141366720199585e-02 9.570086002349853516e-02 1.715573668479919434e-01 -4.028418287634849548e-02 5.461305007338523865e-02 2.207907289266586304e-01 -2.491797553375363350e-03 8.763196878135204315e-03 -6.940074265003204346e-02 -3.531659394502639771e-02 -1.428667176514863968e-02 -5.280827730894088745e-02 1.549761369824409485e-02 -4.070146940648555756e-03 -7.286117225885391235e-02 -8.126690052449703217e-03 5.605456884950399399e-03 -7.859520614147186279e-02 1.200563237071037292e-01 3.862774744629859924e-02 -9.366275370121002197e-02 2.280855737626552582e-02 9.686872363090515137e-02 -1.068915612995624542e-02 5.162244662642478943e-02 -3.154288232326507568e-02 1.300079971551895142e-01 1.108551993966102600e-01 2.169503644108772278e-02 2.345141395926475525e-02
1.903341412544250488e-01 9.726069867610931396e-02 1.835712939500808716e-01 -1.720475405454635620e-01 1.347260177135467529e-02 3.379108011722564697e-02 1.156071051955223083e-01 -6.471066176891326904e-02 2.352682948112487793e-01 9.829794615507125854e-02 -4.137217625975608826e-02 2.512538731098175049e-01 -3.571569547057151794e-02 2.090691030025482178e-01 8.767142891883850098e-02 -9.312883019447326660e-02 -9.879204630851745605e-02 -1.203393489122390747e-01 8.628614246845245361e-03 -1.029791161417961121e-01 -4.078654572367668152e-03 8.631389588117599487e-02 -2.105018310248851776e-02 -7.117527723312377930e-02 1.572173833847045898e-01 1.950402557849884033e-01 -6.992316991090774536e-02 3.043295443058013916e-02 -1.034851148724555969e-01 1.318696700036525726e-02 -4.830393195152282715e-02 -2.580205909907817841e-02 7.321536540985107422e-02 -4.520388320088386536e-02 -3.916612640023231506e-02 2.472986429929733276e-01 -2.289308607578277588e-02 -3.900320734828710556e-03 5.028599500656127930e-02 -3.805696219205856323e-02 4.766582511365413666e-03 1.668267250061035156e-01 -1.193598955869674683e-01 4.387837275862693787e-02 8.982353610917925835e-04 6.745717674493789673e-02 -8.327061682939529419e-02 -1.223519444465637207e-01 -4.763874411582946777e-02 -5.867785215377807617e-02 -2.212936757132411003e-03 -1.561252474784851074e-01 2.357060015201568604e-01 3.589177504181861877e-02 3.032121062278747559e-02 1.366878449916839600e-01 6.029345840215682983e-02 -2.900255657732486725e-02 -1.908460259437561035e-01 3.980579227209091187e-02 7.517722900956869125e-03 1.626693904399871826e-01 -7.359924912452697754e-02 1.088625267148017883e-01 -1.582359522581100464e-01 1.823278702795505524e-02 2.075368352234363556e-02 -2.838994842022657394e-03 2.687048725783824921e-02 -2.328962236642837524e-01 6.312879268079996109e-03 1.156249120831489563e-01 4.205099120736122131e-02 1.379274874925613403e-01 1.466753892600536346e-02 1.579329520463943481e-01 -3.262409567832946777e-02 -4.457489028573036194e-02 6.425639241933822632e-02 3.744850680232048035e-02 1.940179243683815002e-02 3.973583132028579712e-02 1.882562488317489624e-01 1.318502426147460938e-01 7.346798479557037354e-02 3.292986378073692322e-02 -6.463333219289779663e-02 -1.716056019067764282e-01 -3.122828342020511627e-02 2.527186274528503418e-01 2.322539985179901123e-01 2.747831046581268311e-01 -2.917917631566524506e-02 -1.365618109703063965e-01 1.641482301056385040e-02 -1.705276817083358765e-01 2.550949752330780029e-01 -3.268039226531982422e-02 -1.385434269905090332e-01 -1.399178653955459595e-01 2.829789370298385620e-02 -1.164349168539047241e-01 8.206310123205184937e-02 1.132696121931076050e-01 -1.504783183336257935e-01 -2.020778059959411621e-01 2.615992212668061256e-03 -7.342386841773986816e-01 1.423609256744384766e-01 6.326399743556976318e-02 -4.011202231049537659e-02 -5.284738913178443909e-02 -7.048334460705518723e-03 -2.810331620275974274e-02 3.440630808472633362e-02 -1.370119154453277588e-01 -2.540745735168457031e-01 -6.915200501680374146e-02 -2.311128564178943634e-02 -3.948393091559410095e-02 -8.415103703737258911e-02 -3.002842068672180176e-01 3.400164842605590820e-02 -1.310602109879255295e-02 4.238371271640062332e-03 1.494693905115127563e-01 -1.007843613624572754e-01 2.292816340923309326e-01
1.522391140460968018e-01 5.610998719930648804e-02 3.035247325897216797e-02 -9.477640688419342041e-02 9.264581650495529175e-02 2.186814844608306885e-01 -8.181355893611907959e-02 5.328200757503509521e-02 1.143410429358482361e-01 1.374490745365619659e-02 -3.325814381241798401e-02 2.636839449405670166e-02 6.268801540136337280e-02 -1.533532738685607910e-01 1.612915992736816406e-01 1.088941916823387146e-01 -8.313420414924621582e-02 -6.446975469589233398e-02 -2.245741337537765503e-01 -5.396089702844619751e-02 3.137571737170219421e-02 1.461349613964557648e-02 -1.293268948793411255e-01 -1.496127396821975708e-01 3.044154644012451172e-01 3.728699404746294022e-03 -4.834813624620437622e-02 8.861587196588516235e-02 -5.675806105136871338e-02 -3.840124607086181641e-02 1.272269785404205322e-01 2.572096697986125946e-02 2.145878598093986511e-02 -1.989375203847885132e-01 8.745916932821273804e-02 5.602398514747619629e-01 4.973351582884788513e-02 -6.627849489450454712e-02 -1.734285801649093628e-01 -1.017734594643115997e-02 -2.941196598112583160e-02 -2.634056806564331055e-01 -1.809654831886291504e-01 -2.011799961328506470e-01 -1.312489360570907593e-01 1.204563155770301819e-01 4.130451940000057220e-03 -2.427936345338821411e-01 1.547779589891433716e-01 1.349642872810363770e-03 1.718537323176860809e-02 -7.772886194288730621e-03 1.257031876593828201e-02 2.014103531837463379e-02 -3.730516135692596436e-02 8.676891773939132690e-02 2.470903098583221436e-01 -4.349743202328681946e-02 2.498965943232178688e-03 5.128358304500579834e-02 1.731249392032623291e-01 1.070491969585418701e-01 7.115642726421356201e-02 -1.118732541799545288e-01 -1.900535374879837036e-01 -9.054227918386459351e-02 -2.639561332762241364e-02 1.117349267005920410e-01 7.514289021492004395e-02 1.169979125261306763e-01 -1.006207838654518127e-01 2.350501418113708496e-01 -3.337076678872108459e-02 4.414616525173187256e-02 4.651384428143501282e-03 -5.769776552915573120e-02 -5.283884406089782715e-01 -5.735335126519203186e-02 -1.411819756031036377e-01 -2.308670878410339355e-01 -7.871624082326889038e-02 -1.699133217334747314e-01 -3.237949684262275696e-02 -1.915859133005142212e-01 6.410973612219095230e-03 -8.832857012748718262e-02 1.211234554648399353e-01 -2.900182902812957764e-01 -4.637965187430381775e-02 1.028640151023864746e+00 -2.381467074155807495e-01 2.184615582227706909e-01 -6.672295182943344116e-02 2.359608188271522522e-03 1.901294589042663574e-01 3.856955841183662415e-02 -2.398733943700790405e-01 -1.764562427997589111e-01 -2.321803942322731018e-02 -2.066027373075485229e-03 1.347445184364914894e-03 2.082208096981048584e-01 -1.812281906604766846e-01 -3.854909911751747131e-02 -1.005973145365715027e-01 3.344004228711128235e-02 -8.043549209833145142e-02 -1.654028594493865967e-01 7.487563043832778931e-02 -2.015774697065353394e-01 -2.198278754949569702e-01 -9.765332192182540894e-02 2.059121876955032349e-01 -1.738102734088897705e-01 -3.076286613941192627e-02 -8.587493747472763062e-02 3.280742466449737549e-02 1.761940494179725647e-02 -5.207861587405204773e-02 8.508627116680145264e-02 -2.166894450783729553e-02 -4.122525155544281006e-01 -9.280014038085937500e-02 -2.533063590526580811e-01 -5.960299074649810791e-02 -2.178138494491577148e-02 -5.656599998474121094e-03 -2.905029058456420898e-02
-8.427509665489196777e-02 1.328214704990386963e-01 9.225454926490783691e-02 -1.657229103147983551e-02 9.597960859537124634e-02 -9.462332725524902344e-02 3.567100316286087036e-02 -1.192214563488960266e-01 2.561753499321639538e-04 1.827509552240371704e-01 -3.045445121824741364e-02 -1.407576026394963264e-03 -7.494182325899600983e-03 7.374031096696853638e-02 -1.668537259101867676e-01 6.116050295531749725e-03 -1.347534358501434326e-01 -2.469525486230850220e-02 -7.816826552152633667e-02 -1.973552815616130829e-02 7.119946926832199097e-02 -2.905099093914031982e-01 -2.076002769172191620e-02 -2.737390995025634766e-01 5.308030918240547180e-02 -1.893600076436996460e-01 3.097652196884155273e-01 -1.685675531625747681e-01 1.205754950642585754e-01 -2.125186920166015625e-01 5.818967148661613464e-02 -3.900416567921638489e-02 -7.354705780744552612e-02 7.025864720344543457e-02 -2.437684088945388794e-01 5.644630268216133118e-02 -6.672053039073944092e-02 8.891298621892929077e-02 5.734846368432044983e-02 -4.956572502851486206e-02 4.533837735652923584e-02 -2.791654765605926514e-01 -2.775300294160842896e-02 -1.701002120971679688e-01 -2.013036282733082771e-03 8.212847262620925903e-02 -8.196898549795150757e-02 -1.342164129018783569e-01 -1.282809209078550339e-02 5.361884832382202148e-03 5.341132730245590210e-02 1.246048882603645325e-01 -1.526157557964324951e-01 4.726490005850791931e-02 1.548693627119064331e-01 -4.539615288376808167e-02 -1.068497635424137115e-02 1.415868401527404785e-01 6.708368659019470215e-02 6.578940898180007935e-02 -4.440138116478919983e-02 1.953847147524356842e-02 -9.683013707399368286e-02 9.691986441612243652e-02 -2.812895774841308594e-01 -1.660673134028911591e-02 -7.796321809291839600e-02 -2.551656402647495270e-02 -1.685469299554824829e-01 -5.211224779486656189e-02 -8.633980900049209595e-02 1.283869892358779907e-01 -1.553012579679489136e-01 -7.352220267057418823e-02 3.141410648822784424e-02 1.624033451080322266e-01 -1.609691083431243896e-01 7.047291100025177002e-02 -4.812637344002723694e-02 6.779772043228149414e-02 6.206392496824264526e-02 -1.309701334685087204e-02 -2.690156698226928711e-01 1.647275988943874836e-03 -3.779479116201400757e-02 -4.366607964038848877e-02 -1.684390567243099213e-02 -5.732762068510055542e-02 -1.123392581939697266e-01 -7.955248467624187469e-03 4.942216351628303528e-02 -2.291256189346313477e-02 1.055050715804100037e-01 2.188566327095031738e-02 1.109790652990341187e-01 5.024945735931396484e-02 1.202861964702606201e-01 1.601230911910533905e-02 7.427585311233997345e-03 3.498018905520439148e-02 -2.328423969447612762e-02 -1.217077970504760742e-01 1.276212781667709351e-01 -4.171248897910118103e-02 3.087810985743999481e-02 8.961384743452072144e-02 -1.776685863733291626e-01 -8.093576878309249878e-02 3.577898815274238586e-02 -2.573310434818267822e-01 -4.268996417522430420e-02 -2.146924287080764771e-01 -1.596140563488006592e-01 1.314214169979095459e-01 3.186462819576263428e-02 1.212420761585235596e-01 -9.865488111972808838e-02 1.364691406488418579e-01 -1.106478422880172729e-01 9.908280521631240845e-02 5.933468788862228394e-02 -7.977124303579330444e-02 -9.083756059408187866e-02 -5.935097113251686096e-02 -9.803511947393417358e-02 1.196334064006805420e-01 -4.875127226114273071e-02 6.572898477315902710e-03
3.523544967174530029e-02 5.482200160622596741e-02 4.777535423636436462e-02 1.241925805807113647e-01 7.143721450120210648e-03 -1.877637803554534912e-01 8.259028196334838867e-02 -1.831946372985839844e-01 1.675844490528106689e-01 -1.659268140792846680e-01 -6.961704045534133911e-02 4.046065732836723328e-02 -8.248894661664962769e-02 -1.120084375143051147e-01 3.353011980652809143e-02 -1.972921006381511688e-02 2.269205823540687561e-02 -1.323531121015548706e-01 5.523788556456565857e-02 1.198871210217475891e-01 -3.838172554969787598e-02 -1.482153981924057007e-01 1.816734299063682556e-02 -2.390995919704437256e-01 -2.211480028927326202e-02 -9.814179688692092896e-02 -6.270207464694976807e-02 1.300121396780014038e-01 -9.430239349603652954e-02 -3.024138510227203369e-01 -8.076988160610198975e-02 -2.157721519470214844e-01 7.216174900531768799e-02 -5.135804042220115662e-02 5.973904207348823547e-02 -4.666110128164291382e-02 -1.924492046236991882e-02 9.631881117820739746e-02 4.498844966292381287e-02 -4.467875510454177856e-02 -3.494731783866882324e-01 -2.153418213129043579e-02 -1.795247048139572144e-01 2.081665396690368652e-02 3.955562785267829895e-02 -5.716550722718238831e-02 1.380809247493743896e-01 4.637386277318000793e-02 -1.531224548816680908e-01 -8.119067549705505371e-02 1.005468964576721191e-01 1.069698184728622437e-01 -3.736730664968490601e-02 8.186985552310943604e-02 -3.016355037689208984e-01 5.705434363335371017e-03 -5.391729995608329773e-03 4.371213540434837341e-02 -1.037443950772285461e-01 1.843532174825668335e-01 -2.590214312076568604e-01 -5.192685499787330627e-02 -3.816729411482810974e-02 1.582505106925964355e-01 -6.709711998701095581e-02 -5.344720929861068726e-02 -2.106385231018066406e-01 -2.311491519212722778e-01 4.345782473683357239e-02 5.607120692729949951e-02 1.193229407072067261e-01 -1.587319523096084595e-01 1.568667441606521606e-01 7.822393625974655151e-02 1.012914925813674927e-01 7.828334718942642212e-02 1.024384126067161560e-01 -1.928987503051757812e-01 -2.806384861469268799e-02 8.765472099184989929e-03 -5.930993333458900452e-02 4.755190387368202209e-02 -4.553977400064468384e-02 9.148599952459335327e-02 1.660142540931701660e-01 1.719564199447631836e-02 -1.136874854564666748e-01 4.793017730116844177e-02 -2.239891290664672852e-01 -7.941811531782150269e-02 8.025182783603668213e-02 4.038599878549575806e-02 -1.435843259096145630e-01 6.104978919029235840e-02 9.704712033271789551e-02 -1.292270421981811523e-01 2.911651432514190674e-01 3.612388297915458679e-02 -1.407768875360488892e-01 -1.358717530965805054e-01 -3.476424887776374817e-02 -1.809391081333160400e-01 -5.889623239636421204e-02 2.561893165111541748e-01 -8.832261711359024048e-02 5.427575856447219849e-02 -5.102440342307090759e-02 1.242510899901390076e-01 -5.014633759856224060e-02 7.169778645038604736e-02 -2.604649402201175690e-03 1.006758958101272583e-02 2.041366249322891235e-01 4.118281230330467224e-02 1.375272423028945923e-01 -1.848643459379673004e-02 -8.166733384132385254e-02 -2.895060554146766663e-02 8.945507556200027466e-02 8.994612097740173340e-02 -1.186083927750587463e-01 -1.241721063852310181e-01 -3.209638968110084534e-02 -2.748852372169494629e-01 1.928377524018287659e-02 1.889136135578155518e-01 -5.577760189771652222e-02 -2.348997257649898529e-02
-6.652040779590606689e-02 -5.537465214729309082e-02 -3.924721851944923401e-02 -1.052324771881103516e-01 -1.918372511863708496e-02 -8.529165387153625488e-02 -1.314881891012191772e-01 -6.219131126999855042e-02 1.216774806380271912e-01 1.050881668925285339e-01 -4.296679049730300903e-02 8.304937183856964111e-02 1.058666482567787170e-01 -1.379447150975465775e-02 -1.020202529616653919e-03 -1.137051582336425781e-01 6.081934273242950439e-02 9.585809707641601562e-02 -1.993039436638355255e-02 1.908355206251144409e-02 -7.360459119081497192e-02 3.160344064235687256e-02 -7.075872272253036499e-02 -7.385234534740447998e-02 5.326101183891296387e-02 4.196837544441223145e-02 6.198991090059280396e-02 -3.357325121760368347e-02 -4.234873130917549133e-02 -1.349542886018753052e-01 -2.419170551002025604e-02 9.230361320078372955e-03 -6.036691833287477493e-03 -3.690604865550994873e-02 -7.829212397336959839e-02 1.911609247326850891e-02 9.111209213733673096e-02 -6.160723790526390076e-02 8.186898380517959595e-02 2.217241190373897552e-02 1.080115512013435364e-01 -1.005818694829940796e-01 -6.951697915792465210e-02 7.190597802400588989e-02 1.478925440460443497e-02 2.388903405517339706e-03 -9.619865566492080688e-02 -7.890127599239349365e-02 -2.541339769959449768e-02 -2.315324544906616211e-02 4.450674355030059814e-02 3.515578433871269226e-02 -1.964071579277515411e-02 1.342650596052408218e-02 1.863199025392532349e-01 -4.686554521322250366e-02 1.069351658225059509e-01 -1.926294341683387756e-02 -4.190192744135856628e-02 8.763681352138519287e-02 1.120902374386787415e-01 3.561913035809993744e-04 6.682387739419937134e-02 -1.806692183017730713e-01 -9.489546716213226318e-02 6.091803312301635742e-02 1.002486143261194229e-02 7.753428816795349121e-02 -5.731274932622909546e-02 2.731943316757678986e-02 -7.509720325469970703e-02 -1.155613642185926437e-02 9.790933132171630859e-02 1.079873442649841309e-01 3.156428784132003784e-02 6.588903069496154785e-02 -1.141102612018585205e-01 2.019711828324943781e-04 -7.249931246042251587e-02 8.375012129545211792e-02 7.892709970474243164e-02 2.324616536498069763e-02 2.039217390120029449e-03 -4.110724478960037231e-02 -9.861464053392410278e-02 -8.130969107151031494e-02 -2.339962637051939964e-03 -1.200292259454727173e-02 -1.154962107539176941e-01 -9.728145599365234375e-02 1.648636162281036377e-01 1.422500014305114746e-01 -7.601526379585266113e-02 -1.136260293424129486e-02 -2.760730450972914696e-03 -2.390609383583068848e-01 -1.884405314922332764e-01 1.813434362411499023e-01 9.096351265907287598e-02 5.801581591367721558e-02 -1.340749710798263550e-01 -5.161030218005180359e-02 4.753595590591430664e-02 -2.989982254803180695e-02 -2.693587169051170349e-02 -2.695741876959800720e-02 -3.180359676480293274e-02 -5.272148177027702332e-02 1.638118773698806763e-01 2.877970226109027863e-02 -1.202242001891136169e-01 3.442085906863212585e-02 2.305664680898189545e-02 4.783454164862632751e-02 -1.281969249248504639e-01 -2.031262498348951340e-03 3.510406985878944397e-02 1.246758475899696350e-01 -8.045285195112228394e-02 7.173182070255279541e-02 1.198563445359468460e-02 -9.760567918419837952e-03 -9.189441055059432983e-02 6.522705405950546265e-02 1.188426390290260315e-01 4.141985625028610229e-02 -1.166956648230552673e-01 -2.282212954014539719e-03
-3.091422468423843384e-02 1.471927613019943237e-01 -7.362867891788482666e-02 5.320331826806068420e-02 -9.096135199069976807e-02 4.240888655185699463e-01 -1.385674774646759033e-01 -5.203622207045555115e-02 -1.304499953985214233e-01 2.912677265703678131e-02 1.486086100339889526e-01 -6.389331817626953125e-02 1.243084222078323364e-01 -2.421296387910842896e-02 -4.804489761590957642e-02 8.291102945804595947e-02 1.088780164718627930e-01 -8.182436972856521606e-02 -6.946939229965209961e-02 6.761680543422698975e-02 2.047718167304992676e-01 8.588693104684352875e-03 -7.033114880323410034e-02 1.499025374650955200e-01 -1.003179997205734253e-01 -3.754274174571037292e-02 5.622007325291633606e-02 -4.135443642735481262e-02 6.472694873809814453e-02 2.908847630023956299e-01 9.342288970947265625e-02 7.938663661479949951e-02 -3.056632727384567261e-02 1.036328170448541641e-02 -1.639384776353836060e-02 4.062922298908233643e-02 -4.375072941184043884e-02 2.631827257573604584e-02 1.627128720283508301e-01 -1.423503905534744263e-01 -2.291110530495643616e-02 5.835592001676559448e-02 -5.217080004513263702e-03 3.211083635687828064e-02 8.374042809009552002e-02 3.861523047089576721e-02 4.840403795242309570e-02 1.159085333347320557e-01 -1.047810465097427368e-01 7.086396217346191406e-03 -1.254700571298599243e-01 2.043522298336029053e-01 -5.289977416396141052e-02 -7.902097888290882111e-03 -2.070416659116744995e-01 -1.264506764709949493e-02 -5.230764672160148621e-02 -9.087853878736495972e-02 -3.256258368492126465e-02 -3.471807390451431274e-02 -1.248015835881233215e-01 2.601895295083522797e-02 -4.190484061837196350e-02 -1.206707134842872620e-01 1.131508871912956238e-01 4.869085550308227539e-02 -1.152887195348739624e-01 -1.251287907361984253e-01 -5.464842543005943298e-02 -8.582064509391784668e-02 -1.136877387762069702e-01 7.216660305857658386e-03 -7.605656236410140991e-02 -4.779262933880090714e-03 -9.150944650173187256e-02 -8.167780935764312744e-02 9.220506995916366577e-02 -1.138196140527725220e-01 6.869602948427200317e-03 -4.266430065035820007e-02 -6.170871481299400330e-02 -1.255553122609853745e-02 -4.148258641362190247e-02 -1.034586876630783081e-01 -1.418048515915870667e-02 -3.416915982961654663e-02 2.392865717411041260e-01 7.444608956575393677e-02 -3.444615900516510010e-01 -5.961325392127037048e-02 -4.149007052183151245e-02 1.761089637875556946e-02 5.617294088006019592e-02 2.328443378210067749e-01 -9.368393570184707642e-02 1.527439504861831665e-01 -1.151780858635902405e-01 8.089943230152130127e-02 5.774630233645439148e-02 3.433409333229064941e-02 -3.482393920421600342e-02 1.199745163321495056e-01 7.839886099100112915e-02 -2.842080965638160706e-02 -7.238384336233139038e-02 9.926578029990196228e-03 4.819870367646217346e-02 -1.630032621324062347e-02 -1.082637831568717957e-01 -6.851407140493392944e-02 8.203944563865661621e-02 1.042726933956146240e-01 -7.459016889333724976e-02 1.117022261023521423e-01 -1.725127398967742920e-01 1.540577113628387451e-01 -8.374989964067935944e-03 -2.392704412341117859e-02 4.632356762886047363e-02 1.290919184684753418e-01 4.424210637807846069e-02 1.223378553986549377e-01 7.770061492919921875e-02 1.320773959159851074e-01 -1.047726422548294067e-01 -1.766384541988372803e-01 1.105941981077194214e-01 -5.636885017156600952e-02
-2.403907775878906250e-01 -1.335707604885101318e-01 -1.257363823242485523e-03 1.206266507506370544e-02 3.341756016016006470e-02 1.325493603944778442e-01 -1.875386089086532593e-01 9.262375533580780029e-02 5.900909379124641418e-02 -2.204553633928298950e-01 -5.902816355228424072e-02 8.798604607582092285e-01 -8.162378519773483276e-02 -9.073057770729064941e-02 -1.297873444855213165e-02 -2.063936293125152588e-01 -6.125053390860557556e-03 -8.743811398744583130e-02 -5.165348649024963379e-01 -3.015011176466941833e-02 5.247754231095314026e-02 8.957943320274353027e-02 -9.912273846566677094e-03 -1.574051529169082642e-01 9.459713101387023926e-01 -1.553787942975759506e-02 -2.062950879335403442e-01 1.801814287900924683e-01 -1.298185288906097412e-01 9.203984588384628296e-02 -1.948104947805404663e-01 -1.332735866308212280e-01 1.791714876890182495e-02 7.701730355620384216e-03 -1.720584481954574585e-01 -2.248119562864303589e-02 -2.828771770000457764e-01 -3.452097177505493164e-01 -1.949685215950012207e-01 -1.356206834316253662e-01 -3.253101184964179993e-02 1.568094342947006226e-01 -2.245504111051559448e-01 -1.212672889232635498e-01 -9.314770996570587158e-02 -1.357808113098144531e-01 3.143054246902465820e-02 -8.409496396780014038e-02 4.309417679905891418e-02 7.054358720779418945e-04 1.518808007240295410e-01 -1.542475670576095581e-01 5.832077469676733017e-03 -1.240738481283187866e-01 -7.796038687229156494e-02 1.106687858700752258e-01 -1.702546775341033936e-01 -3.740128129720687866e-02 1.271213144063949585e-01 -5.412972532212734222e-03 2.077550441026687622e-02 -1.608574092388153076e-01 -1.641401350498199463e-01 -2.329405248165130615e-01 -9.527268819510936737e-03 -9.428088553249835968e-03 -6.125254184007644653e-02 1.605818718671798706e-01 2.410618811845779419e-01 2.671078145503997803e-01 -8.093134313821792603e-02 -2.339441478252410889e-01 -1.110689043998718262e-01 -2.205024100840091705e-02 7.449903339147567749e-02 7.895673066377639771e-02 -9.990101307630538940e-02 -4.133114963769912720e-02 -1.623217463493347168e-01 -2.539434731006622314e-01 -1.330407559871673584e-01 3.109567426145076752e-02 3.343769116327166557e-03 -8.869342505931854248e-02 1.615927070379257202e-01 -6.568764150142669678e-02 -8.875347673892974854e-03 -3.187910020351409912e-01 1.919567026197910309e-02 -8.267112970352172852e-01 3.614449524320662022e-04 -1.511576306074857712e-02 8.991798758506774902e-02 1.121080014854669571e-02 -5.327720195055007935e-02 -5.154408048838376999e-03 -9.526046924293041229e-03 -1.262429952621459961e-01 1.056925058364868164e-01 -3.446259349584579468e-02 -5.022637173533439636e-02 -1.216058507561683655e-01 -1.078013032674789429e-01 -4.237409308552742004e-02 -1.629363745450973511e-02 1.445922553539276123e-01 4.444462712854146957e-03 -6.133924052119255066e-02 -1.941586285829544067e-01 -4.437133669853210449e-03 -2.724119648337364197e-02 -8.091683685779571533e-02 -1.419473066926002502e-02 -1.531093418598175049e-01 -6.220873817801475525e-02 3.696570545434951782e-02 8.106356114149093628e-02 4.960161447525024414e-02 -1.275405287742614746e-01 -1.645173132419586182e-01 -8.850724250078201294e-02 1.335843950510025024e-01 -7.187967002391815186e-02 7.603450864553451538e-02 6.957895308732986450e-02 1.771010309457778931e-01 -7.840496487915515900e-03 2.917950749397277832e-01
1.125246360898017883e-01 -2.810291573405265808e-02 -1.076030060648918152e-01 3.933575376868247986e-02 1.406741589307785034e-01 -1.116665005683898926e-01 7.321970909833908081e-02 5.652115866541862488e-02 -2.755791842937469482e-01 7.487164111807942390e-04 2.002214938402175903e-01 -4.332239180803298950e-02 1.570517867803573608e-01 -7.893929630517959595e-02 -6.750581413507461548e-02 1.077651008963584900e-01 1.168832927942276001e-01 3.332886844873428345e-02 1.031957380473613739e-02 -1.484821178019046783e-02 1.306397765874862671e-01 9.467905014753341675e-02 -3.949622437357902527e-02 2.105638533830642700e-01 -6.596940010786056519e-02 3.061751089990139008e-02 1.264606714248657227e-01 -1.036581620573997498e-01 -2.909583970904350281e-02 1.138410121202468872e-01 9.178091771900653839e-03 1.862190514802932739e-01 -8.871414512395858765e-02 6.268765777349472046e-02 6.536477804183959961e-02 -1.230114838108420372e-03 1.266872603446245193e-02 2.243761718273162842e-02 2.130002081394195557e-01 -2.619309425354003906e-01 4.599967598915100098e-01 -3.704187273979187012e-02 1.410235166549682617e-01 1.112363114953041077e-01 -8.265995234251022339e-02 1.801637560129165649e-02 7.934893667697906494e-02 -6.393885612487792969e-02 8.923777937889099121e-02 -2.964298427104949951e-02 -2.276624888181686401e-01 -1.141296513378620148e-02 4.101257026195526123e-02 -2.161684632301330566e-02 -1.841032505035400391e-01 -5.133856087923049927e-03 -2.092614024877548218e-02 1.945447474718093872e-01 -1.583791151642799377e-02 -2.000590227544307709e-02 -3.447788953781127930e-01 -6.785749644041061401e-02 -1.390253156423568726e-01 1.116981431841850281e-01 -1.087486073374748230e-01 -1.027217507362365723e-01 8.634576946496963501e-02 1.099376901984214783e-01 1.856454648077487946e-02 1.847535558044910431e-02 -1.568306535482406616e-01 -9.382995218038558960e-02 2.085605636239051819e-03 7.262215763330459595e-02 1.057893224060535431e-02 -1.075888872146606445e-01 1.354349702596664429e-01 1.996009945869445801e-01 -3.557226657867431641e-01 -3.625048324465751648e-02 7.093430310487747192e-02 7.797086983919143677e-02 2.842102050781250000e-01 -1.588776409626007080e-01 -1.923044770956039429e-02 9.795536100864410400e-02 1.306050419807434082e-01 7.698825001716613770e-02 -6.372431665658950806e-02 -5.771168321371078491e-02 -9.896627813577651978e-02 1.572130024433135986e-01 -1.262242347002029419e-01 2.781680412590503693e-02 5.247499421238899231e-02 6.218584626913070679e-02 -1.452891975641250610e-01 1.771892905235290527e-01 -8.955489099025726318e-02 3.223637118935585022e-02 -1.464640647172927856e-01 9.362367913126945496e-03 9.299542754888534546e-02 -5.605260282754898071e-02 4.609647020697593689e-02 1.454260572791099548e-02 -1.640637218952178955e-01 1.219639182090759277e-01 2.891752496361732483e-02 -2.584579288959503174e-01 -3.320156410336494446e-02 1.197903826832771301e-01 -4.061144590377807617e-01 -5.171627551317214966e-02 -5.730593204498291016e-02 7.451384514570236206e-02 9.772644191980361938e-02 1.042762845754623413e-01 -5.007052421569824219e-02 7.767347991466522217e-02 1.337999254465103149e-01 -1.245293766260147095e-01 2.872686982154846191e-01 2.678867578506469727e-01 -2.053892938420176506e-03 -3.251857310533523560e-02 1.805611252784729004e-01 -1.396133750677108765e-01
-1.104351282119750977e-01 -2.705481648445129395e-01 -2.786605432629585266e-02 4.128324985504150391e-02 -5.079342797398567200e-02 -5.619154870510101318e-02 1.331102550029754639e-01 2.982593700289726257e-02 -4.873761534690856934e-01 -1.742576956748962402e-01 1.279024928808212280e-01 9.264764189720153809e-02 3.204834759235382080e-01 -1.534940004348754883e-01 -2.179335989058017731e-02 -1.259438395500183105e-01 9.224482625722885132e-02 9.754151850938796997e-02 1.655053496360778809e-01 1.871417760848999023e-01 4.008335173130035400e-01 9.840476512908935547e-02 -8.346352726221084595e-02 2.253841161727905273e-01 -5.749134719371795654e-02 -1.737812757492065430e-01 3.097867369651794434e-01 -3.298200964927673340e-01 1.462924331426620483e-01 3.130879700183868408e-01 -1.312757879495620728e-01 2.991226911544799805e-01 -4.458203166723251343e-02 3.254678100347518921e-02 -8.744396269321441650e-02 -1.282708793878555298e-01 1.583114862442016602e-01 -9.355250000953674316e-02 -3.088386654853820801e-01 4.900734871625900269e-02 5.968599766492843628e-02 -4.599339328706264496e-03 1.007466688752174377e-01 1.091833040118217468e-01 1.728462427854537964e-01 4.125051945447921753e-02 -3.559196367859840393e-02 -1.079604402184486389e-02 2.344914227724075317e-01 8.253338932991027832e-02 -3.933729231357574463e-01 1.744744777679443359e-01 -9.618579596281051636e-02 -5.550459027290344238e-02 -8.888333290815353394e-02 -1.976563595235347748e-02 2.075961977243423462e-02 1.217882558703422546e-01 -2.014785408973693848e-01 -3.992053493857383728e-02 1.156467571854591370e-02 -3.616265207529067993e-02 -1.430168747901916504e-02 2.436637431383132935e-01 -1.422839425504207611e-02 -1.794822067022323608e-01 2.228863984346389771e-01 4.653337895870208740e-01 -1.334402263164520264e-01 -3.591313958168029785e-02 2.838730067014694214e-02 2.564982175827026367e-01 -1.897828094661235809e-02 6.489607505500316620e-03 -4.637935012578964233e-02 -7.339891046285629272e-02 -3.117513470351696014e-02 3.414459526538848877e-01 -8.575772047042846680e-01 -3.145629763603210449e-01 -1.283758282661437988e-01 -1.145989075303077698e-01 -7.734825015068054199e-01 -9.164047241210937500e-02 -6.580779701471328735e-02 1.566492021083831787e-01 3.131611645221710205e-01 1.384952217340469360e-01 -2.126531675457954407e-02 -1.294364482164382935e-01 -1.773145794868469238e-01 -2.365820668637752533e-02 9.184080176055431366e-03 3.607280924916267395e-02 -7.450944930315017700e-02 3.393990099430084229e-01 -1.814252585172653198e-01 -1.170666366815567017e-01 -6.357528269290924072e-02 1.764544695615768433e-01 7.976743578910827637e-02 1.696595698595046997e-01 2.738890945911407471e-01 -9.735154360532760620e-02 2.749918401241302490e-01 -9.754980355501174927e-02 -1.787664741277694702e-02 -9.651674330234527588e-02 -1.860133558511734009e-02 -1.994408294558525085e-02 2.660480737686157227e-01 2.085936665534973145e-01 6.104857847094535828e-02 -1.112014576792716980e-01 -1.957959532737731934e-01 1.578759551048278809e-01 4.223971664905548096e-01 -1.699056923389434814e-01 -5.655118823051452637e-02 -1.742766499519348145e-01 1.852479577064514160e-01 3.197572529315948486e-01 2.480286210775375366e-01 4.000596106052398682e-01 -8.051274716854095459e-02 -2.677452564239501953e-01 2.027743011713027954e-01 3.942847996950149536e-02
2.118855416774749756e-01 4.072546027600765228e-03 -1.537292599678039551e-01 -5.350986719131469727e-01 2.755525112152099609e-01 4.949023202061653137e-02 2.866076491773128510e-02 1.699661761522293091e-01 1.207885295152664185e-01 7.991351932287216187e-02 2.152272127568721771e-02 -9.353565424680709839e-02 -1.025401353836059570e-01 9.251502156257629395e-02 -4.577604308724403381e-02 -1.964957416057586670e-01 1.745442301034927368e-02 2.834751307964324951e-01 1.837561577558517456e-01 -1.814649552106857300e-01 2.824050933122634888e-02 -3.632001206278800964e-02 -2.140394970774650574e-02 -4.109872579574584961e-01 -8.518231660127639771e-02 -3.421926200389862061e-01 1.043940782546997070e-01 8.172539062798023224e-03 1.548696905374526978e-01 -3.888913989067077637e-02 1.980075240135192871e-02 -1.758951544761657715e-01 -1.271990835666656494e-01 -2.678694725036621094e-01 1.025882363319396973e-01 2.673170864582061768e-01 2.334476411342620850e-01 -4.444912672042846680e-01 3.980315029621124268e-01 8.882293850183486938e-02 5.815517157316207886e-02 -1.651298254728317261e-01 -8.255222439765930176e-01 -1.168289855122566223e-01 -7.318366318941116333e-02 -2.768062427639961243e-02 1.325863301753997803e-01 1.865347102284431458e-02 3.241660073399543762e-02 4.224792122840881348e-03 2.261583209037780762e-01 9.231091290712356567e-02 1.270050406455993652e-01 3.832987695932388306e-02 1.771243405528366566e-03 -1.374328434467315674e-01 2.295063734054565430e-01 -3.224583342671394348e-02 1.705389320850372314e-01 4.648537933826446533e-02 -1.541350036859512329e-01 1.115830987691879272e-01 -1.304801646620035172e-02 2.582638561725616455e-01 5.443833023309707642e-02 -3.018007427453994751e-02 -2.238696068525314331e-01 2.326518148183822632e-01 2.192774564027786255e-01 1.021773219108581543e-01 4.603386297821998596e-02 4.764725863933563232e-01 1.531837880611419678e-01 -4.855886101722717285e-02 -1.490508466958999634e-01 3.751327097415924072e-02 1.536329090595245361e-01 -1.282247006893157959e-01 5.786145478487014771e-02 1.339243054389953613e-01 -3.564946725964546204e-02 1.653708964586257935e-01 -3.984146937727928162e-02 -8.779300749301910400e-02 -1.016806885600090027e-01 -5.011300742626190186e-02 1.020538508892059326e-01 1.131672710180282593e-01 8.164811134338378906e-02 -3.287180960178375244e-01 -9.031422436237335205e-02 -4.639844968914985657e-02 1.470485143363475800e-02 -2.637157961726188660e-02 4.371249377727508545e-01 1.869169175624847412e-01 -2.549578249454498291e-01 2.311800606548786163e-02 5.685346201062202454e-02 1.243345253169536591e-02 -4.804564714431762695e-01 -1.436784416437149048e-01 -1.616293378174304962e-02 1.456639170646667480e-02 -3.371022045612335205e-01 -2.958015352487564087e-02 8.975544571876525879e-02 2.692837119102478027e-01 -3.722432628273963928e-02 1.694578826427459717e-01 9.217996150255203247e-02 -1.350089907646179199e-01 4.904796928167343140e-02 1.071181148290634155e-01 -6.433242559432983398e-02 -1.172564774751663208e-01 2.293276935815811157e-01 1.033531054854393005e-01 -9.148364514112472534e-02 -6.350730359554290771e-02 1.889292746782302856e-01 1.066114157438278198e-01 -2.412277162075042725e-01 3.301219269633293152e-02 2.081610858440399170e-01 -3.536727428436279297e-01 -3.089801780879497528e-02 -6.528711318969726562e-02
1.376572847366333008e-01 -4.691991582512855530e-02 -1.852087117731571198e-02 4.286215826869010925e-02 1.485409438610076904e-01 -1.941014826297760010e-01 -1.065770760178565979e-01 -1.992134004831314087e-01 2.338505536317825317e-02 -2.181292623281478882e-01 1.019623428583145142e-01 -1.119423583149909973e-01 2.081343345344066620e-02 1.668207906186580658e-02 -1.389491856098175049e-01 -8.772663027048110962e-02 -1.313748798565939069e-04 2.427329719066619873e-01 6.090474128723144531e-02 1.976505070924758911e-01 -2.021841406822204590e-01 -3.254990279674530029e-01 -1.121553331613540649e-01 -1.391791552305221558e-01 -1.734878718852996826e-01 -1.986393928527832031e-01 -1.959655880928039551e-01 7.507816702127456665e-02 1.253824084997177124e-01 -3.909515216946601868e-02 1.135010421276092529e-01 8.294450491666793823e-02 1.304850429296493530e-01 -5.525038018822669983e-02 -1.706448383629322052e-02 1.725300997495651245e-01 7.471456378698348999e-02 1.449332535266876221e-01 -1.216330379247665405e-01 -8.887343853712081909e-02 -1.786273121833801270e-01 -1.791781634092330933e-01 -9.212300926446914673e-02 1.939185261726379395e-01 -5.885111913084983826e-02 -7.283281534910202026e-02 -3.372003510594367981e-02 8.404246531426906586e-03 5.012371763586997986e-02 2.211596071720123291e-02 -1.204529404640197754e-01 1.335482448339462280e-01 1.129393130540847778e-01 -1.455195620656013489e-02 3.265118598937988281e-02 1.428931020200252533e-02 1.883653551340103149e-02 -1.276152431964874268e-01 -1.436101496219635010e-01 -7.485880702733993530e-02 4.260180983692407608e-03 -6.878602504730224609e-02 -3.768626227974891663e-02 -1.755949556827545166e-01 -5.528882890939712524e-02 -1.972999423742294312e-01 8.092881739139556885e-02 -8.113603293895721436e-02 4.620536044239997864e-02 2.576045878231525421e-02 2.378452122211456299e-01 1.269446760416030884e-01 -4.686792567372322083e-02 7.842137664556503296e-02 4.340050742030143738e-02 -5.393375083804130554e-02 -6.385047733783721924e-02 5.800760909914970398e-02 2.159440144896507263e-02 2.402099594473838806e-02 -1.211421284824609756e-02 -9.443689137697219849e-03 -3.670343160629272461e-01 1.753481626510620117e-01 -1.501263976097106934e-01 1.519808024168014526e-01 -2.149326726794242859e-02 1.088062971830368042e-01 -6.567543745040893555e-02 3.271957859396934509e-02 -4.418732970952987671e-02 8.114542067050933838e-02 -9.439308196306228638e-02 5.329388752579689026e-02 -5.847170203924179077e-02 4.181963577866554260e-02 2.708937525749206543e-01 1.127181723713874817e-01 1.046824753284454346e-01 5.911465268582105637e-03 -5.180367082357406616e-02 1.768307834863662720e-01 7.506732642650604248e-02 4.645761847496032715e-02 1.231957376003265381e-01 2.651649527251720428e-02 7.188151031732559204e-02 -6.713279336690902710e-02 1.439802348613739014e-02 -4.061877727508544922e-02 -1.290079355239868164e-01 1.317707896232604980e-01 2.652950119227170944e-03 -2.047168761491775513e-01 7.514122873544692993e-02 8.044193685054779053e-02 -8.294661343097686768e-02 -1.893721818923950195e-01 -3.820502758026123047e-02 -7.601533085107803345e-02 -6.249105930328369141e-02 -9.615734964609146118e-02 -2.758994325995445251e-02 9.383123368024826050e-02 -2.733648121356964111e-01 2.606346271932125092e-02 5.966896936297416687e-02 1.058140918612480164e-01
-1.124213710427284241e-01 -4.214852582663297653e-03 -2.937214821577072144e-02 -1.296808850020170212e-02 1.432752236723899841e-02 4.319383949041366577e-02 6.050768122076988220e-02 -1.105533447116613388e-02 1.740594021975994110e-02 -1.260079443454742432e-01 1.299701482057571411e-01 9.073422104120254517e-02 1.698548495769500732e-01 2.119675977155566216e-03 -1.071342173963785172e-02 1.217314228415489197e-01 4.572367295622825623e-02 -2.377780387178063393e-03 -4.876548051834106445e-02 -5.173240229487419128e-02 1.230414435267448425e-01 9.847629815340042114e-02 2.385091781616210938e-02 5.009151622653007507e-02 8.065687119960784912e-02 -1.205847188830375671e-01 9.427973628044128418e-02 7.019215822219848633e-02 2.000910788774490356e-01 4.457086790353059769e-03 1.492065936326980591e-01 -4.099736809730529785e-01 -1.854084134101867676e-01 1.059375256299972534e-01 -1.439648773521184921e-02 1.174113899469375610e-02 1.171813979744911194e-01 1.191282421350479126e-01 1.404200643301010132e-01 6.313525140285491943e-02 1.502362787723541260e-01 1.117811072617769241e-02 1.427668035030364990e-01 2.852334827184677124e-02 2.200581431388854980e-01 2.235722355544567108e-02 8.861233294010162354e-02 5.107182636857032776e-02 -9.669329971075057983e-03 -1.115097105503082275e-01 1.539708226919174194e-01 1.404521912336349487e-01 -1.944235861301422119e-01 1.095232516527175903e-01 3.570478782057762146e-02 -1.116157993674278259e-01 -9.860141575336456299e-02 1.390442550182342529e-01 -1.788339763879776001e-02 5.122251436114311218e-02 1.654242277145385742e-01 -4.512639343738555908e-02 -9.292587637901306152e-02 3.114552237093448639e-02 9.115283191204071045e-02 1.140961274504661560e-01 2.036684602499008179e-01 1.234425231814384460e-01 -4.050134867429733276e-02 7.393125444650650024e-03 4.176755622029304504e-02 -2.558083645999431610e-02 -1.464360058307647705e-01 -9.675107151269912720e-02 -4.460373520851135254e-02 -7.793681323528289795e-02 2.133983522653579712e-01 1.552611291408538818e-01 1.349130868911743164e-01 4.393577948212623596e-02 -9.160958230495452881e-02 -6.455516070127487183e-02 1.498109251260757446e-01 -2.185621857643127441e-02 -1.064237952232360840e-01 3.171763196587562561e-02 2.619888260960578918e-02 -3.505143395159393549e-04 1.617344468832015991e-01 6.435552984476089478e-02 3.331058099865913391e-02 -7.529380172491073608e-02 -2.466849796473979950e-02 1.880876272916793823e-01 8.837784081697463989e-02 1.524932533502578735e-01 4.878797382116317749e-02 1.744041591882705688e-01 -5.652748793363571167e-02 1.425318866968154907e-01 -1.395568102598190308e-01 -4.901590570807456970e-02 4.657804965972900391e-02 -2.307313494384288788e-02 1.306308805942535400e-01 -1.306653767824172974e-02 -7.731310278177261353e-02 -5.193486809730529785e-03 6.840227544307708740e-02 3.275924548506736755e-02 4.935742821544408798e-03 -2.825810015201568604e-01 -9.502528607845306396e-02 -1.074723377823829651e-01 7.307558506727218628e-02 8.137063123285770416e-04 -9.919813275337219238e-02 1.377092441543936729e-03 -7.145340740680694580e-02 1.499975174665451050e-01 1.237241476774215698e-01 7.576446980237960815e-02 -1.061877086758613586e-01 3.522742167115211487e-02 -1.308981627225875854e-01 -1.481326222419738770e-01 8.743350952863693237e-02 -3.372934833168983459e-02
-2.318627014756202698e-02 -1.619756221771240234e-02 -1.242302656173706055e-01 -3.624083399772644043e-01 4.903895407915115356e-02 7.123495917767286301e-03 -4.759623855352401733e-02 -2.486858367919921875e-01 -2.984759211540222168e-02 3.303268551826477051e-01 8.786195516586303711e-02 1.756293773651123047e-01 -3.274689242243766785e-02 3.758396506309509277e-01 1.421767771244049072e-01 -7.959234714508056641e-02 8.313429355621337891e-02 -7.439009845256805420e-02 2.705368697643280029e-01 1.320841838605701923e-03 -2.177453599870204926e-02 8.653586357831954956e-02 5.358503386378288269e-02 1.448712199926376343e-01 4.413874819874763489e-02 5.312568973749876022e-03 -2.665241062641143799e-02 -2.886808849871158600e-02 9.153152257204055786e-02 -5.756871774792671204e-02 1.678948849439620972e-01 -1.112236157059669495e-01 -6.916825473308563232e-02 -1.100994795560836792e-01 -5.338222533464431763e-02 6.613733172416687012e-01 2.670034579932689667e-02 -9.711419790983200073e-02 1.333649903535842896e-01 -4.623035714030265808e-02 3.630096837878227234e-02 -3.029512614011764526e-02 -1.897295415401458740e-01 5.537407100200653076e-02 4.230519756674766541e-02 2.185976505279541016e-01 -5.692416056990623474e-02 -3.382069990038871765e-02 -4.573936760425567627e-02 4.245123267173767090e-02 1.772134155035018921e-01 -1.329572498798370361e-01 2.236429750919342041e-01 6.703095138072967529e-02 4.756839200854301453e-02 1.217156946659088135e-01 -7.970225811004638672e-02 -3.163465484976768494e-02 -4.834074974060058594e-01 6.943986751139163971e-03 -8.188922703266143799e-02 1.832535564899444580e-01 -7.237028330564498901e-03 -7.997648417949676514e-02 -1.209190115332603455e-01 3.230804949998855591e-02 1.313128322362899780e-01 -9.529605507850646973e-02 1.681567877531051636e-01 9.071184694766998291e-02 -3.057119250297546387e-01 4.193106591701507568e-01 2.257663384079933167e-02 -1.517940461635589600e-01 -1.882138699293136597e-01 -2.231316119432449341e-01 -5.407756939530372620e-02 -9.567027539014816284e-02 -1.735313236713409424e-01 2.351262122392654419e-01 8.636229485273361206e-02 1.894857548177242279e-02 -1.092451810836791992e-02 1.069743856787681580e-01 -2.678886987268924713e-02 -1.389987021684646606e-01 -4.063339158892631531e-02 1.109580621123313904e-01 -1.276751011610031128e-01 9.168402850627899170e-02 1.049385145306587219e-01 2.450577616691589355e-01 5.631264671683311462e-02 -1.573767662048339844e-01 -1.606284528970718384e-01 -8.303827792406082153e-02 1.295092254877090454e-01 2.603673636913299561e-01 -4.261643334757536650e-04 -5.525146052241325378e-02 -3.612475097179412842e-02 -2.387488782405853271e-01 1.059121489524841309e-01 1.855955272912979126e-02 2.011925876140594482e-01 -2.612313330173492432e-01 2.481933683156967163e-01 3.283428847789764404e-01 2.711611092090606689e-01 1.814842373132705688e-01 1.861832886934280396e-01 -1.078997924923896790e-02 9.058644995093345642e-03 5.056101363152265549e-03 -5.401155352592468262e-02 5.441816523671150208e-02 -3.808787167072296143e-01 -2.501921951770782471e-01 4.555262625217437744e-02 -1.103838607668876648e-01 1.188680455088615417e-01 -5.752252936363220215e-01 -6.570633500814437866e-02 2.284366041421890259e-01 -1.381463110446929932e-01 -1.853821277618408203e-01 -1.292196661233901978e-01 1.941980123519897461e-01
-1.611109524965286255e-01 2.560063898563385010e-01 3.074904903769493103e-02 -3.113224916160106659e-02 -1.550768315792083740e-01 -9.420847147703170776e-02 -4.151654243469238281e-02 1.318745128810405731e-02 2.516205981373786926e-02 6.802462786436080933e-02 -5.624346062541007996e-02 7.497826218605041504e-02 7.208081334829330444e-02 6.463609635829925537e-02 2.792761661112308502e-02 2.712517417967319489e-02 8.140404522418975830e-02 5.590239912271499634e-02 9.415384382009506226e-02 -1.040605902671813965e-01 -2.104023657739162445e-02 3.219193816184997559e-01 -4.667731374502182007e-02 9.493257105350494385e-02 -5.719338357448577881e-02 -1.789631322026252747e-03 1.614429056644439697e-01 -1.440779119729995728e-01 -6.196117401123046875e-02 1.756134927272796631e-01 8.650701493024826050e-02 -2.456992678344249725e-02 1.552440673112869263e-01 9.544235467910766602e-02 5.060661211609840393e-02 2.443299070000648499e-02 1.050876602530479431e-01 -1.535705029964447021e-01 -1.648121699690818787e-02 -1.470099575817584991e-02 -1.695173978805541992e-01 -2.441460639238357544e-01 -7.809653133153915405e-02 -8.207917958498001099e-02 -8.919263631105422974e-02 -8.405318111181259155e-02 5.914111435413360596e-02 7.289697229862213135e-02 2.777234464883804321e-02 4.027900099754333496e-02 -6.827385630458593369e-03 4.090046510100364685e-02 -1.794145815074443817e-02 -1.760317534208297729e-01 1.906184703111648560e-01 -9.190224856138229370e-02 -1.698245853185653687e-01 8.843587338924407959e-02 1.445757001638412476e-01 5.375215783715248108e-02 -8.123069256544113159e-02 1.149205341935157776e-01 -6.249546259641647339e-02 -1.180979609489440918e-01 -1.814193651080131531e-02 -4.151249676942825317e-02 -3.853880614042282104e-02 3.689824789762496948e-02 7.290048152208328247e-02 -5.102839693427085876e-02 -1.164720579981803894e-01 -2.931030392646789551e-01 6.934043020009994507e-02 -1.989034749567508698e-02 1.418373137712478638e-01 6.528585404157638550e-02 -3.072910010814666748e-02 1.029858887195587158e-01 3.954348340630531311e-02 -5.163181573152542114e-03 6.467958446592092514e-04 -1.691065579652786255e-01 2.476514130830764771e-01 -9.147843718528747559e-02 1.327637135982513428e-01 4.417304589878767729e-04 5.914153531193733215e-02 8.917399682104587555e-03 -5.873518437147140503e-02 -5.220752581954002380e-02 -2.302097342908382416e-02 -1.246055494993925095e-02 8.781556040048599243e-02 3.702807053923606873e-02 8.470996469259262085e-02 -7.840375602245330811e-02 2.982988767325878143e-02 8.950550854206085205e-02 8.532742038369178772e-03 -5.939539521932601929e-03 2.290067076683044434e-02 5.510346964001655579e-02 -8.611384779214859009e-03 1.151107847690582275e-01 2.771642208099365234e-01 1.678966358304023743e-02 6.180566176772117615e-02 -2.020682673901319504e-03 1.409484772011637688e-03 -1.335728354752063751e-02 1.711942255496978760e-01 -2.641299068927764893e-01 1.346651613712310791e-01 -1.033623442053794861e-01 -3.121023625135421753e-02 1.942151635885238647e-01 -6.706471443176269531e-01 2.303624758496880531e-03 -1.315605193376541138e-01 -1.069258227944374084e-01 9.180432558059692383e-02 -8.296850323677062988e-02 5.270454660058021545e-02 1.387389898300170898e-01 1.086330041289329529e-01 4.216273501515388489e-02 5.563493818044662476e-02 -2.571300603449344635e-02
2.401792854070663452e-01 -2.290584743022918701e-01 -9.490909427404403687e-02 8.271980285644531250e-02 3.397792950272560120e-02 6.658893078565597534e-02 -6.244672834873199463e-02 1.508298516273498535e-01 -1.960810087621212006e-02 -1.663006097078323364e-02 8.284495770931243896e-02 1.735748499631881714e-01 2.967847697436809540e-02 -2.329004369676113129e-02 3.953982889652252197e-02 -1.125387847423553467e-01 -4.229523241519927979e-02 1.555611789226531982e-01 1.135325506329536438e-01 9.917055070400238037e-02 8.138006925582885742e-02 -6.766103953123092651e-02 -3.717627609148621559e-03 5.648326128721237183e-02 3.119904734194278717e-02 -1.168179437518119812e-01 -2.746948972344398499e-03 6.030454114079475403e-02 4.471275210380554199e-02 -5.124266818165779114e-02 5.268923938274383545e-02 -8.613073267042636871e-03 -4.736676439642906189e-02 1.195039078593254089e-01 1.882152855396270752e-01 1.613931916654109955e-02 -1.699668541550636292e-02 -1.655026280786842108e-04 -7.746481150388717651e-02 -1.142539605498313904e-01 1.824257224798202515e-01 1.978613287210464478e-01 7.433195132762193680e-03 5.738895758986473083e-02 3.185487911105155945e-02 1.895932704210281372e-01 -2.610825560986995697e-02 -5.472987517714500427e-02 6.374286115169525146e-02 -9.395098686218261719e-02 -3.622249141335487366e-02 1.181451454758644104e-01 9.354310110211372375e-03 -9.943920187652111053e-03 -1.197904720902442932e-01 -9.711030870676040649e-02 1.565768569707870483e-01 6.236778199672698975e-02 -4.542492330074310303e-02 -1.879717409610748291e-01 4.425632208585739136e-02 -2.077025324106216431e-01 1.417044997215270996e-01 1.060528382658958435e-01 -9.833265095949172974e-02 -9.052885696291923523e-03 1.038891375064849854e-01 -6.285705417394638062e-02 1.240448579192161560e-01 -2.176319658756256104e-01 1.306421160697937012e-01 6.603214889764785767e-02 -9.522230178117752075e-02 6.937368959188461304e-02 3.698303923010826111e-02 -2.892171777784824371e-02 -9.601545333862304688e-02 6.072642281651496887e-02 4.855160042643547058e-02 1.447405964136123657e-01 -6.959640979766845703e-02 2.662851102650165558e-02 -1.738741993904113770e-01 1.315549612045288086e-01 -2.151993066072463989e-01 -2.505363896489143372e-02 5.077783018350601196e-02 7.159852236509323120e-02 1.204742416739463806e-01 2.769650891423225403e-02 -1.846147351898252964e-03 -3.509459644556045532e-02 4.687744379043579102e-02 -9.399875253438949585e-02 -9.227146208286285400e-02 -5.098680034279823303e-02 -1.263610571622848511e-01 1.327517181634902954e-01 1.123458966612815857e-01 8.872224390506744385e-02 -1.795754879713058472e-01 -3.651857748627662659e-02 -1.998155415058135986e-01 -1.246624365448951721e-01 1.573923230171203613e-02 -2.416274510324001312e-02 -6.897420436143875122e-02 -1.333801448345184326e-01 6.146253272891044617e-02 -1.245744451880455017e-01 1.577209234237670898e-01 5.235936120152473450e-02 1.613065302371978760e-01 -3.725950717926025391e-01 -3.200884908437728882e-02 2.441189996898174286e-02 -6.323733925819396973e-02 7.022773474454879761e-02 5.138689279556274414e-02 -1.137708723545074463e-01 -4.771911352872848511e-02 1.014419272541999817e-01 6.916726473718881607e-03 2.204942575190216303e-04 -1.913963705301284790e-01 -1.130478829145431519e-01 1.018515974283218384e-01 1.525562955066561699e-03
-3.229923918843269348e-02 2.721802592277526855e-01 2.256366014480590820e-01 9.154064208269119263e-02 -1.282703578472137451e-01 3.365572094917297363e-01 1.596734970808029175e-01 3.000157475471496582e-01 -2.785001881420612335e-02 4.278279957361519337e-04 2.205059118568897247e-02 9.843773394823074341e-02 -5.128457024693489075e-02 5.987535789608955383e-02 9.710977971553802490e-02 -5.173549801111221313e-02 4.244530946016311646e-02 5.593740195035934448e-02 -1.312123835086822510e-01 -8.694196119904518127e-03 -6.994984298944473267e-02 1.746781468391418457e-01 4.886405542492866516e-02 8.093329146504402161e-03 6.764361262321472168e-02 2.136830836534500122e-01 -2.381821349263191223e-02 -7.232393324375152588e-02 4.384509101510047913e-02 -8.110824227333068848e-02 -2.775631472468376160e-02 -1.073376014828681946e-01 2.316248789429664612e-02 1.622962653636932373e-01 -1.231707260012626648e-02 8.534968644380569458e-02 1.686479300260543823e-01 -7.079330086708068848e-02 4.808014631271362305e-02 1.133672669529914856e-01 3.641126677393913269e-02 -3.145828545093536377e-01 5.723388120532035828e-02 -8.060072362422943115e-02 9.427244961261749268e-02 3.078266978263854980e-03 1.634298861026763916e-01 6.770507246255874634e-02 9.881579875946044922e-02 -2.191880345344543457e-02 7.892274111509323120e-02 -6.691865622997283936e-02 9.848304092884063721e-02 -2.189245522022247314e-01 -6.035069376230239868e-02 1.685106307268142700e-01 -1.604340821504592896e-01 -1.216415837407112122e-01 1.985556334257125854e-01 -2.401643432676792145e-02 1.052449047565460205e-01 3.807122260332107544e-02 -3.448483347892761230e-02 -5.779596418142318726e-02 9.010943770408630371e-02 -6.462812423706054688e-02 1.285963803529739380e-01 -5.093622207641601562e-02 1.849383115768432617e-01 6.983546912670135498e-02 1.685123145580291748e-01 3.234855830669403076e-01 9.267775714397430420e-02 1.085739582777023315e-01 1.802912503480911255e-01 3.344615548849105835e-02 -1.513631045818328857e-01 9.758837521076202393e-03 -7.045513391494750977e-02 -4.594520141836255789e-04 3.973866626620292664e-02 -1.036443039774894714e-01 -2.037539519369602203e-02 -6.482993066310882568e-02 2.192856371402740479e-01 -4.930745437741279602e-02 -4.459114372730255127e-02 -1.239813864231109619e-01 4.464385285973548889e-02 -8.910335600376129150e-02 5.763325467705726624e-02 -9.967268258333206177e-02 -4.269753023982048035e-02 3.751790896058082581e-02 6.469841301441192627e-02 -7.971929013729095459e-02 3.001326695084571838e-02 3.608059510588645935e-02 -2.160202525556087494e-02 -2.005640119314193726e-01 -6.068492680788040161e-02 -1.779035665094852448e-02 -5.735049769282341003e-02 1.828601509332656860e-01 -3.442415893077850342e-01 -5.112407729029655457e-02 -1.471698563545942307e-02 1.858145147562026978e-01 -1.405095607042312622e-01 -1.621893793344497681e-02 2.252316325902938843e-01 4.168459773063659668e-02 1.585723459720611572e-01 1.116217449307441711e-01 -1.759264767169952393e-01 -3.668746352195739746e-02 2.233662270009517670e-02 2.173314988613128662e-01 8.464637398719787598e-02 -1.298316521570086479e-03 4.548900574445724487e-02 -6.421487033367156982e-02 -1.364335566759109497e-01 -2.156386226415634155e-01 1.829806417226791382e-01 2.115213871002197266e-02 4.553933814167976379e-02 1.301366835832595825e-01
3.652789443731307983e-02 -4.096240699291229248e-01 1.077990755438804626e-01 1.191795542836189270e-01 4.840522259473800659e-02 -9.537777304649353027e-02 2.040284499526023865e-02 1.468745898455381393e-02 -1.736873835325241089e-01 8.487559109926223755e-02 -1.288721114397048950e-01 -1.312984526157379150e-01 6.727274507284164429e-02 3.920846059918403625e-02 -2.091823518276214600e-01 7.868698984384536743e-02 -2.755332179367542267e-02 -1.346236281096935272e-02 -1.578734070062637329e-01 -9.605331346392631531e-03 -1.100050732493400574e-01 -8.393436670303344727e-02 -8.962497860193252563e-02 -2.717251330614089966e-02 5.705122649669647217e-02 1.419643014669418335e-01 4.160380363464355469e-02 1.136561334133148193e-01 4.134431481361389160e-02 5.483646318316459656e-02 6.846448779106140137e-02 -7.249663025140762329e-02 -1.211051717400550842e-01 -1.407293975353240967e-01 -4.589747637510299683e-02 1.324959248304367065e-01 -1.716061830520629883e-01 -9.770169109106063843e-02 -3.381105139851570129e-02 1.138563454151153564e-01 1.225819531828165054e-02 -3.128525614738464355e-02 1.087720319628715515e-01 1.679793298244476318e-01 -1.257888674736022949e-01 -5.887918546795845032e-02 -4.127622768282890320e-02 -2.369684400036931038e-03 7.238498330116271973e-02 1.113102883100509644e-01 1.032858118414878845e-01 -3.762423619627952576e-02 8.449772000312805176e-02 8.812487870454788208e-02 1.511348932981491089e-01 -7.724831253290176392e-02 2.253341861069202423e-02 -1.152103990316390991e-01 -5.135530233383178711e-02 -5.912522226572036743e-02 1.145576313138008118e-01 -2.583753084763884544e-03 -1.547047793865203857e-01 4.388162866234779358e-03 6.997483968734741211e-02 1.717165857553482056e-02 1.466840878129005432e-02 1.459041088819503784e-01 1.344287544488906860e-01 5.681512504816055298e-02 -1.241599023342132568e-01 -7.805801182985305786e-02 -2.224257029592990875e-02 -1.698325872421264648e-01 5.788673646748065948e-03 6.173802912235260010e-02 1.010574623942375183e-01 -1.221493445336818695e-02 8.508067578077316284e-02 -1.500730663537979126e-01 -1.068969964981079102e-01 3.808562830090522766e-02 -8.241520822048187256e-02 7.561185210943222046e-02 -1.489463495090603828e-03 1.893127113580703735e-01 -1.507198959589004517e-01 -1.134583503007888794e-01 2.016708701848983765e-01 2.156571298837661743e-02 1.121823787689208984e-01 -9.407263249158859253e-02 -9.144971519708633423e-02 -5.227185040712356567e-02 -2.563288621604442596e-02 1.530031859874725342e-01 -1.242966130375862122e-01 1.242729648947715759e-01 7.610093057155609131e-02 1.277842521667480469e-01 3.074142336845397949e-02 -7.667456287890672684e-03 1.086104586720466614e-01 -1.881529837846755981e-01 6.452623754739761353e-02 1.821101270616054535e-02 -3.699969965964555740e-03 5.900694057345390320e-02 -1.439850628376007080e-01 4.144019261002540588e-02 -3.122950904071331024e-02 8.986618369817733765e-02 1.622909456491470337e-01 -2.025197744369506836e-01 1.642380505800247192e-01 -3.072119504213333130e-02 4.430892691016197205e-02 -9.745082259178161621e-02 4.924140870571136475e-02 -3.859001025557518005e-02 1.329932808876037598e-01 -4.753203690052032471e-02 1.484900116920471191e-01 4.861837625503540039e-02 -1.839341595768928528e-02 8.495437353849411011e-02 -9.428519755601882935e-02 -1.648899763822555542e-01
2.138462066650390625e-01 -2.150492370128631592e-01 -5.531376972794532776e-02 -7.486253743991255760e-04 2.046592384576797485e-01 -4.204164259135723114e-03 8.088550716638565063e-02 -5.427451059222221375e-02 7.102315127849578857e-02 1.899406081065535545e-03 6.749405059963464737e-03 6.428691744804382324e-02 1.256820708513259888e-01 6.709448061883449554e-03 -7.849566638469696045e-02 1.518042087554931641e-01 -1.238727848976850510e-02 -5.975291505455970764e-02 9.576943702995777130e-03 2.250784449279308319e-02 1.486334651708602905e-01 3.673907220363616943e-01 -1.024347394704818726e-01 2.431367039680480957e-01 -2.850695326924324036e-02 -3.073116019368171692e-02 9.559548459947109222e-03 -3.598511219024658203e-02 -3.548077866435050964e-02 -1.216942369937896729e-01 1.512586474418640137e-01 2.822358347475528717e-02 -7.351981848478317261e-02 -9.345847368240356445e-02 1.450722813606262207e-01 1.943064481019973755e-02 1.914426498115062714e-02 -1.663132607936859131e-01 -1.110448837280273438e-01 2.104786038398742676e-02 3.559214174747467041e-01 3.978505358099937439e-02 -3.763245940208435059e-01 1.294733956456184387e-02 8.745120465755462646e-02 4.438035488128662109e-01 3.977466374635696411e-02 4.232456907629966736e-02 1.584419049322605133e-02 1.011169701814651489e-01 4.359039012342691422e-03 -3.806545585393905640e-02 5.856525152921676636e-02 1.564731597900390625e-01 1.401651185005903244e-02 5.382401868700981140e-02 6.648853421211242676e-02 -8.325220085680484772e-03 -8.893354982137680054e-02 -2.205674648284912109e-01 1.058149337768554688e-01 6.116034463047981262e-03 4.435254260897636414e-02 9.748048335313796997e-02 -2.402353137731552124e-01 7.633017376065254211e-03 1.704271733760833740e-01 2.020439058542251587e-01 -5.359715432859957218e-04 1.475463248789310455e-02 -1.953695863485336304e-01 -4.428927600383758545e-02 -2.341934591531753540e-01 -8.560202084481716156e-03 3.721988573670387268e-02 3.575342521071434021e-02 -1.542585641145706177e-01 1.073678955435752869e-01 6.221311539411544800e-02 4.805786907672882080e-02 -8.640158176422119141e-02 2.011120319366455078e-01 4.883323237299919128e-02 -1.387848407030105591e-01 -1.262976527214050293e-01 4.347368143498897552e-03 5.962526053190231323e-02 3.316634567454457283e-03 7.037428021430969238e-02 1.801426894962787628e-02 3.771327808499336243e-02 1.512379050254821777e-01 -3.237069770693778992e-02 -3.331103548407554626e-02 -1.156490966677665710e-01 -5.017058178782463074e-02 -2.126121670007705688e-01 -2.755558304488658905e-02 9.579415433108806610e-03 -6.140186265110969543e-02 -4.842874780297279358e-02 8.709727227687835693e-02 -1.671494841575622559e-01 -2.468285858631134033e-01 -3.812742233276367188e-02 -8.001090586185455322e-02 5.906223878264427185e-02 1.087457984685897827e-01 8.157304674386978149e-02 7.483359426259994507e-02 1.012637317180633545e-01 3.315315395593643188e-02 7.156773656606674194e-02 -3.791061416268348694e-02 1.780231483280658722e-02 1.463673859834671021e-01 -1.337360441684722900e-01 7.431565970182418823e-02 1.110631898045539856e-01 -3.597933426499366760e-02 5.895058158785104752e-03 -7.700725458562374115e-03 8.330504596233367920e-02 1.915874630212783813e-01 -3.124023973941802979e-01 -5.810481682419776917e-02 -8.542212843894958496e-02 1.172122731804847717e-02
9.936568886041641235e-02 2.376451902091503143e-02 -1.388576775789260864e-01 3.420474380254745483e-02 -1.155912037938833237e-02 -1.706926152110099792e-02 -9.047058224678039551e-02 5.054259300231933594e-02 1.107673346996307373e-01 -1.252748668193817139e-01 -4.477384686470031738e-02 -4.756075888872146606e-02 -9.329494088888168335e-02 5.283969640731811523e-02 2.483864687383174896e-02 -9.195391088724136353e-02 -1.189922764897346497e-01 -9.566529095172882080e-02 1.056394800543785095e-01 2.405491471290588379e-02 -1.042454242706298828e-01 -1.515981853008270264e-01 -8.850968629121780396e-02 -1.728138141334056854e-02 9.289748966693878174e-02 2.685310319066047668e-02 -3.019339740276336670e-01 -1.490983963012695312e-01 -1.109313368797302246e-01 1.260572820901870728e-01 -1.615978479385375977e-01 -2.360436916351318359e-01 3.499451652169227600e-02 -2.571296691894531250e-01 2.002521455287933350e-01 -1.234626919031143188e-01 3.560037165880203247e-02 2.097615040838718414e-02 8.643885701894760132e-02 6.440243870019912720e-02 -1.259395182132720947e-01 1.593398749828338623e-01 -1.569834649562835693e-01 3.186301514506340027e-02 -2.109453529119491577e-01 -1.626686006784439087e-01 -1.406496018171310425e-01 1.042676344513893127e-01 -1.719111502170562744e-01 -5.495020747184753418e-02 1.272263228893280029e-01 -1.980120986700057983e-01 -6.184508651494979858e-02 1.387046575546264648e-01 -4.146559163928031921e-02 -5.300277844071388245e-02 9.333191812038421631e-02 -5.915340408682823181e-02 -2.023048162460327148e+00 2.724030800163745880e-02 -1.348656266927719116e-01 -3.321040794253349304e-02 1.000902280211448669e-01 -1.661709249019622803e-01 9.820371121168136597e-02 3.370084986090660095e-02 -2.208390086889266968e-01 -1.578612029552459717e-01 1.128621515817940235e-03 -8.898627012968063354e-02 -2.270546406507492065e-01 7.240386307239532471e-02 1.383986324071884155e-01 1.192561239004135132e-01 -1.173430979251861572e-01 5.180837120860815048e-03 2.001073807477951050e-01 -8.996836841106414795e-02 -3.010454587638378143e-02 5.864284187555313110e-02 -1.475355178117752075e-01 1.627889275550842285e-01 -1.438612490892410278e-01 9.423312544822692871e-02 -2.124184966087341309e-01 -2.112302035093307495e-01 -2.705887258052825928e-01 -5.409146472811698914e-02 -7.928463071584701538e-02 5.092790350317955017e-03 -8.893553912639617920e-02 1.502176225185394287e-01 -9.094749391078948975e-02 -2.246190309524536133e-01 -3.235002234578132629e-02 -1.904454380273818970e-01 -3.403675854206085205e-01 -1.708517968654632568e-01 -9.076320379972457886e-02 -1.105146631598472595e-01 -1.466878503561019897e-01 -1.125263571739196777e-01 4.150411114096641541e-04 -6.481120735406875610e-02 -3.572865724563598633e-01 -6.365042179822921753e-02 2.269556671380996704e-01 1.940930448472499847e-02 -1.268911454826593399e-02 1.245244592428207397e-01 1.848458349704742432e-01 3.067130148410797119e-01 1.572974920272827148e-01 4.582213237881660461e-02 -1.755648702383041382e-01 -1.620664000511169434e-01 1.143622323870658875e-01 -1.922393031418323517e-02 8.333608508110046387e-03 4.405551031231880188e-02 1.002023667097091675e-01 -1.008905023336410522e-01 7.774285622872412205e-04 9.120447561144828796e-03 3.085930645465850830e-02 -9.165366739034652710e-02 4.085873067378997803e-02 -1.464237719774246216e-01
-9.736266732215881348e-02 -8.063942939043045044e-02 4.095017910003662109e-02 -2.566233649849891663e-02 -1.135493218898773193e-01 6.663426756858825684e-01 -2.787241246551275253e-03 2.489453367888927460e-02 1.792257577180862427e-01 -1.835039630532264709e-02 -2.824617177248001099e-02 -2.785851433873176575e-02 2.450554221868515015e-01 -8.401647955179214478e-02 -2.906511723995208740e-02 -1.931182444095611572e-01 -5.259918794035911560e-02 -2.196725010871887207e-01 1.443547308444976807e-01 -2.938593327999114990e-01 3.263287842273712158e-01 4.613921046257019043e-02 5.721597746014595032e-02 1.630867123603820801e-01 -4.414198920130729675e-03 -1.731171607971191406e-01 1.566974073648452759e-01 1.673595905303955078e-01 1.610732972621917725e-01 3.480272591114044189e-01 -1.619638353586196899e-01 -1.593954861164093018e-01 3.460310027003288269e-02 2.382638007402420044e-01 -4.732432961463928223e-02 3.418776392936706543e-02 1.686578616499900818e-02 -3.093256382271647453e-03 4.750676751136779785e-01 -1.019611060619354248e-01 -1.465116441249847412e-01 4.101676121354103088e-02 -3.059503734111785889e-01 -1.490490436553955078e-01 1.597164571285247803e-01 -3.072798065841197968e-02 6.876897066831588745e-02 1.275123804807662964e-01 3.444496393203735352e-01 -7.737377285957336426e-02 7.026835530996322632e-02 1.992167085409164429e-01 3.568758815526962280e-02 -1.547790318727493286e-01 3.235852420330047607e-01 -5.242994800209999084e-02 -1.100442372262477875e-03 -3.753603994846343994e-02 4.281810298562049866e-02 1.534184347838163376e-02 2.725109457969665527e-01 2.221118360757827759e-01 1.075656786561012268e-01 7.511916756629943848e-02 1.548043489456176758e-01 -1.785739697515964508e-02 9.203101694583892822e-02 1.578550189733505249e-01 -1.419389694929122925e-01 1.972131058573722839e-02 1.423195898532867432e-01 1.928031593561172485e-01 -2.598682604730129242e-02 1.647765040397644043e-01 3.876564279198646545e-02 1.644233763217926025e-01 1.100097224116325378e-01 1.065389364957809448e-01 7.460499554872512817e-02 -2.688764221966266632e-02 -2.914243564009666443e-02 -5.663510039448738098e-02 1.346473246812820435e-01 -1.613854616880416870e-02 1.166723221540451050e-01 1.166165247559547424e-01 4.049027860164642334e-01 -2.968038022518157959e-01 2.240955978631973267e-01 -3.177073970437049866e-02 -1.384046766906976700e-02 1.873409897089004517e-01 6.636831909418106079e-02 1.609010696411132812e-01 2.680998444557189941e-01 2.994598746299743652e-01 3.134513646364212036e-02 -1.342163383960723877e-01 -5.353942140936851501e-02 2.545278072357177734e-01 9.565909951925277710e-02 -5.382859334349632263e-02 4.532866477966308594e-01 -6.450402736663818359e-02 1.982359960675239563e-02 5.527932196855545044e-02 -3.114474192261695862e-02 -3.497741371393203735e-02 -6.145734223537147045e-04 -4.220328293740749359e-03 9.054549783468246460e-02 4.892709851264953613e-02 3.635346144437789917e-02 3.452894836664199829e-02 -2.544087730348110199e-02 -7.502213865518569946e-02 -1.564090698957443237e-01 1.608027704060077667e-02 2.301629865542054176e-03 1.700139194726943970e-01 -7.221879810094833374e-02 -1.371993124485015869e-01 -4.296786189079284668e-01 1.446608901023864746e-01 1.147761940956115723e-01 -1.409030258655548096e-01 1.551971733570098877e-01 -5.403815582394599915e-02
-5.263959243893623352e-02 -1.393433213233947754e-01 6.276424974203109741e-02 1.776674091815948486e-01 -1.656593531370162964e-01 5.049429088830947876e-02 -2.014570832252502441e-01 2.724606394767761230e-01 -1.615258008241653442e-01 3.235180079936981201e-01 1.070767045021057129e-01 3.367839157581329346e-01 -2.404303550720214844e-01 -1.937155127525329590e-01 -3.046852648258209229e-01 -2.377194315195083618e-01 -3.899319469928741455e-01 -2.191934138536453247e-01 -1.643796712160110474e-01 9.519820660352706909e-02 -6.575312465429306030e-02 2.418452650308609009e-01 -2.592301368713378906e-02 1.883924901485443115e-01 -2.355957776308059692e-01 -4.448671638965606689e-02 4.450733214616775513e-02 -3.724150955677032471e-01 8.063075691461563110e-02 -1.268387436866760254e-01 -2.561452100053429604e-03 4.039912223815917969e-01 3.125658333301544189e-01 -1.085579916834831238e-01 -1.775125861167907715e-01 4.548621773719787598e-01 -3.756115436553955078e-01 -1.442335080355405807e-02 -2.613111138343811035e-01 3.874868154525756836e-02 9.323280304670333862e-02 -1.233430653810501099e-01 -9.386143088340759277e-02 1.339345276355743408e-01 4.939280916005373001e-04 3.336165845394134521e-02 -1.835940033197402954e-01 -3.277651369571685791e-01 8.053282648324966431e-02 -7.179170846939086914e-02 1.765529513359069824e-01 -1.280448436737060547e-01 3.588666021823883057e-02 -1.159822791814804077e-01 2.550956308841705322e-01 -2.677576383575797081e-03 2.490840703248977661e-01 -3.842515125870704651e-02 4.490191936492919922e-01 -1.617197096347808838e-01 1.684869639575481415e-03 1.388979554176330566e-01 1.227769628167152405e-01 6.655299663543701172e-02 -4.736737161874771118e-02 -4.311458766460418701e-01 -1.101923063397407532e-01 -5.893085151910781860e-02 6.680490970611572266e-01 9.434164315462112427e-02 -2.850389182567596436e-01 2.539342343807220459e-01 2.033841609954833984e-02 -1.266962587833404541e-01 2.194832265377044678e-01 -2.192533463239669800e-01 -4.858818948268890381e-01 3.874504938721656799e-02 1.749022491276264191e-02 1.725556887686252594e-02 -1.308924108743667603e-01 6.772641092538833618e-02 -4.812183678150177002e-01 -2.526997625827789307e-01 -3.533790586516261101e-03 -1.969130784273147583e-01 -1.577866971492767334e-01 -9.361916035413742065e-02 1.485201865434646606e-01 2.294906415045261383e-02 -7.385008782148361206e-02 1.672870665788650513e-01 -1.012555733323097229e-01 2.216384373605251312e-02 1.206409633159637451e-01 1.028757318854331970e-01 -4.054869413375854492e-01 6.617045402526855469e-02 2.489162422716617584e-02 2.393598854541778564e-01 -1.044380292296409607e-01 3.329475969076156616e-02 1.494365781545639038e-01 -2.738879323005676270e-01 3.440738022327423096e-01 1.503440365195274353e-02 -2.497238069772720337e-01 1.972605735063552856e-01 3.749709725379943848e-01 2.447033375501632690e-01 -1.920757740736007690e-01 -2.816424369812011719e-01 9.743094444274902344e-02 -3.437613844871520996e-01 1.550730466842651367e-01 2.146072387695312500e-01 1.944786757230758667e-01 -3.500026166439056396e-01 6.885144859552383423e-02 1.119314879179000854e-01 4.895195737481117249e-02 3.039944469928741455e-01 1.897685080766677856e-01 3.322947770357131958e-02 -2.433258295059204102e-01 4.902265965938568115e-01 -2.159176208078861237e-02 -1.950969919562339783e-02
1.879875734448432922e-02 1.417057663202285767e-01 1.097850874066352844e-02 1.098020598292350769e-01 -4.566467832773923874e-03 1.175043061375617981e-01 4.906459152698516846e-02 -2.327032014727592468e-02 -1.120464205741882324e-01 5.238489061594009399e-02 -2.640734612941741943e-02 -1.160668432712554932e-01 2.671114169061183929e-02 4.044732823967933655e-02 -5.039437115192413330e-02 -4.583091288805007935e-02 9.689508005976676941e-03 8.695846796035766602e-02 -1.190242543816566467e-02 -5.100174620747566223e-02 5.413954704999923706e-02 1.934047490358352661e-01 -2.198142558336257935e-02 2.619339227676391602e-01 2.127087209373712540e-03 -2.665210142731666565e-02 -2.095122635364532471e-02 1.364297349937260151e-03 -1.121996119618415833e-01 3.140341117978096008e-02 -4.256942495703697205e-02 9.999606013298034668e-02 -6.345735397189855576e-03 4.331815242767333984e-02 1.244487762451171875e-01 -9.209323674440383911e-03 -3.101925924420356750e-02 -1.840625889599323273e-03 -1.110028009861707687e-02 1.064647082239389420e-02 8.097086101770401001e-02 -1.316167712211608887e-01 -1.435037422925233841e-02 4.764169454574584961e-02 -1.130806189030408859e-02 -1.086522862315177917e-01 -3.894634917378425598e-02 4.088097065687179565e-02 9.551743417978286743e-02 3.853288292884826660e-02 1.725858263671398163e-02 -1.230174079537391663e-01 5.500071495771408081e-02 5.126942321658134460e-02 2.910323999822139740e-02 -8.996003307402133942e-03 2.644011192023754120e-02 -1.613210327923297882e-02 -5.386737734079360962e-02 2.773397043347358704e-02 9.041718393564224243e-02 -8.403749763965606689e-02 1.388348191976547241e-01 -9.820222109556198120e-02 -3.948176652193069458e-02 -1.792249381542205811e-01 -1.108081340789794922e-01 -2.058929996564984322e-03 -1.008444428443908691e-01 -2.458140812814235687e-02 -1.499790251255035400e-01 -5.535261705517768860e-02 -1.972029209136962891e-01 -1.204299032688140869e-01 1.278695091605186462e-02 9.420046582818031311e-03 -2.807789742946624756e-01 -6.109375506639480591e-02 -5.395915731787681580e-02 1.840275898575782776e-02 -1.121307909488677979e-01 -1.714142411947250366e-01 2.949802204966545105e-02 -2.014493755996227264e-02 -1.156537011265754700e-01 -7.456240244209766388e-03 -4.915623739361763000e-02 9.321509301662445068e-02 2.705510705709457397e-02 1.172766089439392090e-01 -8.015915006399154663e-02 -9.609415382146835327e-02 -5.669145658612251282e-02 -7.617951929569244385e-02 -4.209011327475309372e-03 8.719850331544876099e-02 -2.842429876327514648e-01 -2.432331740856170654e-01 -1.360070426017045975e-02 2.245969772338867188e-01 7.606094330549240112e-02 2.175814956426620483e-01 -1.901275217533111572e-01 -9.358672052621841431e-02 -1.933140307664871216e-01 4.875065013766288757e-02 1.897610165178775787e-02 4.241538420319557190e-02 -3.414682671427726746e-02 1.676456481218338013e-01 -2.112290263175964355e-02 -1.142085790634155273e-01 -4.353595525026321411e-02 -1.092009320855140686e-01 1.649439483880996704e-01 6.753474473953247070e-02 3.737955912947654724e-02 -5.472481995820999146e-02 -6.920552253723144531e-02 1.003887280821800232e-01 -1.279466960113495588e-05 1.706969365477561951e-02 7.064273208379745483e-02 2.537140995264053345e-02 -5.097663030028343201e-02 1.166263148188591003e-01 6.849455088376998901e-02 5.535200703889131546e-03
6.451862398535013199e-03 2.742354944348335266e-02 2.974260970950126648e-02 -2.182325907051563263e-02 5.284573137760162354e-02 -1.613810807466506958e-01 6.932033598423004150e-02 -1.838302165269851685e-01 2.252071537077426910e-02 -1.919396072626113892e-01 1.384948790073394775e-01 1.003505960106849670e-01 -9.823101758956909180e-02 -6.851361691951751709e-02 5.041775852441787720e-02 -1.196916326880455017e-01 5.425918498076498508e-04 -7.263419032096862793e-02 5.173204466700553894e-02 1.582355052232742310e-01 -6.068559363484382629e-02 6.768539547920227051e-02 4.461990669369697571e-02 -2.887862622737884521e-01 1.350964605808258057e-01 -1.414435803890228271e-01 -1.101944372057914734e-01 1.462867259979248047e-01 -1.282918155193328857e-01 2.769334241747856140e-02 -9.727108292281627655e-03 -3.108839131891727448e-02 7.056900858879089355e-02 -2.672298252582550049e-02 5.511831119656562805e-02 -5.193725228309631348e-02 6.885676085948944092e-02 3.778913617134094238e-02 -5.342615023255348206e-02 1.222098022699356079e-01 6.209980696439743042e-02 9.351710230112075806e-02 -1.227851435542106628e-01 5.551317706704139709e-02 1.009097024798393250e-01 4.903626162558794022e-03 1.545462012290954590e-01 2.777856215834617615e-02 2.896947599947452545e-02 -1.153185367584228516e-01 -8.171939849853515625e-02 7.880473881959915161e-02 6.317963451147079468e-02 2.150544822216033936e-01 2.053138762712478638e-01 1.369772255420684814e-01 6.275004148483276367e-02 -8.667617291212081909e-02 -1.012998223304748535e-01 1.394458264112472534e-01 1.042868942022323608e-01 -8.788423985242843628e-02 7.826535403728485107e-02 4.141091182827949524e-02 -1.569919288158416748e-02 4.942592605948448181e-02 -9.335105121135711670e-02 3.294405713677406311e-02 1.970939040184020996e-01 1.400954462587833405e-02 2.766471803188323975e-01 7.407968491315841675e-02 7.289950549602508545e-02 -2.567026205360889435e-02 -1.536145210266113281e-01 3.392085433006286621e-02 7.882344722747802734e-02 -5.745624657720327377e-03 -7.844710350036621094e-02 -1.528874188661575317e-01 -9.144620597362518311e-02 8.938103914260864258e-03 5.065087601542472839e-02 -9.914329648017883301e-02 -1.632982343435287476e-01 1.435394138097763062e-01 2.741325274109840393e-02 -2.256726026535034180e-01 -9.834394603967666626e-02 -1.128565706312656403e-02 2.737377397716045380e-02 1.865153610706329346e-01 9.005533158779144287e-02 2.933596819639205933e-02 4.816858097910881042e-02 -1.142473518848419189e-01 1.394497156143188477e-01 -2.882686443626880646e-02 -6.525427103042602539e-03 6.906219571828842163e-02 2.177926152944564819e-02 8.442004024982452393e-02 8.474861085414886475e-02 6.803417950868606567e-02 -9.838568419218063354e-02 -4.119049012660980225e-02 -9.528580307960510254e-02 -1.702317148447036743e-01 -3.242048248648643494e-02 1.106476187705993652e-01 -4.168829321861267090e-02 2.011801674962043762e-02 5.947454273700714111e-02 6.895140558481216431e-02 1.061821877956390381e-01 1.479755491018295288e-01 -8.269075304269790649e-02 8.497528731822967529e-02 -1.127686724066734314e-01 1.478446573019027710e-01 7.012561708688735962e-02 -8.689317107200622559e-02 -1.208763197064399719e-02 -1.314687728881835938e-01 -1.593626737594604492e-01 1.437111049890518188e-01 4.829327762126922607e-02 8.737720549106597900e-02
-1.151428818702697754e-01 -5.343711469322443008e-03 -1.482872515916824341e-01 3.457458689808845520e-02 1.313964575529098511e-01 5.854790285229682922e-02 9.126722812652587891e-02 -1.975887827575206757e-02 1.714180111885070801e-01 4.047325998544692993e-02 -7.135290186852216721e-03 -1.177495718002319336e-01 -1.179878562688827515e-01 3.418899327516555786e-02 -2.787195332348346710e-02 1.034018546342849731e-01 1.038901880383491516e-01 -1.534931361675262451e-01 -1.694322079420089722e-01 2.245289683341979980e-01 -1.617149263620376587e-01 -1.064519137144088745e-01 -1.404888033866882324e-01 -9.295623749494552612e-02 -2.238762564957141876e-02 -9.627731889486312866e-02 -5.838764458894729614e-02 3.223508223891258240e-02 -3.332937881350517273e-02 -1.483792215585708618e-01 -2.547067403793334961e-02 3.880682587623596191e-02 6.601870805025100708e-02 2.379132620990276337e-02 1.689394861459732056e-01 -1.043405197560787201e-02 -7.078653573989868164e-02 2.087235450744628906e-01 4.451303184032440186e-02 2.528934925794601440e-02 -7.797720283269882202e-02 1.001504436135292053e-01 4.127971362322568893e-03 -7.342519611120223999e-02 7.107550650835037231e-02 1.895361840724945068e-01 1.839048415422439575e-01 8.106933906674385071e-03 -1.855717003345489502e-01 -8.982039988040924072e-02 -1.050660759210586548e-01 -7.692220062017440796e-02 7.577579468488693237e-02 1.371366232633590698e-01 4.431533813476562500e-02 1.106848418712615967e-01 1.612351462244987488e-02 2.001779973506927490e-01 1.371350437402725220e-01 3.396131470799446106e-02 -1.238409206271171570e-01 -2.147666551172733307e-02 1.336906552314758301e-01 -2.092542871832847595e-02 5.732684955000877380e-02 2.143509872257709503e-02 1.528940536081790924e-02 -1.246989965438842773e-01 -1.325137019157409668e-01 -2.012564428150653839e-02 -1.273100674152374268e-01 1.207093894481658936e-01 -7.801989465951919556e-02 1.186135932803153992e-01 -1.306393295526504517e-01 -1.149077266454696655e-01 -5.560443550348281860e-02 1.033240780234336853e-01 2.189579419791698456e-02 -2.948759868741035461e-02 1.005150601267814636e-01 6.854800134897232056e-02 -1.166448891162872314e-01 1.816693544387817383e-01 -6.225812062621116638e-02 3.088369593024253845e-02 -1.779693514108657837e-01 1.499753594398498535e-01 -1.641580462455749512e-01 4.145305231213569641e-02 -6.798694282770156860e-02 -1.783163994550704956e-01 -5.670531466603279114e-02 -3.161981701850891113e-03 2.805564105510711670e-01 1.833507791161537170e-02 2.109126886352896690e-03 5.662361159920692444e-02 1.396829076111316681e-02 -1.507113277912139893e-01 -2.022101916372776031e-02 6.573586165904998779e-02 2.968600206077098846e-02 -5.124136805534362793e-02 -1.993154138326644897e-01 5.114870145916938782e-02 -3.306961059570312500e-02 9.572809934616088867e-02 -5.338674411177635193e-02 1.255958229303359985e-01 1.212940216064453125e-01 4.504721239209175110e-02 -1.175650432705879211e-01 -2.159837447106838226e-02 1.973338611423969269e-02 -3.115291893482208252e-02 -7.604146003723144531e-02 3.274257993325591087e-03 7.931613922119140625e-02 8.996013551950454712e-02 1.385507732629776001e-01 9.427360445261001587e-02 6.899035722017288208e-02 7.124810665845870972e-02 -7.102942466735839844e-02 -1.530371308326721191e-01 8.274251967668533325e-02 -2.173797972500324249e-02
1.503882408142089844e-01 -7.884120941162109375e-01 -1.511879265308380127e-02 7.625336199998855591e-02 1.121583431959152222e-01 -8.091116696596145630e-02 -1.279554814100265503e-01 -5.842290446162223816e-02 -3.486162424087524414e-02 1.009070500731468201e-01 1.479811221361160278e-01 -2.498373761773109436e-02 -1.082979887723922729e-01 -1.820040121674537659e-02 1.031176280230283737e-02 -1.071945652365684509e-01 3.829753771424293518e-02 1.966238766908645630e-01 -8.858614601194858551e-03 -6.308899074792861938e-02 2.501871585845947266e-01 1.822559833526611328e-01 1.078508868813514709e-01 -4.820378497242927551e-02 1.082573458552360535e-01 -4.573241993784904480e-02 4.198221489787101746e-02 -3.843054175376892090e-02 1.942369900643825531e-02 1.961046755313873291e-01 1.432252377271652222e-01 -3.406544327735900879e-01 -1.734220050275325775e-02 -8.609584718942642212e-02 4.685420170426368713e-02 3.449933603405952454e-03 -1.011530682444572449e-01 -1.177246719598770142e-01 6.560620665550231934e-02 -2.361960895359516144e-02 3.041184544563293457e-01 2.041343450546264648e-01 -9.671503305435180664e-02 -9.800501167774200439e-03 8.411404490470886230e-02 6.559090316295623779e-02 1.668899692595005035e-02 1.102433577179908752e-01 2.883507311344146729e-01 -3.031894564628601074e-02 1.187455356121063232e-01 4.541673883795738220e-02 9.527481347322463989e-02 6.392868608236312866e-02 3.733529942110180855e-03 -1.172504387795925140e-02 -1.244148518890142441e-02 -7.309184968471527100e-02 -9.723804146051406860e-02 -1.517673134803771973e-01 9.077569097280502319e-02 1.996633969247341156e-02 1.093375831842422485e-01 4.914350807666778564e-02 3.433600068092346191e-02 1.807376891374588013e-01 1.325170248746871948e-01 1.968029737472534180e-01 1.396480947732925415e-01 1.378304362297058105e-01 -1.461700350046157837e-01 5.831335112452507019e-02 1.181371435523033142e-01 7.854837924242019653e-02 -5.778917670249938965e-02 -1.463533937931060791e-01 -1.329812109470367432e-01 -2.529541589319705963e-02 1.244625672698020935e-01 -2.053255401551723480e-02 -2.521980926394462585e-02 8.417347073554992676e-02 5.936887860298156738e-02 -1.612239331007003784e-02 -3.390291705727577209e-02 -8.641781657934188843e-02 2.734611630439758301e-01 -1.272500306367874146e-01 -2.688550017774105072e-02 -4.660454764962196350e-02 -7.116306573152542114e-02 -8.564218133687973022e-02 5.112599954009056091e-02 1.327091008424758911e-01 -2.325502187013626099e-01 1.603113561868667603e-01 -1.195120811462402344e-01 -1.283354014158248901e-01 -1.051491498947143555e-01 4.817330837249755859e-02 7.412441819906234741e-02 5.983529239892959595e-02 9.669380635023117065e-02 -7.680270075798034668e-02 -7.177732884883880615e-02 1.344546228647232056e-01 8.640865795314311981e-03 -6.502287834882736206e-02 3.875008225440979004e-02 -8.897193521261215210e-02 7.450491935014724731e-02 2.625098526477813721e-01 7.605407387018203735e-02 -7.535852491855621338e-02 6.250681728124618530e-02 1.243887841701507568e-01 3.354376256465911865e-01 2.783706970512866974e-02 3.506238386034965515e-02 -1.667061001062393188e-01 -5.489176139235496521e-02 -7.964675128459930420e-02 -2.350671440362930298e-01 8.443252742290496826e-02 -1.515360623598098755e-01 2.086954889819025993e-03 2.655785344541072845e-02 5.041568074375391006e-03
-2.285372465848922729e-01 8.077578246593475342e-02 9.819146245718002319e-02 4.750901088118553162e-02 2.661185711622238159e-02 6.693653017282485962e-02 -1.814526915550231934e-01 -9.824150055646896362e-02 6.258564069867134094e-03 1.890427470207214355e-01 1.809186674654483795e-02 2.468395084142684937e-01 -2.575585991144180298e-02 2.899678349494934082e-01 3.800145983695983887e-01 -2.405562847852706909e-01 5.758609622716903687e-03 -8.967480808496475220e-02 4.526625275611877441e-01 -1.121544092893600464e-01 -6.281214207410812378e-02 -8.962902426719665527e-02 8.796343952417373657e-02 -2.767127379775047302e-02 5.468239635229110718e-02 1.444967687129974365e-01 -4.006254300475120544e-02 -3.040406107902526855e-01 3.363661840558052063e-02 1.324308365583419800e-01 -1.150944009423255920e-01 -3.531446680426597595e-02 -6.731732934713363647e-02 -1.501352190971374512e-01 4.343123733997344971e-02 8.668173104524612427e-02 4.977077618241310120e-02 -2.085190415382385254e-01 -1.238999888300895691e-01 4.217521101236343384e-02 -7.097765058279037476e-02 2.534533664584159851e-02 -6.315203011035919189e-02 3.378978231921792030e-03 -1.290879100561141968e-01 -1.488850116729736328e-01 -1.964435279369354248e-01 -4.639562591910362244e-02 -3.126336634159088135e-02 -3.797303140163421631e-02 7.392881065607070923e-02 -1.704051345586776733e-01 -9.254863485693931580e-03 -4.467764869332313538e-02 1.490313708782196045e-01 6.613237410783767700e-02 -3.218343853950500488e-01 1.000763848423957825e-03 1.623886288143694401e-03 -1.217900216579437256e-01 6.447075307369232178e-02 -6.306322664022445679e-02 -2.041876614093780518e-01 -2.110214680433273315e-01 1.274254918098449707e-01 -1.209594383835792542e-01 -2.199918180704116821e-01 -7.189051806926727295e-02 3.174567222595214844e-01 1.672112643718719482e-01 -1.868038177490234375e-01 3.959549963474273682e-02 1.930742338299751282e-02 -9.405097365379333496e-02 1.587062478065490723e-01 3.380411118268966675e-02 9.752862155437469482e-02 -9.919351339340209961e-02 -1.522931158542633057e-01 2.785744071006774902e-01 -8.494463562965393066e-02 1.363489180803298950e-01 2.545903027057647705e-01 -1.337078958749771118e-01 2.214934676885604858e-02 -4.121393337845802307e-02 1.687906868755817413e-02 -1.457494795322418213e-01 5.363749340176582336e-02 4.397815838456153870e-02 2.841674350202083588e-02 -9.759937413036823273e-03 3.284662216901779175e-02 -8.224888145923614502e-02 -3.358618542551994324e-02 2.550113946199417114e-02 1.546159684658050537e-01 -1.370365172624588013e-01 -1.575004868209362030e-02 4.859993234276771545e-02 8.205298334360122681e-02 -1.802225559949874878e-01 -1.123993694782257080e-01 6.745275855064392090e-02 -5.859253183007240295e-02 -2.799734175205230713e-01 1.939357444643974304e-02 1.861627101898193359e-01 1.624300032854080200e-01 8.133191615343093872e-02 -1.904532313346862793e-02 -6.978461146354675293e-02 -1.155778244137763977e-01 1.696386002004146576e-02 1.579323112964630127e-01 -3.786013275384902954e-02 2.681249380111694336e-01 1.128411069512367249e-01 -1.278033852577209473e-01 1.298708468675613403e-01 -3.213564306497573853e-02 6.281392276287078857e-02 -8.903069049119949341e-02 3.325353190302848816e-02 9.973025321960449219e-02 2.818718850612640381e-01 -9.897135943174362183e-02 2.513422667980194092e-01
-1.120669841766357422e-01 4.351621121168136597e-02 -7.009740173816680908e-02 -3.369005769491195679e-02 -2.413508296012878418e-01 1.004242181777954102e+00 -7.464320212602615356e-02 -1.720419079065322876e-01 8.966622501611709595e-02 -1.565558314323425293e-01 3.087877761572599411e-03 1.963911205530166626e-02 1.827992945909500122e-01 -7.359260320663452148e-02 6.690820306539535522e-02 4.449123516678810120e-02 1.072198748588562012e-01 4.994677752256393433e-02 8.226139843463897705e-02 -1.103914752602577209e-01 3.642197251319885254e-01 1.115706041455268860e-01 -2.665622532367706299e-02 3.767369687557220459e-01 -8.153758943080902100e-02 -7.094451785087585449e-02 1.327014416456222534e-01 1.414393782615661621e-01 2.388959527015686035e-01 4.379040598869323730e-01 2.671999335289001465e-01 1.117662042379379272e-01 8.787687867879867554e-02 1.715546250343322754e-01 -1.606164127588272095e-01 -2.974019385874271393e-02 1.875432208180427551e-02 -2.336248941719532013e-02 1.820755451917648315e-01 -7.742242887616157532e-03 -1.449446827173233032e-01 8.015071600675582886e-02 -1.934672445058822632e-01 -3.834320604801177979e-02 3.499904274940490723e-02 1.708842627704143524e-02 5.685850232839584351e-02 1.655346304178237915e-01 4.846893250942230225e-01 5.605557560920715332e-02 1.307993233203887939e-01 1.889876127243041992e-01 4.759906791150569916e-03 -1.281061321496963501e-01 1.602586507797241211e-01 -4.134455323219299316e-02 -2.814474999904632568e-01 1.036971658468246460e-01 -1.393754035234451294e-01 3.100861981511116028e-02 -3.591476008296012878e-02 7.855393737554550171e-02 6.297037750482559204e-02 8.054155111312866211e-02 4.586992859840393066e-01 -6.531842052936553955e-02 -1.358344219624996185e-02 1.561726778745651245e-01 4.963596537709236145e-02 3.935267776250839233e-02 -4.410626366734504700e-02 2.650165855884552002e-01 1.176436468958854675e-01 -2.841479703783988953e-02 -1.368163228034973145e-01 -4.808625578880310059e-02 1.825782507658004761e-01 -1.698426716029644012e-02 1.032603979110717773e-01 -2.217276692390441895e-01 7.988302409648895264e-02 -1.768355071544647217e-01 2.136569917201995850e-01 -3.411323204636573792e-02 2.390744537115097046e-01 1.094392761588096619e-01 2.266376912593841553e-01 -3.854306936264038086e-01 1.638977825641632080e-01 -1.904041320085525513e-01 -9.230878949165344238e-02 4.459197074174880981e-02 -1.211261376738548279e-01 2.222207039594650269e-01 -3.293913900852203369e-01 2.868327498435974121e-01 9.481165558099746704e-02 -3.371183574199676514e-01 -7.183481007814407349e-02 1.825744658708572388e-01 3.112451136112213135e-01 1.830790638923645020e-01 1.089935451745986938e-01 2.103915438055992126e-02 -3.346569836139678955e-02 9.941133111715316772e-02 -7.973928004503250122e-03 1.379416435956954956e-01 -5.829330906271934509e-02 -9.404339641332626343e-02 1.761922985315322876e-01 1.200892925262451172e-01 1.846105754375457764e-01 2.378777042031288147e-02 -2.265497595071792603e-01 7.874528318643569946e-02 -1.356391888111829758e-02 -1.102402061223983765e-01 7.397460937500000000e-02 -1.679837256669998169e-01 -1.993919722735881805e-02 2.091560959815979004e-01 -1.728753000497817993e-01 2.322750240564346313e-01 7.445079088211059570e-02 -1.028452590107917786e-01 -1.811962202191352844e-02 5.734704807400703430e-02
9.690636396408081055e-02 1.085471212863922119e-01 -1.576367914676666260e-01 1.457426995038986206e-01 -1.583156883716583252e-01 5.460357069969177246e-01 3.137374818325042725e-01 -1.554577331990003586e-02 -4.884300753474235535e-02 3.207822740077972412e-01 -7.003653794527053833e-02 1.203362196683883667e-01 3.286964595317840576e-01 2.094361633062362671e-01 1.059868112206459045e-01 9.380452334880828857e-02 -2.352039664983749390e-01 1.310909390449523926e-01 4.763307049870491028e-02 -9.707960486412048340e-02 1.049237921833992004e-01 -2.779308855533599854e-01 -2.732230722904205322e-02 2.396834343671798706e-01 2.748982608318328857e-01 6.550589948892593384e-02 -9.434120357036590576e-02 1.462330967187881470e-01 1.797839701175689697e-01 -2.364858612418174744e-02 2.269258946180343628e-01 2.961591780185699463e-01 6.350725144147872925e-02 -1.224276237189769745e-02 -1.318675577640533447e-01 2.470544725656509399e-01 -5.350583046674728394e-02 8.017052710056304932e-02 5.178435891866683960e-02 9.373676776885986328e-02 1.858506798744201660e-01 2.363002151250839233e-01 2.222327888011932373e-01 1.329778581857681274e-01 9.010937064886093140e-02 1.927357912063598633e-01 2.004344947636127472e-02 1.113052573055028915e-02 1.982172578573226929e-01 8.309714496135711670e-02 -2.264169752597808838e-01 1.379716247320175171e-01 2.321460992097854614e-01 3.238316997885704041e-02 -2.042627036571502686e-01 1.542826741933822632e-01 8.451585471630096436e-02 5.563652142882347107e-02 9.043242037296295166e-02 8.491174876689910889e-02 -2.086022943258285522e-01 1.737028509378433228e-01 5.745008215308189392e-02 -4.341120272874832153e-02 -7.554227858781814575e-02 3.564502671360969543e-02 6.589072197675704956e-02 -2.670755684375762939e-01 2.725754864513874054e-02 -7.935365289449691772e-02 1.949983984231948853e-01 3.187585994601249695e-02 -2.036986052989959717e-01 -2.962829470634460449e-01 -5.351702123880386353e-02 -2.395522594451904297e-01 -1.116677299141883850e-01 -2.289562672376632690e-02 -5.069783926010131836e-01 3.359699547290802002e-01 1.113352999091148376e-01 8.612568676471710205e-02 3.735848963260650635e-01 6.196444109082221985e-02 -2.657001614570617676e-01 8.017106354236602783e-02 6.295026838779449463e-02 2.312268912792205811e-01 -1.120618805289268494e-01 2.588395476341247559e-01 1.816058456897735596e-01 -1.644431650638580322e-01 -4.389237239956855774e-02 1.441784203052520752e-01 -1.316563040018081665e-01 1.139515489339828491e-01 1.314549297094345093e-01 7.322339713573455811e-02 -5.525242909789085388e-02 -7.093293592333793640e-03 2.696635723114013672e-01 -9.805113077163696289e-03 8.244223892688751221e-02 -2.057303339242935181e-01 1.770958453416824341e-01 -1.698713302612304688e-01 -9.467158466577529907e-02 -2.454912811517715454e-01 1.954591274261474609e-01 1.751383095979690552e-01 1.930153928697109222e-02 2.786837518215179443e-01 2.138675004243850708e-01 1.356803029775619507e-01 1.176279336214065552e-01 4.263868927955627441e-02 1.337236315011978149e-01 -9.280745685100555420e-02 -1.086602658033370972e-01 -7.438536733388900757e-02 -6.439031660556793213e-02 1.133614256978034973e-01 1.565400660037994385e-01 -1.838806085288524628e-02 -1.316730771213769913e-02 1.316851377487182617e-01 -1.654906570911407471e-01 1.632550358772277832e-01
-3.996743634343147278e-02 3.216084092855453491e-02 -2.203091531991958618e-01 1.702007502317428589e-01 8.738210052251815796e-02 -1.009025052189826965e-01 -1.560284849256277084e-02 -1.696782708168029785e-01 1.837041974067687988e-01 -3.987131267786026001e-02 -2.311085350811481476e-02 -1.085613965988159180e-01 9.685319662094116211e-02 -1.031935214996337891e-01 3.978819120675325394e-03 2.464980259537696838e-02 -1.108766049146652222e-01 -5.051761865615844727e-01 7.977891713380813599e-02 1.466429680585861206e-01 -4.254998862743377686e-01 1.385717093944549561e-01 -1.089992932975292206e-02 -9.879148006439208984e-02 -1.528407037258148193e-01 -1.922637820243835449e-01 -5.305066704750061035e-02 -1.094140931963920593e-01 -5.183203145861625671e-02 -1.880020052194595337e-01 -1.363873481750488281e-01 1.926431059837341309e-01 -1.205399259924888611e-01 -8.499673008918762207e-02 -1.675415933132171631e-01 -3.216208145022392273e-02 2.316833101212978363e-02 1.216957047581672668e-01 -3.297613263130187988e-01 -1.131482943892478943e-01 1.934516243636608124e-02 3.266349807381629944e-02 2.001193314790725708e-01 1.674404442310333252e-01 -3.092909157276153564e-01 5.672477185726165771e-02 5.313410889357328415e-03 -1.036285758018493652e-01 -9.612853825092315674e-02 -2.167548239231109619e-02 -3.375334665179252625e-03 4.241190850734710693e-02 -8.668636530637741089e-02 8.613879792392253876e-03 -5.871248617768287659e-02 -2.331818640232086182e-01 1.921161711215972900e-01 -9.739207476377487183e-02 -4.088460654020309448e-02 -1.981329619884490967e-01 1.477538347244262695e-01 -7.960955798625946045e-02 -3.003383614122867584e-02 -2.215594798326492310e-01 -1.573303490877151489e-01 1.356281936168670654e-01 -5.855102092027664185e-02 -1.451374590396881104e-01 -2.165619432926177979e-01 -2.386191859841346741e-03 -1.764267832040786743e-01 -8.439736813306808472e-02 -3.701251372694969177e-02 3.755074366927146912e-02 -8.878667652606964111e-02 -2.645553946495056152e-01 1.125507727265357971e-01 -2.042295038700103760e-02 -1.859198212623596191e-01 -8.809403330087661743e-02 4.842414706945419312e-02 -7.704450935125350952e-02 -8.068843930959701538e-02 2.411455959081649780e-01 -6.704216450452804565e-02 -9.820664674043655396e-02 -3.604637682437896729e-01 1.349057350307703018e-02 2.828114628791809082e-01 2.051480673253536224e-02 -2.248677015304565430e-01 -7.705134153366088867e-02 1.065702140331268311e-01 -3.154729679226875305e-02 -1.298355758190155029e-01 -6.121260672807693481e-02 -3.479227423667907715e-01 7.930946350097656250e-02 4.242444783449172974e-02 -7.954313606023788452e-02 -3.480736538767814636e-02 -4.382067173719406128e-02 2.136585414409637451e-01 -7.651780545711517334e-02 1.332446634769439697e-01 1.301561295986175537e-01 2.972173504531383514e-02 -9.385398030281066895e-02 -8.871418237686157227e-02 5.470510944724082947e-02 1.730866581201553345e-01 3.200409188866615295e-02 -1.292026787996292114e-01 -1.185426563024520874e-01 -3.615990877151489258e-01 -3.778389096260070801e-01 3.765235841274261475e-02 1.328741163015365601e-01 -1.447278913110494614e-02 -8.945787698030471802e-02 3.990931063890457153e-02 3.980530053377151489e-02 8.260113745927810669e-02 2.958089858293533325e-02 -1.923057883977890015e-01 -6.267738342285156250e-02 7.198939472436904907e-02 -1.616264134645462036e-02
9.249723702669143677e-02 2.253639400005340576e-01 2.680900692939758301e-01 1.214933693408966064e-01 -7.726974785327911377e-02 2.560152411460876465e-01 2.676565647125244141e-01 2.099907696247100830e-01 7.519045472145080566e-02 3.370955884456634521e-01 1.214596923091448843e-04 -8.563137799501419067e-02 4.469498246908187866e-02 3.568584918975830078e-01 1.272635348141193390e-02 -1.618153750896453857e-01 -1.680416911840438843e-01 7.848438806831836700e-03 3.940091654658317566e-02 -1.705007255077362061e-01 -2.081694751977920532e-01 1.632406860589981079e-01 -1.105470731854438782e-01 -2.087799906730651855e-01 6.083319708704948425e-02 1.460203528404235840e-01 -9.625434130430221558e-02 5.694172903895378113e-02 9.111088514328002930e-02 -2.941679060459136963e-01 1.660017967224121094e-01 -8.364148437976837158e-02 -2.023634761571884155e-01 1.088401004672050476e-01 -1.290305107831954956e-01 9.023547917604446411e-02 -3.411429524421691895e-01 -1.248519420623779297e-01 -9.051156789064407349e-02 -5.756583064794540405e-03 3.068616427481174469e-02 -2.340883761644363403e-01 9.018226526677608490e-03 9.126448631286621094e-02 2.263722755014896393e-02 1.584320515394210815e-01 -6.503259390592575073e-02 -5.490279197692871094e-02 -8.245979994535446167e-02 -2.064985036849975586e-02 -5.544412881135940552e-03 -3.651328757405281067e-02 3.672929406166076660e-01 -2.607093453407287598e-01 -1.737350523471832275e-01 -5.443191528320312500e-02 1.218720078468322754e-01 -1.085947230458259583e-01 3.648631870746612549e-01 1.490897089242935181e-01 1.294823884963989258e-01 4.214253425598144531e-01 7.696091383695602417e-02 2.091534435749053955e-02 3.840602561831474304e-02 2.063384354114532471e-01 -9.636805392801761627e-03 -4.131175577640533447e-02 3.873398154973983765e-02 -2.532974481582641602e-01 1.602865308523178101e-01 4.041040837764739990e-01 3.472210094332695007e-02 1.076878830790519714e-01 4.242628514766693115e-01 -1.449144333600997925e-01 -2.997122704982757568e-01 5.825896561145782471e-02 1.435052007436752319e-01 -3.024980127811431885e-01 5.223951861262321472e-02 1.233318895101547241e-01 1.618374884128570557e-01 -6.455335766077041626e-02 4.166767001152038574e-02 8.872541040182113647e-02 -4.170768707990646362e-02 -5.770468339323997498e-02 -6.259657442569732666e-02 -3.572745025157928467e-01 2.093995213508605957e-01 1.060393173247575760e-02 3.364929556846618652e-02 -4.456443712115287781e-03 -1.873076409101486206e-01 -1.203659251332283020e-01 8.472933620214462280e-02 -1.428102701902389526e-01 -1.131733283400535583e-01 -3.978585079312324524e-02 3.060414455831050873e-02 4.408328980207443237e-02 2.017071992158889771e-01 3.313034027814865112e-02 -1.493502706289291382e-01 -1.753075607120990753e-02 1.847590655088424683e-01 2.123375535011291504e-01 1.209513768553733826e-01 1.110002025961875916e-01 2.730084061622619629e-01 1.693554408848285675e-02 -2.655028998851776123e-01 9.461404383182525635e-02 -1.239859312772750854e-01 -6.496473681181669235e-03 -2.424198985099792480e-01 2.124429345130920410e-01 1.894420571625232697e-02 -1.771191656589508057e-01 -2.247972339391708374e-01 -5.112088844180107117e-02 1.557030063122510910e-02 -3.991619870066642761e-02 2.879960536956787109e-01 -9.745135158300399780e-02 -1.049350872635841370e-01 8.768852800130844116e-02
3.117179125547409058e-02 1.416537314653396606e-01 2.167775109410285950e-02 -1.497761756181716919e-01 -5.289264023303985596e-02 -1.442300081253051758e-01 1.948585510253906250e-01 -1.542220413684844971e-01 -1.196427345275878906e-01 5.194019153714179993e-02 -4.717203602194786072e-02 1.947198808193206787e-01 -8.889121562242507935e-02 1.815616190433502197e-01 2.742378711700439453e-01 -1.035912632942199707e-01 -7.884878665208816528e-02 -4.504833370447158813e-02 2.142839878797531128e-01 -8.590967208147048950e-02 -2.583950571715831757e-02 5.918677151203155518e-02 5.971146747469902039e-02 1.471906453371047974e-01 2.744469642639160156e-01 -1.075886711478233337e-01 -5.256677418947219849e-02 -5.566988885402679443e-02 9.342301636934280396e-02 -1.890809983015060425e-01 -2.199508249759674072e-02 7.366681098937988281e-02 7.066358625888824463e-02 3.325991705060005188e-02 -1.241877749562263489e-01 -7.831221818923950195e-02 -8.950969576835632324e-02 4.343882948160171509e-02 1.069047898054122925e-01 -6.500221043825149536e-02 -2.625375054776668549e-03 1.324498504400253296e-01 -1.244519054889678955e-01 7.127975672483444214e-02 -5.216433107852935791e-02 1.992920972406864166e-02 -3.243222087621688843e-02 1.563154533505439758e-02 -7.303010206669569016e-03 -7.721605896949768066e-02 1.681387722492218018e-01 7.114448398351669312e-02 2.929153442382812500e-01 -4.318663105368614197e-02 -1.033268943428993225e-01 1.591631919145584106e-01 -9.829949587583541870e-03 -1.072377413511276245e-01 -3.405607864260673523e-02 1.201037913560867310e-01 -4.055584967136383057e-02 1.558621376752853394e-01 3.890176862478256226e-02 7.249883562326431274e-02 -4.664692282676696777e-02 5.543535947799682617e-02 1.094069425016641617e-02 6.491394247859716415e-03 -5.713240802288055420e-02 -7.211253046989440918e-02 5.541335046291351318e-02 -9.033197537064552307e-03 -7.319864630699157715e-02 -2.116540521383285522e-01 -8.630552142858505249e-02 1.485904455184936523e-01 -3.235679119825363159e-02 -4.112200811505317688e-02 6.758759915828704834e-02 2.782934904098510742e-01 -1.151824891567230225e-01 2.807504869997501373e-02 -4.557721316814422607e-02 1.188569739460945129e-01 -1.179068461060523987e-01 1.100058108568191528e-01 6.311587058007717133e-03 -1.352493613958358765e-01 -5.014018714427947998e-02 2.908463180065155029e-01 1.790771931409835815e-01 2.922566235065460205e-02 -9.056328982114791870e-02 -4.389098286628723145e-02 -6.934868544340133667e-02 -4.689572751522064209e-02 2.651155292987823486e-01 -1.059760898351669312e-01 2.298159524798393250e-03 -3.063562326133251190e-02 6.562892347574234009e-02 -8.464251458644866943e-02 -2.858124114573001862e-02 9.939402341842651367e-02 4.466879740357398987e-02 -3.367298245429992676e-01 -1.295911800116300583e-02 -1.047791764140129089e-01 2.304918169975280762e-01 1.996846646070480347e-01 -1.847581192851066589e-02 4.654031991958618164e-02 -1.050610020756721497e-01 2.313797920942306519e-01 -3.918123990297317505e-02 -2.894962951540946960e-02 -3.205193579196929932e-02 -2.263369504362344742e-03 3.015876375138759613e-02 -2.589034289121627808e-02 -1.757807731628417969e-01 -1.075628325343132019e-01 -2.295155525207519531e-01 -1.269109398126602173e-01 -7.812840491533279419e-02 5.567600205540657043e-02 -9.951436892151832581e-03 1.575642079114913940e-01
-8.405085653066635132e-02 -1.177931204438209534e-01 1.769658327102661133e-01 3.285743892192840576e-01 -3.098491430282592773e-01 -1.930679529905319214e-01 4.843025282025337219e-02 1.381251215934753418e-01 4.224168606015155092e-06 2.280073910951614380e-01 3.531601279973983765e-02 -2.562832832336425781e-01 -1.278434842824935913e-01 -4.912586882710456848e-03 -1.741087287664413452e-01 -4.583201184868812561e-02 -3.281186521053314209e-02 4.777686670422554016e-02 5.028880760073661804e-02 5.479342304170131683e-03 3.413404151797294617e-02 1.360873430967330933e-01 -1.015802007168531418e-02 -2.357667684555053711e-02 6.156512349843978882e-02 1.487950831651687622e-01 -2.619648575782775879e-01 -4.875652119517326355e-02 1.418403089046478271e-01 1.931056529283523560e-01 -7.059810310602188110e-02 -1.522508561611175537e-01 6.227882578969001770e-02 -5.574735999107360840e-02 7.330683618783950806e-02 -4.767171049024909735e-04 -4.404285550117492676e-02 5.574989318847656250e-02 -1.046443954110145569e-01 5.850748345255851746e-02 5.297181755304336548e-02 4.997912943363189697e-01 -2.103478014469146729e-01 -1.552135646343231201e-01 -1.090008988976478577e-01 -2.186771184206008911e-01 2.768749557435512543e-02 -8.769018203020095825e-02 -7.146941870450973511e-02 1.379971206188201904e-02 1.872644014656543732e-02 -1.214566547423601151e-02 7.500462234020233154e-02 -3.922322690486907959e-01 -2.716812677681446075e-02 1.067990064620971680e-01 9.568896144628524780e-02 5.010634660720825195e-02 1.855338364839553833e-01 3.664846718311309814e-02 -1.902336329221725464e-01 4.917634651064872742e-02 -3.549428423866629601e-03 -1.473330557346343994e-01 -1.563989371061325073e-01 -1.803742945194244385e-01 1.813647523522377014e-02 7.325025647878646851e-02 2.320905178785324097e-01 1.132989004254341125e-01 5.812507495284080505e-02 -8.252301067113876343e-02 1.621426828205585480e-02 9.114092588424682617e-02 1.603717803955078125e-01 -1.541797723621129990e-02 -1.910172104835510254e-01 -9.948159568011760712e-03 -3.017063066363334656e-02 -2.894937992095947266e-01 -4.720897227525711060e-02 4.449041932821273804e-02 -1.389845758676528931e-01 -4.323074594140052795e-02 -1.575535046868026257e-03 -1.603676527738571167e-01 1.110298857092857361e-01 -3.782025724649429321e-02 -1.089073810726404190e-02 1.993399858474731445e-01 8.884655684232711792e-02 5.898279696702957153e-02 -1.170026883482933044e-01 -4.130085185170173645e-02 4.850367084145545959e-02 1.415921300649642944e-01 -2.989356219768524170e-01 -7.601350080221891403e-03 1.133968457579612732e-01 8.498831093311309814e-02 -2.049691677093505859e-01 8.589156717061996460e-02 -1.152258366346359253e-02 1.711035072803497314e-01 -1.199342906475067139e-01 7.597685605287551880e-02 -8.773759938776493073e-03 1.213070154190063477e-01 -5.465947464108467102e-02 1.664175987243652344e-01 -2.372051179409027100e-01 1.368999928236007690e-01 6.621924787759780884e-02 1.754885762929916382e-01 1.113198772072792053e-01 -3.846456855535507202e-02 1.081215813755989075e-01 -5.954836681485176086e-02 -1.109570786356925964e-01 -1.415273547172546387e-01 -6.460075266659259796e-03 -1.127942949533462524e-01 3.857921436429023743e-02 -1.579703018069267273e-02 -2.439304254949092865e-02 3.640265017747879028e-02 -9.148835204541683197e-03 2.059931680560112000e-02
1.937145832926034927e-03 -1.166433244943618774e-01 5.957459565252065659e-03 -1.247229948639869690e-01 7.326231151819229126e-02 2.884035371243953705e-02 3.131679072976112366e-02 -5.209592729806900024e-02 3.603881597518920898e-02 -5.707519501447677612e-02 -3.727319091558456421e-02 -1.033091694116592407e-01 1.079884171485900879e-01 -3.876296803355216980e-03 6.095860898494720459e-02 2.891585417091846466e-02 -6.304148584604263306e-02 -2.007389515638351440e-01 1.620934158563613892e-02 -6.533394753932952881e-02 2.721661925315856934e-01 -3.879089653491973877e-01 -7.059916108846664429e-02 2.679233551025390625e-01 -7.064618170261383057e-02 -2.573908306658267975e-02 2.115832120180130005e-01 7.943855226039886475e-02 1.632905304431915283e-01 2.779724895954132080e-01 -4.661341011524200439e-02 7.005344331264495850e-02 -2.465142011642456055e-01 -2.495419234037399292e-03 6.661497056484222412e-02 -6.263957172632217407e-02 -2.778105810284614563e-02 -9.345871210098266602e-02 -2.263695299625396729e-01 -1.532693505287170410e-01 6.119552850723266602e-01 -4.534941166639328003e-02 1.705169826745986938e-01 -9.071323275566101074e-02 9.078414738178253174e-02 5.695292353630065918e-02 1.185891567729413509e-03 6.673287600278854370e-02 3.981073498725891113e-01 7.104150950908660889e-02 3.627357482910156250e-01 -3.566504642367362976e-02 8.292550593614578247e-02 1.314150542020797729e-01 8.407685160636901855e-02 -5.917153507471084595e-02 -2.899621427059173584e-02 1.596080660820007324e-01 8.055408298969268799e-02 -2.050941735506057739e-01 4.557958617806434631e-02 -4.199501872062683105e-02 5.316423997282981873e-02 1.101836189627647400e-01 4.517970681190490723e-01 -1.208534687757492065e-01 6.186792254447937012e-02 2.751171290874481201e-01 1.099453195929527283e-01 2.053523622453212738e-02 3.426417708396911621e-02 1.724919527769088745e-01 -2.425129413604736328e-01 6.032897159457206726e-02 -1.446932670660316944e-03 6.065420806407928467e-02 -2.441731840372085571e-01 -5.635372549295425415e-02 -1.874527931213378906e-01 5.494644865393638611e-02 -8.670974522829055786e-02 -2.608780935406684875e-02 -1.109744831919670105e-01 -7.968572527170181274e-02 -1.584315598011016846e-01 -4.904121905565261841e-02 3.552164435386657715e-01 1.169649809598922729e-01 -1.486144363880157471e-01 9.690687805414199829e-02 -4.915517941117286682e-02 -7.127313315868377686e-02 4.405310377478599548e-02 -5.658804904669523239e-03 2.355671375989913940e-01 2.390435487031936646e-01 -9.926798939704895020e-02 1.622501462697982788e-01 2.600701898336410522e-02 1.971437186002731323e-01 -9.037143737077713013e-02 9.545296430587768555e-02 4.553654417395591736e-02 -1.485207229852676392e-01 2.191203683614730835e-01 -1.118246372789144516e-02 -1.261192262172698975e-01 7.479373365640640259e-02 -7.823491469025611877e-03 6.020640209317207336e-02 9.199587628245353699e-03 -1.629987657070159912e-01 5.781464651226997375e-02 -5.061045661568641663e-02 3.186557888984680176e-01 1.922111660242080688e-01 1.228640154004096985e-01 -6.651822477579116821e-02 -1.760569214820861816e-02 4.719005152583122253e-02 -9.879329055547714233e-02 1.452120691537857056e-01 1.017830800265073776e-02 1.958001405000686646e-01 -3.195976614952087402e-01 -5.090523511171340942e-02 3.667076304554939270e-02 -1.261857338249683380e-02
1.863850206136703491e-01 -1.803714781999588013e-02 6.921002268791198730e-02 6.807599216699600220e-02 9.459438920021057129e-02 -1.469725463539361954e-02 2.629530243575572968e-02 1.079734265804290771e-01 -2.264645397663116455e-01 -5.265680700540542603e-02 1.265763342380523682e-01 -1.337031275033950806e-01 1.133626848459243774e-01 -1.400173641741275787e-03 -3.436696901917457581e-02 5.539274774491786957e-03 2.475936859846115112e-01 -1.646299473941326141e-02 -1.312705688178539276e-02 8.245253562927246094e-02 1.110733449459075928e-01 -5.719444900751113892e-02 -9.076171368360519409e-02 3.670200705528259277e-02 7.084339112043380737e-02 1.864152029156684875e-02 7.924935780465602875e-03 -3.594179451465606689e-02 -8.753116428852081299e-02 1.068952903151512146e-01 8.952710777521133423e-02 5.221707373857498169e-02 8.151988685131072998e-02 -1.325029730796813965e-01 6.782252341508865356e-02 1.489547342061996460e-01 -7.411051541566848755e-02 -1.941809803247451782e-01 -9.990715235471725464e-02 1.104933619499206543e-01 -6.208554282784461975e-02 -1.094983592629432678e-01 9.511942416429519653e-02 1.333843618631362915e-01 3.833210840821266174e-02 6.684641540050506592e-02 3.895878791809082031e-02 3.652185201644897461e-02 7.945327088236808777e-03 7.026597857475280762e-03 2.706349361687898636e-03 8.674149215221405029e-02 -2.660659141838550568e-02 1.036294102668762207e-01 5.674168094992637634e-02 -8.962679654359817505e-02 8.889447152614593506e-02 1.908187866210937500e-01 1.971340030431747437e-01 3.739808872342109680e-02 -4.094649851322174072e-02 -1.059279218316078186e-01 4.237792454659938812e-03 -1.938191354274749756e-01 -1.386458724737167358e-01 -1.078190654516220093e-02 -6.900048255920410156e-02 5.781176686286926270e-02 3.130275383591651917e-02 1.292121112346649170e-01 2.788550779223442078e-02 3.595074266195297241e-02 5.468406155705451965e-02 8.373204618692398071e-02 5.667525902390480042e-02 -5.028964369557797909e-04 6.724365800619125366e-02 -4.252216964960098267e-02 -1.435043662786483765e-01 -7.087153941392898560e-02 -7.142373919486999512e-02 -1.352796405553817749e-01 9.609870612621307373e-02 -8.774474263191223145e-03 8.894222229719161987e-02 1.804123446345329285e-02 9.155473113059997559e-02 -8.594712615013122559e-02 2.683060243725776672e-03 -2.359838224947452545e-02 7.499524205923080444e-02 -3.114818781614303589e-02 5.526974052190780640e-02 -8.503340184688568115e-02 9.110412746667861938e-02 5.912894755601882935e-02 -9.676279127597808838e-02 1.476133018732070923e-01 -1.130246892571449280e-01 5.219640210270881653e-02 2.338878214359283447e-01 5.330981314182281494e-02 6.295468658208847046e-02 -1.131224632263183594e-01 1.756245344877243042e-01 -3.329057246446609497e-02 -1.366035342216491699e-01 2.301028519868850708e-01 -4.752559959888458252e-02 3.589943796396255493e-02 -1.554124355316162109e-01 7.905616611242294312e-02 -1.282922774553298950e-01 -1.759762503206729889e-02 2.729751765727996826e-01 1.096541285514831543e-01 2.243110835552215576e-01 -2.378442585468292236e-01 4.581731557846069336e-02 1.207789406180381775e-01 1.579916179180145264e-01 -3.188979998230934143e-02 1.660931259393692017e-01 -1.073395647108554840e-02 -1.894395053386688232e-02 1.497103720903396606e-01 1.422687899321317673e-03 1.151856482028961182e-01
-2.072518616914749146e-01 -1.509477347135543823e-01 -5.196915194392204285e-02 2.615766823291778564e-01 6.802752614021301270e-02 7.733327895402908325e-02 -1.734112501144409180e-01 1.187925189733505249e-01 6.436182558536529541e-02 -1.138963997364044189e-01 8.628684282302856445e-02 -3.468010127544403076e-01 1.358040720224380493e-01 -9.476768225431442261e-02 -1.552755981683731079e-01 1.217369511723518372e-01 1.411017030477523804e-03 -6.958859413862228394e-02 -4.761342704296112061e-01 7.329530548304319382e-03 5.953418835997581482e-02 -3.846243768930435181e-02 -3.595923259854316711e-02 9.722045063972473145e-02 -2.844177186489105225e-01 4.565842449665069580e-02 7.205044478178024292e-02 7.127845287322998047e-02 1.921809837222099304e-02 -3.798896074295043945e-02 3.491406561806797981e-03 -3.977955505251884460e-02 -9.278136491775512695e-02 1.887283027172088623e-01 -4.643641412258148193e-02 -4.861173778772354126e-02 -1.525824666023254395e-01 -4.056178033351898193e-02 -1.214248239994049072e-01 1.828526109457015991e-01 -1.172782271169126034e-03 7.268944382667541504e-02 1.748733818531036377e-01 8.993896096944808960e-02 8.016147464513778687e-02 1.084777563810348511e-01 -1.167951002717018127e-01 -1.118669509887695312e-01 -5.073051154613494873e-02 1.957704126834869385e-02 3.469333797693252563e-02 6.969880312681198120e-02 2.269555628299713135e-02 4.428608343005180359e-02 2.092661708593368530e-02 4.013999179005622864e-02 -5.576651915907859802e-02 3.133466467261314392e-02 -2.968120388686656952e-02 -1.912250928580760956e-02 7.696834206581115723e-02 1.203344296663999557e-02 -1.379483938217163086e-01 3.906904160976409912e-02 1.538339816033840179e-02 -1.714908890426158905e-02 6.639768183231353760e-02 -2.475272268056869507e-01 6.579739600419998169e-02 1.918150782585144043e-01 -1.350124925374984741e-01 4.010318592190742493e-02 -1.110230833292007446e-01 8.701090514659881592e-02 1.619821041822433472e-01 7.098164409399032593e-02 2.647194080054759979e-02 6.279188394546508789e-02 5.565487593412399292e-02 -1.273474991321563721e-01 4.101894423365592957e-02 -6.263872981071472168e-02 -1.778774149715900421e-02 -1.912431120872497559e-01 -6.214911490678787231e-02 -1.502673923969268799e-01 -8.365499228239059448e-02 1.426959037780761719e-01 -6.870955228805541992e-03 -5.984361097216606140e-02 -1.444061398506164551e-01 -3.669852390885353088e-02 -7.204625755548477173e-02 1.044810488820075989e-01 6.401629000902175903e-02 7.545694243162870407e-03 -4.802715778350830078e-02 2.893987856805324554e-02 5.093951523303985596e-02 -1.033727824687957764e-01 -1.097646504640579224e-01 -1.640360616147518158e-02 -1.879274845123291016e-02 -5.823000147938728333e-02 -8.945582807064056396e-02 -9.178782813251018524e-03 -2.300761640071868896e-02 1.968651115894317627e-01 -3.178469836711883545e-01 9.440691024065017700e-02 1.820280253887176514e-01 6.769608706235885620e-02 -2.111095786094665527e-01 1.894125789403915405e-01 9.921796619892120361e-02 6.099570915102958679e-02 5.275863036513328552e-02 -4.246062412858009338e-02 -1.324750483036041260e-02 -2.448524981737136841e-01 8.170032501220703125e-02 -7.297085598111152649e-03 5.033454671502113342e-02 6.211724504828453064e-02 -9.162565320730209351e-02 -1.542135700583457947e-02 -2.113431133329868317e-02 -1.438664495944976807e-01
1.848560720682144165e-01 3.631143867969512939e-01 1.821507513523101807e-01 -1.183153763413429260e-01 -2.920464426279067993e-02 2.389160096645355225e-01 3.977912291884422302e-02 -1.009303256869316101e-01 3.768245503306388855e-02 8.553081750869750977e-02 2.407930232584476471e-02 -4.842343553900718689e-02 1.496323663741350174e-02 7.888963222503662109e-01 1.876952499151229858e-01 -3.326193615794181824e-02 -7.008947432041168213e-02 2.772429957985877991e-02 3.472180366516113281e-01 -9.148063138127326965e-03 -8.877101354300975800e-03 1.291520297527313232e-01 -2.912748837843537331e-03 -1.524767875671386719e-01 -3.647703528404235840e-01 7.796280831098556519e-02 -2.868090867996215820e-01 -8.398393541574478149e-02 6.070021539926528931e-02 1.780616864562034607e-02 6.721191853284835815e-02 -5.240100994706153870e-02 -1.677661202847957611e-02 -1.739479303359985352e-01 -4.536178335547447205e-02 1.515495181083679199e-01 2.411215752363204956e-01 -6.494515389204025269e-02 1.393957585096359253e-01 1.386559568345546722e-03 9.458384662866592407e-02 -1.718392781913280487e-02 8.370887488126754761e-02 2.621935606002807617e-01 -7.917609810829162598e-02 4.232646897435188293e-02 -1.909370422363281250e-01 -8.830213546752929688e-02 -4.635202139616012573e-02 1.090836375951766968e-01 2.052283845841884613e-02 7.468070089817047119e-02 8.123388141393661499e-02 1.277604997158050537e-01 -7.901911437511444092e-02 7.919724285602569580e-02 7.229462265968322754e-02 -7.509747892618179321e-02 3.684065118432044983e-02 1.721966415643692017e-01 -4.099167138338088989e-02 1.262383908033370972e-01 6.625401228666305542e-02 9.664415568113327026e-02 -1.393062714487314224e-02 5.629839748144149780e-02 -3.201318159699440002e-02 -1.726514995098114014e-01 1.071865484118461609e-01 -1.159892603754997253e-01 4.767280071973800659e-02 1.699976325035095215e-01 9.246861934661865234e-02 1.166982948780059814e-01 8.220849931240081787e-02 -9.550784528255462646e-02 -6.375025957822799683e-02 6.971410661935806274e-02 2.483122237026691437e-02 -5.837702751159667969e-02 7.540158182382583618e-02 1.293297260999679565e-01 9.710903465747833252e-02 2.293926924467086792e-01 -5.094715207815170288e-02 -4.572764504700899124e-03 -1.642578989267349243e-01 2.425874471664428711e-01 -8.913041092455387115e-03 1.373106986284255981e-01 1.334339231252670288e-01 8.750210702419281006e-02 -9.955077618360519409e-02 5.630477890372276306e-02 -4.166712239384651184e-02 -8.379063010215759277e-02 -5.620397254824638367e-02 9.841329418122768402e-03 2.702792547643184662e-02 -7.304801791906356812e-02 -8.555264025926589966e-02 -2.356902696192264557e-02 3.385376036167144775e-01 1.486402899026870728e-01 -7.377346046268939972e-03 -4.561679065227508545e-02 1.413207948207855225e-01 -1.403426285833120346e-02 4.809199869632720947e-01 2.217799797654151917e-02 6.056980043649673462e-02 -1.893947459757328033e-02 1.831045299768447876e-01 1.614226400852203369e-01 -2.622347325086593628e-02 -8.165694028139114380e-02 -1.583715230226516724e-01 -1.680123358964920044e-01 -6.105523183941841125e-02 3.997348248958587646e-02 4.172460734844207764e-02 -1.312872767448425293e-01 -5.584983527660369873e-02 9.668283164501190186e-03 5.853660777211189270e-02 6.200808659195899963e-02 -3.578447923064231873e-02 -1.451564859598875046e-02
4.769686609506607056e-02 -1.099866107106208801e-01 -1.828143447637557983e-01 1.087915450334548950e-01 5.442021414637565613e-03 -2.089596167206764221e-02 -3.615005686879158020e-02 -2.487505823373794556e-01 -4.109339043498039246e-02 -8.484632521867752075e-02 -7.148039340972900391e-02 -4.604512080550193787e-02 -3.947616368532180786e-02 -5.694955214858055115e-02 -1.021133735775947571e-01 -1.622361689805984497e-02 -8.923118561506271362e-02 1.445828080177307129e-01 -2.394417226314544678e-01 1.063717007637023926e-01 -1.173464059829711914e-01 -8.965581655502319336e-04 -9.730108082294464111e-02 -2.048441618680953979e-01 2.302615046501159668e-01 -7.130247075110673904e-03 -1.755050122737884521e-01 -6.743507832288742065e-02 -1.239926293492317200e-01 -1.311706844717264175e-02 1.401118934154510498e-01 -1.492121964693069458e-01 1.898327320814132690e-01 4.138809163123369217e-03 1.092342734336853027e-01 -1.619412750005722046e-01 -6.497251987457275391e-02 9.205470979213714600e-02 1.354408413171768188e-01 8.363118022680282593e-02 -1.589224636554718018e-01 2.711656987667083740e-01 9.144620969891548157e-03 7.473781704902648926e-02 -5.077416449785232544e-02 -7.126795593649148941e-03 -1.233689561486244202e-01 6.444861739873886108e-02 2.866378426551818848e-02 4.805448651313781738e-02 -1.031374335289001465e-01 4.310889542102813721e-02 -6.604170799255371094e-02 1.474848985671997070e-01 -5.957940965890884399e-02 4.673350974917411804e-02 1.294834464788436890e-01 5.269110575318336487e-02 2.382952570915222168e-01 -4.828102141618728638e-02 -1.158581376075744629e-01 -8.911509066820144653e-02 1.512501984834671021e-01 2.926799468696117401e-02 1.166631206870079041e-01 6.947595626115798950e-02 -1.695436984300613403e-02 1.218407899141311646e-01 -1.533799618482589722e-01 -1.507309377193450928e-01 -5.355336144566535950e-02 -9.204714000225067139e-02 -5.693599954247474670e-02 1.268622279167175293e-01 -6.025503203272819519e-02 4.342533182352781296e-03 4.608600959181785583e-02 -1.361480504274368286e-01 -9.340518712997436523e-02 -8.011321537196636200e-03 -6.839503347873687744e-02 6.272379308938980103e-02 -1.161097809672355652e-01 -7.181488722562789917e-02 1.593788564205169678e-01 1.970034837722778320e-02 5.129874870181083679e-02 1.598340570926666260e-01 -6.184028927236795425e-03 1.884095519781112671e-01 -1.284008473157882690e-01 -6.941373646259307861e-02 -7.800950855016708374e-02 -4.658299311995506287e-02 -7.177434116601943970e-02 -5.555186048150062561e-02 -1.834934577345848083e-02 -1.153904050588607788e-01 -9.503009170293807983e-02 -1.529919654130935669e-01 -1.891298405826091766e-02 -3.947931807488203049e-03 -9.099815972149372101e-03 -1.785483211278915405e-02 -2.029941827058792114e-01 1.579897403717041016e-01 4.526966810226440430e-02 -1.021260693669319153e-01 1.097995117306709290e-01 1.979026943445205688e-01 -3.063108213245868683e-02 -3.698811633512377739e-03 1.113597210496664047e-02 1.887301355600357056e-01 -4.533897340297698975e-02 -1.095898598432540894e-01 -1.789303570985794067e-01 -6.636263802647590637e-03 -1.225667893886566162e-01 -3.713413327932357788e-02 4.313324764370918274e-02 -8.419589698314666748e-02 -1.978852003812789917e-01 -7.203311473131179810e-02 3.765523061156272888e-02 3.520050644874572754e-02 3.899459913372993469e-02 -1.544754952192306519e-01
-4.527425020933151245e-02 -1.007278189063072205e-01 -4.272557329386472702e-03 -4.929773136973381042e-02 4.184316843748092651e-02 -2.190931439399719238e-01 -1.436695270240306854e-02 1.052216514945030212e-01 5.206602811813354492e-02 -1.415656208992004395e-01 -2.326714694499969482e-01 5.147865787148475647e-02 6.112561002373695374e-02 -9.640818089246749878e-02 1.092359796166419983e-02 -2.871495857834815979e-02 -1.523187607526779175e-01 1.386967003345489502e-01 8.146693557500839233e-02 9.700433164834976196e-02 -2.434631995856761932e-02 -5.085117369890213013e-02 2.387053705751895905e-02 -2.666957378387451172e-01 4.524990171194076538e-02 1.651125699281692505e-01 3.585230931639671326e-02 1.543275453150272369e-02 -4.679888486862182617e-02 1.021531298756599426e-01 -5.486063659191131592e-02 -1.482917368412017822e-01 4.712491109967231750e-02 -1.067398488521575928e-01 1.081387102603912354e-01 -2.869549207389354706e-02 -8.658921718597412109e-02 1.434798985719680786e-01 -1.905097626149654388e-02 4.686000198125839233e-02 1.175901666283607483e-02 3.776662796735763550e-02 1.777360737323760986e-01 7.710227370262145996e-02 -9.769433736801147461e-02 -2.447436153888702393e-01 -1.020846366882324219e-01 5.037873610854148865e-02 9.511904790997505188e-04 -1.200473010540008545e-01 6.612114142626523972e-03 -1.503190845251083374e-01 -6.032361835241317749e-02 1.385371387004852295e-01 1.828394271433353424e-02 -3.055246472358703613e-01 7.981330156326293945e-02 -2.883465029299259186e-02 2.509400062263011932e-02 -3.833147697150707245e-03 1.147889941930770874e-01 -5.050316825509071350e-02 1.803004890680313110e-01 6.920825690031051636e-02 2.151923775672912598e-01 3.081094659864902496e-02 2.720140479505062103e-02 -1.225186139345169067e-01 -2.118973731994628906e-01 -2.336396276950836182e-02 9.358569979667663574e-02 -2.091996520757675171e-01 -9.598231315612792969e-02 8.932040631771087646e-02 -6.539088487625122070e-02 -1.638614535331726074e-01 -8.388201892375946045e-02 2.557075396180152893e-02 -1.179849281907081604e-01 -9.018512070178985596e-02 -7.654245197772979736e-02 -1.818024553358554840e-02 -1.224640086293220520e-01 -1.391802728176116943e-01 -1.461376696825027466e-01 -1.414093524217605591e-01 -1.110087558627128601e-01 1.659924834966659546e-01 1.844095811247825623e-02 -1.457990705966949463e-01 -9.946791082620620728e-02 -1.081946492195129395e-01 3.025537915527820587e-02 -2.375399917364120483e-01 -1.134182363748550415e-01 9.943826496601104736e-02 -8.563151955604553223e-02 4.707858562469482422e-01 4.163012281060218811e-02 -2.949212212115526199e-04 3.323928639292716980e-02 3.432290628552436829e-02 4.246422648429870605e-02 3.445082530379295349e-02 9.878983721137046814e-03 -2.964232303202152252e-02 5.932047218084335327e-02 -1.860250383615493774e-01 -1.326081156730651855e-01 -7.500942796468734741e-02 -4.253039509057998657e-02 1.599295884370803833e-01 -1.089654266834259033e-01 3.036955557763576508e-02 3.809120878577232361e-02 2.831928431987762451e-01 6.879919767379760742e-02 -1.294904351234436035e-01 -7.851988077163696289e-02 5.993470549583435059e-02 1.009461730718612671e-01 1.777295395731925964e-02 -2.892351746559143066e-01 -1.859199106693267822e-01 3.533902764320373535e-02 -2.565457224845886230e-01 1.216731313616037369e-02 1.437721699476242065e-01
-4.929021466523408890e-03 -3.471027314662933350e-02 2.953146994113922119e-01 -6.904315948486328125e-02 3.731158375740051270e-02 -1.228071749210357666e-02 8.156440407037734985e-02 1.666161268949508667e-01 -1.161707751452922821e-02 1.786155402660369873e-01 -2.873504757881164551e-01 4.962389171123504639e-02 1.016200985759496689e-02 3.941341117024421692e-02 1.591558754444122314e-01 -8.947923779487609863e-02 8.292013406753540039e-02 1.352770812809467316e-02 -1.399136483669281006e-01 -6.684330850839614868e-02 -7.310600578784942627e-02 9.836377203464508057e-02 1.479158177971839905e-02 7.864570617675781250e-02 -1.867975741624832153e-01 2.211802154779434204e-01 -2.321194857358932495e-02 1.198312863707542419e-01 3.030901029706001282e-02 -8.150643110275268555e-02 -1.174787525087594986e-02 5.145227164030075073e-02 1.327356994152069092e-01 6.827977299690246582e-02 -2.751015499234199524e-02 1.321480721235275269e-01 5.482145026326179504e-02 -2.474026754498481750e-02 -2.612905502319335938e-01 6.090725958347320557e-02 2.087728865444660187e-02 3.809809312224388123e-02 6.185508519411087036e-02 4.631692171096801758e-02 -4.394472762942314148e-02 -6.510798819363117218e-03 -1.512587070465087891e-01 -4.889275878667831421e-02 1.699099130928516388e-02 -6.322625279426574707e-02 -3.206565231084823608e-02 5.095381755381822586e-03 8.867695927619934082e-02 -1.205569058656692505e-01 6.069390848278999329e-02 1.492628306150436401e-01 2.494765967130661011e-01 -8.413860201835632324e-02 1.868736743927001953e-01 1.099837347865104675e-01 1.234158650040626526e-01 1.260499954223632812e-01 -3.006601892411708832e-02 2.135548442602157593e-01 1.848435103893280029e-01 6.082895398139953613e-02 -4.892662540078163147e-02 -6.457427889108657837e-02 -2.234024554491043091e-02 1.861936226487159729e-02 1.211892627179622650e-02 7.979637384414672852e-02 2.705984115600585938e-01 1.585780382156372070e-01 2.581254243850708008e-01 3.780545890331268311e-01 -2.844521030783653259e-02 -2.471665665507316589e-02 2.419701218605041504e-02 9.841821156442165375e-03 -2.739713992923498154e-03 2.060057222843170166e-01 -1.600256711244583130e-01 2.121111303567886353e-01 2.057560384273529053e-01 -2.927439659833908081e-02 -1.248928233981132507e-01 -6.579084694385528564e-02 1.512628197669982910e-01 -4.274960607290267944e-02 6.086877360939979553e-02 2.440827637910842896e-01 3.676013648509979248e-02 -9.075810015201568604e-02 8.747293613851070404e-03 1.158382222056388855e-01 3.039310276508331299e-01 -1.459901928901672363e-01 1.698132231831550598e-02 3.968900814652442932e-02 3.884464129805564880e-02 -5.134087800979614258e-02 -6.356490403413772583e-02 1.561564505100250244e-01 -3.807877190411090851e-03 7.864502817392349243e-02 1.951059103012084961e-01 1.522004753351211548e-01 -2.411715388298034668e-01 1.617934107780456543e-01 -3.192787244915962219e-02 5.017545819282531738e-02 5.734663829207420349e-02 1.781086921691894531e-01 -7.565734535455703735e-02 -3.442798554897308350e-02 1.435411125421524048e-01 -1.816788613796234131e-01 -1.045512780547142029e-01 -3.507536277174949646e-02 2.548228017985820770e-02 -6.716475635766983032e-02 1.171632036566734314e-01 3.652339056134223938e-02 9.080339223146438599e-02 1.060042157769203186e-01 9.942870587110519409e-02 9.738388657569885254e-02
1.631977856159210205e-01 -2.498281598091125488e-01 1.822675168514251709e-01 3.068085201084613800e-02 2.965326607227325439e-01 -2.907307147979736328e-01 1.153773069381713867e-01 2.991577982902526855e-01 -7.820722460746765137e-02 2.266471087932586670e-01 -4.670631885528564453e-02 1.342031955718994141e-01 -1.324919462203979492e-01 -4.670615866780281067e-02 -1.625140011310577393e-01 3.074501454830169678e-02 3.212495148181915283e-02 8.167215622961521149e-03 2.354426681995391846e-02 8.793352544307708740e-02 9.548179805278778076e-02 9.794585406780242920e-02 -1.191640347242355347e-01 -2.030524425208568573e-03 1.468171328306198120e-01 1.344535648822784424e-01 1.112541332840919495e-01 1.091966107487678528e-01 -9.098194539546966553e-02 8.373860269784927368e-02 5.017725378274917603e-02 -9.466250240802764893e-02 9.553488343954086304e-03 -1.077068448066711426e-01 5.957227572798728943e-02 -1.092989929020404816e-03 -1.824427396059036255e-01 6.275870651006698608e-02 4.091378068551421165e-04 -9.301373362541198730e-02 -3.286553174257278442e-02 -1.244731694459915161e-01 -2.956340909004211426e-01 5.899302288889884949e-02 -9.302920661866664886e-03 2.153913229703903198e-01 -1.852564811706542969e-01 5.079725012183189392e-02 -4.734624549746513367e-02 -5.048435926437377930e-02 -1.384159922599792480e-01 9.571246057748794556e-02 -8.994088508188724518e-03 -2.014060616493225098e-01 -2.252747565507888794e-01 -1.022091284394264221e-01 -1.443795561790466309e-01 8.254920132458209991e-03 8.028461784124374390e-02 9.652384370565414429e-02 -1.418939232826232910e-01 8.283253014087677002e-02 -3.913940861821174622e-02 3.358141779899597168e-01 -4.488713443279266357e-01 -3.367760777473449707e-02 -4.738528653979301453e-02 1.855250298976898193e-01 -8.242546021938323975e-02 -2.047349363565444946e-01 -1.091413125395774841e-01 6.139018014073371887e-02 1.077159643173217773e-01 1.061341837048530579e-01 1.619154661893844604e-01 -1.174733415246009827e-01 -1.006508693099021912e-01 -4.527900740504264832e-02 1.249291077256202698e-01 -1.568586081266403198e-01 -1.236591860651969910e-01 1.256260275840759277e-01 -2.722759246826171875e-01 -7.086027413606643677e-02 3.169089555740356445e-02 -1.594172604382038116e-02 1.550537496805191040e-01 1.110250502824783325e-02 -2.419971525669097900e-01 1.536073070019483566e-02 -2.429214119911193848e-02 7.072474062442779541e-02 1.061462536454200745e-01 9.652662277221679688e-02 2.004270553588867188e-01 -1.568965017795562744e-01 -3.573943674564361572e-01 -4.592604935169219971e-03 -1.206714883446693420e-01 -1.105825230479240417e-01 8.238620311021804810e-02 -1.105591058731079102e-01 -1.049631740897893906e-02 -1.074365749955177307e-01 4.385969135910272598e-03 -4.028249159455299377e-02 1.890283674001693726e-01 7.484453916549682617e-02 7.686267048120498657e-02 5.887744948267936707e-02 1.247514188289642334e-01 3.954113647341728210e-02 2.450311183929443359e-01 -6.785427033901214600e-02 -1.149440482258796692e-01 7.145151961594820023e-03 9.655930101871490479e-02 -5.807089805603027344e-02 -1.162452623248100281e-01 4.846864379942417145e-03 -1.397458761930465698e-01 1.966175250709056854e-02 -6.288916617631912231e-02 -9.713224321603775024e-02 4.426913335919380188e-02 -1.616765707731246948e-01 -1.370861083269119263e-01 -1.962132193148136139e-02
-9.868579357862472534e-02 9.847885370254516602e-02 -7.463151961565017700e-02 3.875981271266937256e-01 6.681717932224273682e-02 5.224525332450866699e-01 9.594251215457916260e-02 -5.744799971580505371e-01 -3.179334476590156555e-02 1.814269833266735077e-02 -2.422805130481719971e-01 -7.639418542385101318e-02 1.706912815570831299e-01 2.252237051725387573e-01 1.080167293548583984e-01 -9.383261203765869141e-02 -1.018555089831352234e-01 1.300907414406538010e-02 -2.482749223709106445e-01 6.926470994949340820e-02 6.163625046610832214e-02 -1.795722097158432007e-01 -9.926318377256393433e-02 1.090896502137184143e-02 1.395678669214248657e-01 1.483040452003479004e-01 -8.197928220033645630e-02 2.744801342487335205e-01 -1.697354204952716827e-02 1.896754652261734009e-01 7.816715538501739502e-02 1.246067360043525696e-01 1.366822272539138794e-01 -2.702850662171840668e-02 1.710558310151100159e-02 -2.042281031608581543e-01 3.233610186725854874e-03 7.496292889118194580e-02 3.361917799338698387e-03 -1.236145272850990295e-01 -1.889323582872748375e-03 3.763813972473144531e-01 -6.011014431715011597e-02 2.221683561801910400e-01 -1.825445331633090973e-02 6.989710032939910889e-03 -5.402559041976928711e-02 -1.205200329422950745e-01 1.435695737600326538e-01 -8.786292374134063721e-02 -1.240533515810966492e-01 6.478411704301834106e-02 5.566010624170303345e-02 -9.351664222776889801e-03 -4.834131896495819092e-02 2.107724696397781372e-01 3.679685667157173157e-02 9.938815236091613770e-02 1.095800921320915222e-01 -1.637790165841579437e-02 -4.234295338392257690e-03 2.462642192840576172e-01 1.263702809810638428e-01 8.637869358062744141e-02 -4.246662184596061707e-02 2.793749235570430756e-02 -1.182084437459707260e-02 -1.122621260583400726e-02 -1.071062535047531128e-01 -3.796429559588432312e-02 3.146124184131622314e-01 -1.135756522417068481e-01 -1.459842920303344727e-01 -2.146662175655364990e-01 -8.740132302045822144e-02 6.348288804292678833e-02 -1.814579069614410400e-01 8.608087152242660522e-02 -4.287585243582725525e-02 3.392642438411712646e-01 4.264666885137557983e-02 -3.021545149385929108e-02 -2.437165081501007080e-01 9.461864084005355835e-02 4.360865429043769836e-02 -4.187839478254318237e-02 -3.662839531898498535e-02 1.344449073076248169e-01 -2.469491399824619293e-02 4.233030676841735840e-01 -3.455304726958274841e-02 -1.470556408166885376e-01 5.636384710669517517e-02 1.749785393476486206e-01 -6.566732376813888550e-02 1.316946893930435181e-01 -1.775869578123092651e-01 -1.058874428272247314e-01 9.268959984183311462e-03 -1.437156181782484055e-02 2.673187851905822754e-01 2.888034880161285400e-01 1.138286665081977844e-01 7.641556859016418457e-02 -1.899616420269012451e-01 1.552261877804994583e-02 2.559128105640411377e-01 -1.302215754985809326e-01 5.800696462392807007e-02 7.974629104137420654e-02 1.893521547317504883e-01 1.184088736772537231e-01 4.351807758212089539e-02 2.379045188426971436e-01 -2.087460905313491821e-01 -3.277518600225448608e-02 1.759965270757675171e-01 2.035584300756454468e-01 -3.312230110168457031e-03 -2.873653732240200043e-02 -1.392678022384643555e-01 1.567932516336441040e-01 6.005074828863143921e-02 -7.201931625604629517e-02 1.293178554624319077e-02 -4.842831194400787354e-02 7.851853221654891968e-02 -6.025782600045204163e-02
-3.426816761493682861e-01 2.526123523712158203e-01 -9.318166971206665039e-02 1.876000463962554932e-01 -1.878153830766677856e-01 -4.216103255748748779e-01 -2.682885341346263885e-02 -3.173024356365203857e-01 2.044408172369003296e-01 3.155204653739929199e-02 2.970232628285884857e-02 -5.456749349832534790e-02 1.595008522272109985e-01 -7.049808651208877563e-02 4.318764060735702515e-02 2.376873344182968140e-01 -5.938911437988281250e-02 -1.952775418758392334e-01 1.460107415914535522e-01 -1.072048023343086243e-01 8.462592959403991699e-02 -5.210108123719692230e-03 2.124985493719577789e-02 9.627714753150939941e-02 -1.091686412692070007e-01 -2.481309324502944946e-01 2.742976844310760498e-01 -1.603330671787261963e-01 1.950006186962127686e-01 3.498631343245506287e-02 1.165983229875564575e-01 -1.458795666694641113e-01 -1.981456065550446510e-03 1.587085723876953125e-01 -1.169107183814048767e-01 -1.728951930999755859e-02 5.084028095006942749e-02 -1.196727156639099121e-02 4.053907990455627441e-01 1.234799697995185852e-01 3.752687945961952209e-02 -1.423365473747253418e-01 2.998227775096893311e-01 -6.994750816375017166e-03 1.568164825439453125e-01 -1.174711436033248901e-01 -2.063375413417816162e-01 2.720641493797302246e-01 -3.798687458038330078e-02 -3.508351743221282959e-02 2.633760571479797363e-01 1.886978447437286377e-01 1.014480441808700562e-01 -1.385340839624404907e-01 3.535726666450500488e-01 -4.425027966499328613e-02 -1.020838394761085510e-01 4.710887372493743896e-02 -1.238774508237838745e-02 1.247807741165161133e-01 9.564433246850967407e-02 7.778604328632354736e-02 -1.489476412534713745e-01 3.630965203046798706e-02 3.268337547779083252e-01 2.206507921218872070e-01 1.704674959182739258e-01 2.285584807395935059e-01 6.351768970489501953e-02 1.991429738700389862e-02 1.740624755620956421e-01 -2.789597809314727783e-01 1.538209468126296997e-01 3.524544835090637207e-02 -9.725177288055419922e-02 -9.849157184362411499e-02 8.164902776479721069e-02 2.328950464725494385e-01 2.583233416080474854e-01 1.934456080198287964e-02 -1.016284897923469543e-01 -7.944104820489883423e-02 2.623531818389892578e-01 -4.336316138505935669e-02 6.856974959373474121e-02 1.692327857017517090e-01 1.859449744224548340e-01 4.359442591667175293e-01 2.207072079181671143e-01 -2.329905889928340912e-02 4.118731245398521423e-03 -4.872172325849533081e-02 -1.345723569393157959e-01 9.665869176387786865e-02 1.540179103612899780e-01 6.228628382086753845e-02 3.824385106563568115e-01 1.488648504018783569e-01 -5.198511481285095215e-02 1.486978530883789062e-01 -2.349794283509254456e-02 8.940710872411727905e-02 2.390915453433990479e-01 -4.983390215784311295e-03 9.974829107522964478e-02 -3.520156815648078918e-02 -1.198672205209732056e-01 1.202368289232254028e-01 -8.508390933275222778e-02 -5.783656612038612366e-02 1.492092460393905640e-01 -5.923593640327453613e-01 1.447253823280334473e-01 1.095564588904380798e-01 -1.269200295209884644e-01 7.106808573007583618e-02 -2.518815696239471436e-01 1.949120759963989258e-01 -1.129206418991088867e-01 -2.094645649194717407e-01 8.460817486047744751e-02 3.084477223455905914e-02 -4.991784393787384033e-01 2.978313267230987549e-01 2.211416065692901611e-01 8.487923443317413330e-02 -2.979131601750850677e-02 -1.081834211945533752e-01
-2.231929451227188110e-02 -8.703853935003280640e-02 3.235062211751937866e-02 2.894791774451732635e-02 6.374407559633255005e-03 -2.238234430551528931e-01 -1.554026734083890915e-02 1.740210689604282379e-02 1.871910989284515381e-01 -1.232270710170269012e-02 -9.236811846494674683e-02 -9.658113121986389160e-02 -1.283236742019653320e-01 -2.674289047718048096e-01 -1.054518446326255798e-01 -9.323716908693313599e-02 7.903561741113662720e-02 -3.804032132029533386e-02 -2.401526719331741333e-01 4.528065770864486694e-02 7.427191827446222305e-03 1.757817566394805908e-01 -9.691790491342544556e-02 -6.313381344079971313e-02 -1.894484907388687134e-01 -2.224658988416194916e-02 -5.390867963433265686e-02 -1.249033305794000626e-02 -7.384171336889266968e-02 -9.651290625333786011e-02 -1.083307638764381409e-01 -1.538423597812652588e-01 1.211360679008066654e-03 -1.007460951805114746e-01 -5.104518309235572815e-02 -2.290037274360656738e-01 -1.787822395563125610e-01 -1.873484812676906586e-02 4.604398831725120544e-02 1.395688802003860474e-01 -5.027643870562314987e-03 -2.309211194515228271e-01 -1.268154531717300415e-01 -1.373428702354431152e-01 8.474672213196754456e-03 -1.035217940807342529e-01 -8.612418547272682190e-03 5.594157427549362183e-02 -6.849193572998046875e-02 -5.921556055545806885e-02 -5.419526994228363037e-02 5.693937838077545166e-02 -1.372358053922653198e-01 4.372971132397651672e-02 2.195506095886230469e-01 3.894891962409019470e-02 -7.706840056926012039e-03 1.050290092825889587e-02 -9.763676673173904419e-02 8.301685750484466553e-02 -5.237842909991741180e-03 -1.792588382959365845e-01 -1.609307676553726196e-01 8.350145071744918823e-03 9.826108068227767944e-02 1.047765165567398071e-01 -8.597220480442047119e-02 6.994156539440155029e-02 -7.899072766304016113e-02 -1.367586851119995117e-01 -7.587672770023345947e-02 -6.864027678966522217e-02 1.823303550481796265e-01 6.113692745566368103e-02 -8.365268260240554810e-02 8.229626715183258057e-02 1.978812366724014282e-02 -6.222723424434661865e-02 9.578257054090499878e-02 -2.725942432880401611e-01 3.180735558271408081e-02 -7.167258765548467636e-03 1.394922286272048950e-01 -1.248020380735397339e-01 1.656759232282638550e-01 -4.976764321327209473e-02 2.708949893712997437e-02 -2.706481218338012695e-01 3.637737035751342773e-02 -2.026656717061996460e-01 -1.576112210750579834e-01 -1.562909036874771118e-02 -7.769925892353057861e-02 5.426360759884119034e-03 1.851360350847244263e-01 -6.163706257939338684e-02 5.556562542915344238e-02 -8.207499235868453979e-02 -5.624660104513168335e-02 -2.079570852220058441e-02 -1.458824705332517624e-02 2.045219019055366516e-02 -2.237741202116012573e-01 2.755917143076658249e-03 -1.199024096131324768e-01 1.497973501682281494e-01 9.464780986309051514e-02 1.344050765037536621e-01 -1.582252234220504761e-01 -1.443995162844657898e-02 1.479150145314633846e-03 -2.072552442550659180e-01 -2.320642769336700439e-01 -9.064011275768280029e-02 -6.384237855672836304e-02 -1.839543879032135010e-01 -2.702474594116210938e-01 -1.744892820715904236e-02 -6.987611949443817139e-02 -1.416256427764892578e-01 -1.004664693027734756e-02 -1.494882702827453613e-01 -2.928570806980133057e-01 -5.526684969663619995e-02 4.493008181452751160e-02 6.223683059215545654e-02 -1.013384971884079278e-04 -2.285207360982894897e-01
-1.707533299922943115e-01 1.475940197706222534e-01 -6.482243537902832031e-02 1.998339965939521790e-02 -1.829858869314193726e-01 1.455127596855163574e-01 5.311620607972145081e-02 -2.195669338107109070e-02 -1.021454781293869019e-01 -2.303863689303398132e-02 5.361939966678619385e-02 1.906179189682006836e-01 -7.926626503467559814e-02 9.683451801538467407e-02 2.215196937322616577e-02 -1.031392365694046021e-01 4.280567372916266322e-05 -9.520033746957778931e-02 4.963159561157226562e-02 1.787113100290298462e-01 5.286538600921630859e-02 -1.163686662912368774e-01 4.085427895188331604e-02 -1.540796756744384766e-01 1.437639892101287842e-01 -2.558820508420467377e-02 -9.688895940780639648e-02 1.070426851511001587e-01 1.417683660984039307e-01 -7.755980640649795532e-02 7.336152344942092896e-02 7.540006190538406372e-02 1.897677779197692871e-01 1.006973609328269958e-01 -8.193711191415786743e-02 -9.317554533481597900e-02 -6.196083128452301025e-02 3.646478056907653809e-02 -8.200386166572570801e-02 6.864445749670267105e-03 -1.867075115442276001e-01 1.401545107364654541e-01 -6.246264651417732239e-02 -6.888236850500106812e-02 1.230574101209640503e-01 -2.197882831096649170e-01 4.517546854913234711e-03 1.006926074624061584e-01 -3.213732689619064331e-02 -4.552805423736572266e-02 -9.277559816837310791e-02 1.129815950989723206e-01 1.734593063592910767e-01 1.574990153312683105e-01 -4.799795895814895630e-02 1.552571952342987061e-01 -1.792957782745361328e-01 5.372757092118263245e-02 -1.030974686145782471e-01 -2.363485656678676605e-02 -1.179274842143058777e-01 9.289453923702239990e-02 2.563542127609252930e-01 -9.272037446498870850e-02 1.532870680093765259e-01 -1.040530130267143250e-01 -2.618996612727642059e-02 -6.827436387538909912e-02 7.724002003669738770e-02 -1.822466962039470673e-02 1.542720347642898560e-01 1.909234076738357544e-01 2.254167385399341583e-02 -1.018428206443786621e-01 -1.459849178791046143e-01 -2.106171473860740662e-02 -9.329840540885925293e-02 -5.616900324821472168e-02 -1.027672067284584045e-01 -6.509922444820404053e-02 2.826273255050182343e-02 5.362353753298521042e-03 -1.136318519711494446e-01 4.510572925209999084e-02 -4.823345318436622620e-02 3.749373927712440491e-02 1.356031745672225952e-01 1.783869713544845581e-01 -7.137370109558105469e-02 9.119424223899841309e-02 7.093802839517593384e-02 -7.763175666332244873e-02 -4.766423255205154419e-02 -1.168255135416984558e-02 4.933815822005271912e-02 2.968954108655452728e-02 9.472118318080902100e-02 -6.284307688474655151e-02 5.339631810784339905e-03 2.207111269235610962e-01 1.553535014390945435e-01 1.446599960327148438e-01 1.891661733388900757e-01 1.066383942961692810e-01 -3.997775726020336151e-03 -1.072988882660865784e-01 -3.624074161052703857e-02 -1.788721531629562378e-01 8.710933476686477661e-02 -2.801695466041564941e-02 6.279122084379196167e-02 1.158308312296867371e-01 1.155008450150489807e-01 1.026899516582489014e-01 2.382443286478519440e-02 1.416236460208892822e-01 -7.530901581048965454e-02 -2.906102687120437622e-02 8.096952736377716064e-02 -5.830540880560874939e-02 -1.456823945045471191e-02 1.673849374055862427e-01 -5.823602154850959778e-02 -2.000257372856140137e-01 -4.838279262185096741e-02 -7.831940054893493652e-02 -1.774160936474800110e-02 3.727741166949272156e-02
7.133862003684043884e-03 -7.021056115627288818e-02 -6.846874207258224487e-02 2.610399015247821808e-02 3.086888790130615234e-02 -6.803043931722640991e-02 8.302569389343261719e-03 1.289401762187480927e-02 2.787744067609310150e-02 2.060190029442310333e-02 8.800529688596725464e-02 1.009508296847343445e-01 -3.819580376148223877e-02 -5.391566082835197449e-02 4.443089291453361511e-02 -1.942613348364830017e-02 9.849298745393753052e-02 -1.351206004619598389e-01 -1.477837115526199341e-01 1.393394470214843750e-01 -1.062523871660232544e-01 7.270866632461547852e-02 8.785678446292877197e-02 2.758207544684410095e-02 -3.126425668597221375e-02 6.166718527674674988e-02 -8.868374675512313843e-02 1.406416296958923340e-01 -8.170489221811294556e-02 1.112497225403785706e-01 -2.040703296661376953e-01 9.932757169008255005e-02 1.518469750881195068e-01 1.339607983827590942e-01 1.354848593473434448e-01 -2.408233582973480225e-01 -8.208604902029037476e-02 9.508226811885833740e-02 3.407531231641769409e-02 1.334178745746612549e-01 2.456566505134105682e-02 3.427862748503684998e-02 1.278648972511291504e-01 8.932131528854370117e-02 9.998245537281036377e-02 -2.570014633238315582e-02 1.628635823726654053e-01 1.500891149044036865e-01 -1.217243541032075882e-02 1.094268262386322021e-02 -1.835657209157943726e-01 9.610209614038467407e-02 1.963357999920845032e-02 -1.231069304049015045e-02 1.065873205661773682e-01 1.470329426229000092e-02 -2.099851146340370178e-03 4.576487839221954346e-02 -2.094372175633907318e-02 -7.469248771667480469e-02 7.469013333320617676e-03 6.002090871334075928e-02 1.805839240550994873e-01 1.363778859376907349e-01 -4.421976581215858459e-02 -1.148487031459808350e-01 2.001962997019290924e-02 -8.922205120325088501e-02 -2.323905825614929199e-01 -4.537030309438705444e-02 -2.995521016418933868e-02 1.184772253036499023e-01 6.059841066598892212e-02 5.524323880672454834e-02 -9.678694605827331543e-02 6.698855757713317871e-02 6.294427067041397095e-02 1.112435981631278992e-01 -1.245581824332475662e-02 8.096466213464736938e-02 -2.791734039783477783e-02 -5.395396053791046143e-02 -1.068129763007164001e-01 -8.929214626550674438e-02 -3.469870612025260925e-02 -7.422289997339248657e-02 -5.794214084744453430e-02 1.915223896503448486e-01 7.552913576364517212e-02 2.650635130703449249e-02 -8.544030785560607910e-02 -4.538584873080253601e-02 -8.005041629076004028e-02 4.868489876389503479e-02 -8.970811218023300171e-02 2.072971500456333160e-02 -1.615734845399856567e-01 -8.319041877985000610e-02 -7.955750077962875366e-02 6.657209247350692749e-02 1.179631352424621582e-01 4.670127853751182556e-02 2.739359624683856964e-03 3.007755056023597717e-02 -4.516989588737487793e-01 -7.944585382938385010e-02 7.753355056047439575e-02 -8.709488064050674438e-02 6.311058253049850464e-02 9.410920739173889160e-02 -1.044729948043823242e-01 -6.882741302251815796e-02 -3.683187067508697510e-02 -2.720109745860099792e-02 -2.383805438876152039e-02 -2.366493269801139832e-02 -4.914223030209541321e-02 2.594650983810424805e-01 -1.143359243869781494e-01 -2.059163711965084076e-02 8.262387663125991821e-02 1.369240134954452515e-01 -3.423641202971339226e-03 -3.553260467015206814e-04 1.409596949815750122e-01 -3.828155994415283203e-02 6.323983520269393921e-02 -3.531681373715400696e-02
-3.251971676945686340e-03 3.853380307555198669e-02 4.173252265900373459e-03 -1.332369595766067505e-01 8.051788061857223511e-02 -1.079359278082847595e-01 1.323233917355537415e-02 -3.145974129438400269e-02 1.865190267562866211e-01 -8.545836061239242554e-02 9.877262264490127563e-02 1.543368492275476456e-02 -4.959265142679214478e-02 -6.309642642736434937e-02 -8.409304916858673096e-02 -4.091254621744155884e-02 2.329732626676559448e-01 -9.092871844768524170e-02 3.567906096577644348e-02 -1.089992746710777283e-02 -6.546213477849960327e-02 -4.851321130990982056e-02 4.519678652286529541e-02 -8.145929872989654541e-02 6.215094029903411865e-02 7.999828457832336426e-02 8.722475171089172363e-02 2.073823474347591400e-02 -1.808232441544532776e-02 -1.199981123208999634e-01 -1.697829738259315491e-02 -1.611860543489456177e-01 2.618769183754920959e-02 -1.243616193532943726e-01 -3.895149379968643188e-02 2.681435458362102509e-02 1.712121069431304932e-01 -1.794048547744750977e-01 -7.190080732107162476e-02 3.388199582695960999e-02 2.715849317610263824e-02 -1.412290930747985840e-01 -1.823872327804565430e-01 -1.269245743751525879e-01 4.549273103475570679e-02 -7.686983793973922729e-02 -4.887284245342016220e-03 -1.230750754475593567e-01 -2.571318745613098145e-01 -5.170816183090209961e-02 -3.574695065617561340e-02 -4.247055575251579285e-02 -1.531244255602359772e-02 1.507308334112167358e-01 -1.986896097660064697e-01 1.544980108737945557e-01 8.098484575748443604e-02 -3.871603310108184814e-02 -5.880025774240493774e-02 1.656035892665386200e-02 -6.951015442609786987e-02 -9.229364991188049316e-02 4.885504767298698425e-02 -1.063947286456823349e-02 -6.187786161899566650e-02 1.049167364835739136e-01 -1.708415597677230835e-01 5.892010033130645752e-02 1.579412370920181274e-01 1.088070347905158997e-01 -4.094428196549415588e-02 3.523103520274162292e-02 1.048699393868446350e-02 7.988332770764827728e-03 -9.014446288347244263e-02 1.125938147306442261e-01 -1.106574311852455139e-01 4.118807241320610046e-02 -1.078805550932884216e-01 -1.598367393016815186e-01 -1.092317849397659302e-01 1.143204607069492340e-02 5.835307762026786804e-02 -2.485509961843490601e-02 1.134493798017501831e-01 -2.468431927263736725e-02 -2.178923487663269043e-01 -1.606376618146896362e-01 -1.670951247215270996e-01 -1.590955108404159546e-01 1.543784588575363159e-01 1.286416053771972656e-01 5.095746740698814392e-02 1.387269003316760063e-03 5.479426309466362000e-02 -2.187063694000244141e-01 2.629963755607604980e-01 -1.483583152294158936e-01 -6.755035370588302612e-02 -1.118283718824386597e-01 -3.476216644048690796e-02 -1.417912691831588745e-01 6.219959259033203125e-02 1.194004043936729431e-01 -1.959643363952636719e-01 1.002698857337236404e-02 7.413915544748306274e-02 -5.357183888554573059e-02 1.138954833149909973e-01 1.473908722400665283e-01 -2.340842410922050476e-02 -2.613861486315727234e-02 1.004603970795869827e-02 4.385137185454368591e-02 1.511787623167037964e-01 1.967475004494190216e-02 2.149155735969543457e-01 -1.616129279136657715e-01 -1.151619702577590942e-01 2.183988317847251892e-02 -1.025120094418525696e-01 1.642522960901260376e-01 -5.771140009164810181e-02 -8.221372961997985840e-02 -3.172070160508155823e-02 1.291898041963577271e-01 -7.478664070367813110e-02 1.573202461004257202e-01
-1.296319812536239624e-01 5.728146992623806000e-03 1.380948126316070557e-01 2.293745754286646843e-03 -6.623978167772293091e-02 -1.324732694774866104e-02 -1.644600033760070801e-01 7.611023634672164917e-02 3.395551443099975586e-02 5.440003797411918640e-02 -2.037232220172882080e-01 -2.922323904931545258e-02 1.129797007888555527e-02 -7.130824774503707886e-02 1.391100138425827026e-01 -2.207951247692108154e-02 -3.604638949036598206e-02 -4.401824623346328735e-02 -6.913799047470092773e-02 5.186956003308296204e-02 -5.609990656375885010e-02 -3.404693305492401123e-02 -4.017226770520210266e-02 3.913984820246696472e-02 -3.984100371599197388e-02 2.881108038127422333e-02 -7.781673222780227661e-02 1.693131923675537109e-01 -4.684956744313240051e-02 1.190049946308135986e-01 -8.453518152236938477e-02 2.907409146428108215e-02 1.857645460404455662e-03 -7.534306030720472336e-03 -1.456037759780883789e-01 -6.746095418930053711e-02 2.772192060947418213e-01 6.081601977348327637e-02 6.189423799514770508e-02 3.334972262382507324e-02 -1.554877460002899170e-01 -8.530207723379135132e-02 4.915747046470642090e-02 2.418366819620132446e-02 -9.166184812784194946e-02 -2.898143231868743896e-01 -6.244673207402229309e-02 7.728083431720733643e-02 3.126955777406692505e-02 6.728665530681610107e-02 9.850258380174636841e-02 -1.209453567862510681e-01 -3.465617820620536804e-02 -6.252167373895645142e-02 1.512073576450347900e-01 1.215623691678047180e-01 8.311612531542778015e-03 -5.519633367657661438e-02 -6.480205059051513672e-02 1.781175732612609863e-01 -1.156707704067230225e-01 8.091861754655838013e-02 4.841205477714538574e-02 -3.115277737379074097e-02 1.088942587375640869e-01 3.218248113989830017e-02 2.820542268455028534e-02 8.734626695513725281e-03 -9.971334785223007202e-02 9.992390125989913940e-02 6.533250957727432251e-02 4.953829105943441391e-03 6.571789085865020752e-02 6.999771576374769211e-03 1.030861884355545044e-01 1.207107603549957275e-01 2.392780929803848267e-01 -9.690681844949722290e-02 -1.206834167242050171e-01 3.726005926728248596e-02 5.846107751131057739e-02 9.164094179868698120e-02 -2.533606626093387604e-02 1.524025350809097290e-01 1.864450126886367798e-01 4.345535859465599060e-02 -1.165605559945106506e-01 1.169121190905570984e-01 1.327760815620422363e-01 3.268989920616149902e-02 3.883040696382522583e-02 1.035428885370492935e-02 -4.189299419522285461e-02 -4.189829900860786438e-02 -2.695857547223567963e-02 -8.662536740303039551e-02 1.896771192550659180e-01 -1.157301664352416992e-01 -5.548332631587982178e-02 -5.817227438092231750e-02 -1.687084883451461792e-02 -7.103197276592254639e-02 -1.921268850564956665e-01 9.940505772829055786e-02 6.886573880910873413e-02 2.012427709996700287e-02 -8.919948711991310120e-03 -8.615221828222274780e-03 -1.994878053665161133e-02 4.812557250261306763e-02 -5.494850873947143555e-02 6.884935498237609863e-02 8.538106828927993774e-02 -1.278170794248580933e-01 -1.772964298725128174e-01 -5.967568978667259216e-02 5.673363432288169861e-02 2.022048458456993103e-02 -1.154430508613586426e-01 -8.940666913986206055e-02 1.306079924106597900e-01 -1.775498874485492706e-02 -5.061656236648559570e-02 6.228819489479064941e-02 8.095389604568481445e-02 2.226086854934692383e-01 -2.488411962985992432e-02 9.332468360662460327e-02
1.843875199556350708e-01 2.420520596206188202e-02 -8.847927302122116089e-02 -3.778157010674476624e-02 1.149939023889601231e-03 5.726026371121406555e-02 3.800839558243751526e-02 6.840831041336059570e-02 1.241567954421043396e-01 1.384749636054039001e-02 1.511596292257308960e-01 4.455491527915000916e-02 1.883918605744838715e-02 1.522804424166679382e-02 5.684202536940574646e-03 9.111889451742172241e-02 -3.492331132292747498e-02 2.197752147912979126e-01 6.642705202102661133e-02 -2.767383493483066559e-02 -4.870479181408882141e-02 2.547932602465152740e-02 8.596292883157730103e-02 -3.570697829127311707e-02 2.054900303483009338e-02 -2.096615284681320190e-01 1.450904905796051025e-01 -1.000158861279487610e-01 4.870471358299255371e-02 1.544107962399721146e-02 8.560369163751602173e-02 5.665137246251106262e-02 4.594027623534202576e-02 3.365720808506011963e-02 2.339835837483406067e-02 -3.113634884357452393e-02 -3.889781609177589417e-02 9.706803411245346069e-02 1.235550343990325928e-01 9.386281669139862061e-02 -8.819260448217391968e-02 2.283142134547233582e-02 1.420581489801406860e-01 -3.283321484923362732e-02 2.547661401331424713e-02 1.157704815268516541e-01 5.723739415407180786e-02 1.715118251740932465e-02 8.468392188660800457e-04 1.126075685024261475e-01 1.568469405174255371e-02 2.985634282231330872e-02 -1.590481586754322052e-02 7.898485660552978516e-02 -1.449335813522338867e-01 -1.053559780120849609e-01 5.704752355813980103e-02 2.627301216125488281e-02 -2.932742796838283539e-02 -1.595336198806762695e-01 1.074367389082908630e-01 -5.740185454487800598e-02 3.846096992492675781e-02 -1.468061655759811401e-01 -7.420969009399414062e-02 -4.533257707953453064e-02 1.163805201649665833e-01 1.469174623489379883e-01 -1.361245065927505493e-01 -2.214565686881542206e-02 1.338181942701339722e-01 -1.073770970106124878e-01 -1.883741021156311035e-01 1.162539720535278320e-01 -2.401465550065040588e-02 -3.632755950093269348e-02 -3.774172812700271606e-02 1.993103176355361938e-01 2.195139378309249878e-01 -3.388264775276184082e-02 -8.017940819263458252e-02 -2.374848537147045135e-02 1.098006870597600937e-02 1.099944114685058594e-01 -5.435609724372625351e-03 1.757770627737045288e-01 -1.054876148700714111e-01 4.663394298404455185e-03 -2.091011591255664825e-02 -4.072099551558494568e-02 -8.020945638418197632e-02 -2.373455651104450226e-02 -8.012574911117553711e-02 -6.309469230473041534e-03 5.954662710428237915e-02 -2.553058788180351257e-02 3.590653464198112488e-02 -5.877519026398658752e-03 -1.117481663823127747e-02 5.356613174080848694e-02 -4.909320548176765442e-02 -1.643590815365314484e-02 2.070436775684356689e-01 -1.805541217327117920e-01 -9.998943656682968140e-02 1.006584838032722473e-01 -1.479522436857223511e-01 -3.334097191691398621e-02 2.269769087433815002e-02 -1.613837182521820068e-01 -3.355097398161888123e-02 4.361004754900932312e-02 2.984727732837200165e-02 1.265152692794799805e-01 9.512318670749664307e-02 -2.633826620876789093e-02 7.050755620002746582e-02 3.306924924254417419e-02 2.316641621291637421e-02 3.249954804778099060e-02 1.361350864171981812e-01 -1.025058329105377197e-02 -2.404175698757171631e-02 1.542076282203197479e-02 1.472868118435144424e-02 -5.536549910902976990e-02 9.852271527051925659e-02 5.354060977697372437e-02
1.453510671854019165e-01 -4.506313055753707886e-02 8.151493966579437256e-02 1.157995779067277908e-02 5.688298493623733521e-02 6.996184587478637695e-02 -1.000024229288101196e-01 3.636244311928749084e-02 -1.300119310617446899e-01 5.468295887112617493e-02 1.271947845816612244e-02 -1.086286306381225586e-01 -2.107109501957893372e-02 1.695355772972106934e-02 -3.698131069540977478e-02 1.910417973995208740e-01 -2.050455659627914429e-01 1.048569157719612122e-01 7.145328819751739502e-02 1.597419828176498413e-01 -1.405425220727920532e-01 -1.299712359905242920e-01 -6.641543656587600708e-02 3.075104653835296631e-01 5.667879804968833923e-02 5.545289814472198486e-02 -1.001946032047271729e-01 5.502248648554086685e-03 5.595892667770385742e-03 -1.444808905944228172e-03 5.758456513285636902e-02 -8.876227587461471558e-02 -7.262203842401504517e-02 5.903013795614242554e-02 -5.654671043157577515e-02 3.017404582351446152e-03 -1.020058095455169678e-01 -5.947221070528030396e-02 -4.477598145604133606e-02 -1.893824487924575806e-01 -3.106147982180118561e-02 1.656989455223083496e-01 -3.458471596240997314e-02 -1.298229694366455078e-01 2.748795785009860992e-02 1.008329018950462341e-01 2.235532365739345551e-02 1.416810303926467896e-01 -7.215408980846405029e-02 8.319014310836791992e-02 -6.769286841154098511e-02 -3.152753412723541260e-02 -2.250710427761077881e-01 5.544626340270042419e-02 9.917128831148147583e-02 6.615543365478515625e-02 -7.932676374912261963e-02 1.107713729143142700e-01 -3.195586381480097771e-03 -8.090486377477645874e-02 -4.457084089517593384e-02 -5.603609979152679443e-02 4.247459117323160172e-03 1.587325781583786011e-01 1.100287958979606628e-01 -2.960623987019062042e-02 1.080783158540725708e-01 -4.240042343735694885e-02 3.743800520896911621e-02 9.543048590421676636e-02 -2.066751122474670410e-01 7.145965099334716797e-02 7.336132973432540894e-02 3.541798517107963562e-02 -2.014057710766792297e-02 -1.364321559667587280e-01 -1.590351164340972900e-01 -1.660477183759212494e-02 2.026827335357666016e-01 1.758909225463867188e-01 3.753958269953727722e-02 -5.454212892800569534e-03 -6.027750670909881592e-02 -2.971635758876800537e-01 8.049706369638442993e-02 -1.481839865446090698e-01 2.152839861810207367e-02 -1.290392875671386719e-01 -1.060341745615005493e-01 -4.346213489770889282e-02 4.548715800046920776e-02 -5.433455109596252441e-02 5.129734054207801819e-03 -1.131079997867345810e-02 -1.142242923378944397e-02 1.337515264749526978e-01 -1.754439026117324829e-01 2.961260266602039337e-02 -7.715462893247604370e-02 1.938258856534957886e-01 -1.630535721778869629e-01 6.278652697801589966e-02 -1.515956502407789230e-02 -8.691915124654769897e-02 2.916935682296752930e-01 3.654095903038978577e-02 -4.213007166981697083e-02 -1.208204627037048340e-01 1.840505935251712799e-02 -2.227107249200344086e-02 8.363791555166244507e-02 3.508027642965316772e-02 9.311673045158386230e-02 7.109680771827697754e-02 -1.073595285415649414e-01 9.665801376104354858e-02 -5.552614480257034302e-02 6.303144246339797974e-02 9.542386978864669800e-02 -8.543080650269985199e-03 9.016097523272037506e-03 -1.284353900700807571e-02 -1.194818690419197083e-01 1.631843298673629761e-01 2.385142818093299866e-02 3.715424239635467529e-02 -9.837934747338294983e-03 -5.907484889030456543e-02
-7.823610305786132812e-02 2.350181341171264648e-02 -1.985263824462890625e-01 -1.872933357954025269e-01 2.550391247496008873e-03 -1.098741590976715088e-01 -1.431864500045776367e-01 -1.218506917357444763e-01 -3.703043237328529358e-02 -1.808576285839080811e-01 -3.090740926563739777e-02 6.131221354007720947e-02 -1.077052801847457886e-01 -3.237386420369148254e-02 -1.289196610450744629e-01 -4.140426218509674072e-02 3.058998845517635345e-02 -4.381380975246429443e-02 -8.675761520862579346e-02 3.759717196226119995e-02 -1.069156676530838013e-01 -1.559669077396392822e-01 4.417001083493232727e-02 -1.381530910730361938e-01 8.074103854596614838e-03 -5.895754694938659668e-02 3.335149586200714111e-02 -1.490036547183990479e-01 5.487361550331115723e-02 1.373935490846633911e-02 1.451004594564437866e-01 -1.475216895341873169e-01 3.234808146953582764e-02 -8.504021912813186646e-02 -2.261923626065254211e-02 7.847676426172256470e-02 -1.197908744215965271e-01 4.492988064885139465e-02 1.075959354639053345e-01 -7.287546992301940918e-02 -3.755204975605010986e-01 -3.059252863749861717e-03 -2.932795882225036621e-02 8.533761836588382721e-03 -1.338707357645034790e-01 -1.253784894943237305e-01 -3.965415060520172119e-02 1.158641576766967773e-01 -8.477292209863662720e-02 -1.118247956037521362e-01 3.247722238302230835e-02 -7.665133476257324219e-02 -5.090529471635818481e-02 1.228402853012084961e-01 -5.271971598267555237e-02 -8.157263696193695068e-02 -3.417530655860900879e-02 -2.835027314722537994e-02 -2.722343206405639648e-01 1.963941901922225952e-01 -4.240235090255737305e-01 1.927295140922069550e-02 -2.485881745815277100e-02 1.056650355458259583e-01 -2.147772582247853279e-03 2.295367978513240814e-02 -2.090386301279067993e-01 -2.097568660974502563e-01 1.176285147666931152e-01 3.663855791091918945e-02 5.331574752926826477e-02 5.279574915766716003e-02 7.121662795543670654e-02 2.118794433772563934e-02 -1.133621633052825928e-01 3.384933620691299438e-02 7.721700519323348999e-02 -1.666473299264907837e-01 -2.973129749298095703e-01 -6.087366864085197449e-02 6.808574497699737549e-02 -1.069370582699775696e-01 8.079396188259124756e-02 7.121209800243377686e-02 5.525126308202743530e-02 4.111951962113380432e-02 -6.027215346693992615e-02 1.768106073141098022e-01 -1.234944313764572144e-01 -4.831600934267044067e-02 5.896937474608421326e-02 3.907765075564384460e-02 -1.202474310994148254e-01 -1.417655944824218750e-01 -2.070330828428268433e-01 -8.837994933128356934e-02 1.030726581811904907e-01 -1.908983662724494934e-02 4.164508357644081116e-02 -8.412583917379379272e-02 9.661988914012908936e-02 1.818141154944896698e-02 4.319484904408454895e-02 2.526287138462066650e-01 2.083155810832977295e-01 -4.633615538477897644e-02 1.814974695444107056e-01 -1.044428558088839054e-03 6.358806043863296509e-02 -3.726981207728385925e-02 2.736463909968733788e-03 8.618417382240295410e-02 9.106393158435821533e-02 -7.342547178268432617e-02 -1.874589622020721436e-01 5.927002057433128357e-02 1.116691231727600098e-01 -2.213646322488784790e-01 4.183384031057357788e-02 -5.385032296180725098e-02 8.534524589776992798e-02 -6.987647619098424911e-03 -2.723117545247077942e-02 -8.596512675285339355e-02 8.306968212127685547e-02 6.186363846063613892e-02 1.167630217969417572e-02 -7.042604964226484299e-03
1.196748204529285431e-02 -5.989944096654653549e-03 -6.136923283338546753e-02 1.093498766422271729e-01 -2.366486191749572754e-01 -2.318688631057739258e-01 -1.233677193522453308e-01 -1.324535012245178223e-01 8.956688642501831055e-02 -1.174185648560523987e-01 8.741726726293563843e-02 -9.152644872665405273e-02 1.642404198646545410e-01 -2.620539627969264984e-02 2.669705078005790710e-02 1.785599589347839355e-01 5.064713209867477417e-02 1.822850257158279419e-01 -1.093086376786231995e-01 -3.081345558166503906e-01 3.165388107299804688e-01 -3.373091667890548706e-02 -2.390991710126399994e-02 1.187547445297241211e-01 -2.335866540670394897e-02 -1.903171092271804810e-01 1.792261302471160889e-01 2.239916473627090454e-01 1.088368669152259827e-01 1.063235774636268616e-01 1.258120127022266388e-02 -4.552229940891265869e-01 -1.676936745643615723e-01 7.446873933076858521e-02 -1.161335930228233337e-01 -2.444632910192012787e-02 -2.592857228592038155e-03 -1.196093019098043442e-02 2.820854783058166504e-01 1.145763322710990906e-01 3.208248019218444824e-01 1.585729420185089111e-01 1.859084516763687134e-01 6.135644391179084778e-03 1.266092509031295776e-01 -2.466201037168502808e-01 1.354202479124069214e-01 1.306103765964508057e-01 2.385271489620208740e-01 -1.233871281147003174e-01 2.201340794563293457e-01 2.919149212539196014e-02 -3.044657781720161438e-02 -4.230480641126632690e-03 2.352120876312255859e-01 -9.081392199732363224e-04 -1.198345720767974854e-01 1.720073223114013672e-01 -3.611690923571586609e-02 3.304794803261756897e-02 2.607607543468475342e-01 -8.492412418127059937e-02 -1.224364787340164185e-01 -7.044513523578643799e-02 1.265767309814691544e-02 3.320392072200775146e-01 8.618863672018051147e-02 1.417167633771896362e-01 -2.927306480705738068e-02 1.039802357554435730e-01 2.848633937537670135e-02 -9.355753660202026367e-02 -1.610462218523025513e-01 -1.398941725492477417e-01 -1.374472975730895996e-01 -4.290315508842468262e-02 4.823254793882369995e-02 3.231850266456604004e-01 4.606494680047035217e-02 -4.831434041261672974e-02 -1.253444701433181763e-01 -7.118604332208633423e-02 2.897695899009704590e-01 -1.025097370147705078e-01 -8.394070714712142944e-02 1.401710659265518188e-01 5.431125685572624207e-02 -3.708361461758613586e-02 2.054744064807891846e-01 4.061368852853775024e-02 -1.074605733156204224e-01 -4.289202392101287842e-02 -1.059635658748447895e-03 2.578577697277069092e-01 -2.915700338780879974e-02 3.042448461055755615e-01 -6.313121318817138672e-02 1.219868361949920654e-01 -1.155618131160736084e-01 3.638201653957366943e-01 1.132731698453426361e-02 9.289304725825786591e-03 1.053875237703323364e-01 -1.432508789002895355e-02 3.402344137430191040e-02 -5.000719428062438965e-02 -1.398363560438156128e-01 -1.343754380941390991e-01 -3.383384644985198975e-02 -1.613427996635437012e-01 -1.036086529493331909e-01 -6.060963273048400879e-01 3.024501539766788483e-02 2.094982564449310303e-02 -1.302888542413711548e-01 8.451123535633087158e-02 -3.015712797641754150e-01 1.186862140893936157e-01 4.828125610947608948e-02 3.287455765530467033e-03 -2.504744194447994232e-02 4.820467904210090637e-02 -1.641459017992019653e-01 3.057165145874023438e-01 -4.378903657197952271e-02 -9.861099720001220703e-02 7.167386263608932495e-02 3.323639184236526489e-02
-4.001455381512641907e-03 -4.628007113933563232e-02 -5.638726800680160522e-02 9.136833995580673218e-02 -4.140122607350349426e-02 -4.214485734701156616e-02 1.007355004549026489e-01 -2.300497703254222870e-02 -6.703734397888183594e-02 2.970845252275466919e-02 5.841860920190811157e-02 1.921805180609226227e-02 7.456951588392257690e-02 -1.005850881338119507e-01 -4.346923530101776123e-02 1.746275424957275391e-01 5.822347477078437805e-02 5.590380728244781494e-02 4.728004336357116699e-02 -7.462052162736654282e-03 -1.179945841431617737e-01 4.071592912077903748e-02 -1.426513195037841797e-01 6.006225198507308960e-02 1.418707147240638733e-02 -8.806879818439483643e-02 5.713867768645286560e-02 -4.645943641662597656e-02 1.786317974328994751e-01 -3.743213042616844177e-02 -6.026364117860794067e-02 1.435779631137847900e-01 -8.549983799457550049e-02 1.553098708391189575e-01 4.562885314226150513e-02 -1.832773163914680481e-02 -5.522174388170242310e-02 2.670964896678924561e-01 -3.919730708003044128e-02 -3.896045684814453125e-02 2.096722275018692017e-01 -1.906845904886722565e-02 8.044297248125076294e-02 1.158997043967247009e-01 7.453784346580505371e-02 -9.220948070287704468e-02 1.358520090579986572e-01 1.646670140326023102e-02 -1.929555088281631470e-02 -3.858481347560882568e-02 -2.403188645839691162e-01 1.234091967344284058e-01 -1.413693428039550781e-01 -3.194150328636169434e-02 -2.873416244983673096e-02 -1.333032995462417603e-01 -1.164195984601974487e-01 1.218911036849021912e-01 -5.598817765712738037e-02 2.995370328426361084e-02 -5.399946868419647217e-02 -7.239478826522827148e-02 2.937423065304756165e-02 -6.609907001256942749e-02 1.729796230792999268e-01 6.215251609683036804e-02 1.181125715374946594e-01 -5.821496993303298950e-02 -6.771220266819000244e-02 -1.200028732419013977e-01 8.099398016929626465e-02 1.858550906181335449e-01 6.452819705009460449e-02 1.567664369940757751e-02 9.170715510845184326e-02 -1.022205650806427002e-01 1.160571426153182983e-01 5.514535307884216309e-02 -1.105126067996025085e-01 -6.968665122985839844e-02 -1.012686043977737427e-01 -2.673827297985553741e-02 -1.838451623916625977e-01 -5.129334330558776855e-02 6.241737306118011475e-02 1.668337136507034302e-01 9.739934653043746948e-02 1.866118311882019043e-01 9.769919514656066895e-02 -2.683289162814617157e-02 -6.967261433601379395e-02 -4.415738210082054138e-02 -5.305603891611099243e-02 1.534637510776519775e-01 -5.524752661585807800e-02 6.098165363073348999e-02 9.097430855035781860e-02 2.428355515003204346e-01 3.143402561545372009e-02 -3.805264364928007126e-03 9.921892546117305756e-03 1.435371637344360352e-01 8.298416435718536377e-02 -7.514398545026779175e-02 3.225354552268981934e-01 7.650130242109298706e-02 1.023970022797584534e-01 -2.344405092298984528e-02 1.013493388891220093e-01 7.205255329608917236e-02 1.202035397291183472e-01 1.886465251445770264e-01 9.087933599948883057e-02 -8.910411852411925793e-04 4.042488988488912582e-03 1.811991482973098755e-01 3.614512830972671509e-02 6.906017661094665527e-02 7.944437861442565918e-02 3.375791758298873901e-02 5.161815788596868515e-04 1.056428253650665283e-01 6.663628667593002319e-02 -5.210347473621368408e-02 -7.615771889686584473e-02 7.053917646408081055e-02 7.597656222060322762e-04 -1.018154695630073547e-01
-3.015318140387535095e-02 3.218638002872467041e-01 1.630164533853530884e-01 1.091537252068519592e-01 -1.521854251623153687e-01 2.251765429973602295e-01 1.106269285082817078e-01 1.807594746351242065e-01 -5.468010529875755310e-02 1.862265169620513916e-01 -1.260975152254104614e-01 9.963165968656539917e-02 2.067535370588302612e-01 7.592245936393737793e-02 1.076353341341018677e-01 1.522725075483322144e-01 -7.243111729621887207e-02 -1.117007136344909668e-01 2.598955631256103516e-01 -9.885905683040618896e-02 -2.027328759431838989e-01 3.503536880016326904e-01 8.425096422433853149e-02 1.338515877723693848e-01 4.841303080320358276e-02 1.504361182451248169e-01 5.749965831637382507e-02 8.620585501194000244e-02 1.029514968395233154e-01 7.816625386476516724e-02 -4.327419400215148926e-02 1.591080613434314728e-02 1.349071115255355835e-01 7.966396212577819824e-02 -1.751340925693511963e-01 6.493850797414779663e-02 1.592076718807220459e-01 6.649287790060043335e-02 1.332266479730606079e-01 1.248056665062904358e-01 4.563897848129272461e-02 1.263450682163238525e-01 2.031675428152084351e-01 1.291343718767166138e-01 1.228138208389282227e-01 -5.474910885095596313e-02 9.314780682325363159e-02 -9.621124714612960815e-02 7.155984640121459961e-02 -5.302688479423522949e-02 1.465469896793365479e-01 4.969001188874244690e-02 1.557875573635101318e-01 -3.242115080356597900e-01 3.045128881931304932e-01 1.682882010936737061e-02 -6.228691339492797852e-02 -2.128170803189277649e-03 -6.300665438175201416e-02 1.528249830007553101e-01 2.082055956125259399e-01 1.752092391252517700e-01 2.908116877079010010e-01 1.458858251571655273e-01 -1.216063648462295532e-01 8.124836534261703491e-02 4.291703924536705017e-02 -6.196751818060874939e-02 -1.654934585094451904e-01 -9.253402799367904663e-02 -9.346333146095275879e-02 1.968772858381271362e-01 2.360863387584686279e-01 -1.339382082223892212e-01 1.407244801521301270e-01 -6.422690302133560181e-02 -2.005717605352401733e-01 1.581671088933944702e-01 1.517797410488128662e-01 1.741774678230285645e-01 -1.769080013036727905e-02 -4.104517772793769836e-02 2.854521013796329498e-02 5.859795957803726196e-02 2.121862620115280151e-01 -1.143057923763990402e-02 4.283783212304115295e-02 2.605256140232086182e-01 2.629858553409576416e-01 9.809220582246780396e-02 7.485140860080718994e-02 -4.495664238929748535e-01 -9.847761690616607666e-02 8.570841699838638306e-02 -1.855244636535644531e-01 5.255673825740814209e-02 -6.495687365531921387e-02 6.420816294848918915e-03 2.951480215415358543e-03 8.562750369310379028e-02 2.738671898841857910e-01 1.870477944612503052e-01 -2.012068219482898712e-02 1.021269038319587708e-01 -1.526092141866683960e-01 -2.065473198890686035e-01 -1.662291958928108215e-02 -1.485213916748762131e-02 1.232332885265350342e-01 6.831233948469161987e-02 -1.274149268865585327e-01 -8.889193832874298096e-02 5.145888775587081909e-02 5.137585997581481934e-01 -1.602275371551513672e-01 2.975529246032238007e-02 1.390173882246017456e-01 4.460206031799316406e-01 -5.358731746673583984e-02 -1.216505691409111023e-01 1.520792245864868164e-01 6.358673423528671265e-02 2.137391418218612671e-01 -3.652960434556007385e-02 2.218615859746932983e-01 -1.037227660417556763e-01 1.083600986748933792e-02 1.424590647220611572e-01
4.577010404318571091e-03 -1.234314292669296265e-01 -2.394565939903259277e-01 1.449372768402099609e-01 3.150253370404243469e-02 1.215463969856500626e-02 1.458048671483993530e-01 2.503588199615478516e-01 1.201022565364837646e-01 -1.362352669239044189e-01 -1.269907057285308838e-01 1.800741851329803467e-01 -3.193244636058807373e-01 -8.885168284177780151e-02 -1.082902625203132629e-01 3.779020532965660095e-02 -4.169743508100509644e-02 -2.573433220386505127e-01 -1.659795269370079041e-02 1.834038943052291870e-01 -5.129797384142875671e-03 -2.301462441682815552e-01 2.307195775210857391e-02 -1.983119249343872070e-01 2.019523829221725464e-01 1.404022574424743652e-01 -1.366382539272308350e-01 1.708598881959915161e-01 -1.055236235260963440e-01 -4.586353600025177002e-01 1.728702038526535034e-01 -1.769631505012512207e-01 1.139960736036300659e-01 -1.782502830028533936e-01 7.798056304454803467e-02 -5.850397050380706787e-02 3.454516083002090454e-02 6.404591351747512817e-02 -2.418034374713897705e-01 -9.565868228673934937e-02 -2.121923118829727173e-01 1.306207757443189621e-02 -2.651755698025226593e-02 1.141785308718681335e-01 -1.134110167622566223e-01 2.830889634788036346e-02 1.338265687227249146e-01 -4.434044286608695984e-02 -2.537077665328979492e-01 -2.931819856166839600e-02 1.366071850061416626e-01 1.088239699602127075e-01 -1.512911636382341385e-02 1.834664493799209595e-01 -5.680896043777465820e-01 1.827083379030227661e-01 -9.334304928779602051e-02 -3.286111727356910706e-02 1.316915392875671387e+00 7.833372801542282104e-02 -8.422021567821502686e-02 1.451611816883087158e-01 1.826093345880508423e-01 2.066283673048019409e-01 5.810421332716941833e-02 3.397632623091340065e-03 -1.785031557083129883e-01 6.177071854472160339e-02 5.289245024323463440e-02 1.939676553010940552e-01 2.120039165019989014e-01 -1.162488907575607300e-01 1.429260428994894028e-02 7.833123207092285156e-02 -2.612382471561431885e-01 1.476789563894271851e-01 -2.128271758556365967e-01 -8.069388568401336670e-02 -6.453088670969009399e-02 -8.433625102043151855e-02 -8.361085504293441772e-02 9.322080761194229126e-02 -9.220636636018753052e-02 -2.363566495478153229e-02 -3.712832555174827576e-02 8.799832314252853394e-02 -2.988746389746665955e-02 7.066200673580169678e-02 -1.127243265509605408e-01 2.243245719000697136e-03 1.257966905832290649e-01 -6.286449730396270752e-02 8.447049558162689209e-02 3.683653101325035095e-02 4.176703281700611115e-03 -2.489260137081146240e-01 3.286352455615997314e-01 1.923742145299911499e-02 -4.110224172472953796e-02 -1.363354828208684921e-02 4.086809605360031128e-02 -5.383632332086563110e-02 3.815621510148048401e-02 9.285455197095870972e-02 -1.882269233465194702e-01 -1.023835092782974243e-01 9.113775938749313354e-02 -1.653852611780166626e-01 3.844120074063539505e-03 1.280654072761535645e-01 1.750173866748809814e-01 1.240603327751159668e-01 2.578475512564182281e-03 -2.916182018816471100e-02 1.154049411416053772e-01 -9.062958508729934692e-02 -1.975240409374237061e-01 -2.545738592743873596e-02 2.900905907154083252e-02 -4.546859767287969589e-03 -6.481215357780456543e-02 1.982393413782119751e-01 -1.753982007503509521e-01 -1.564706116914749146e-01 -2.997617125511169434e-01 -8.188628405332565308e-02 1.865901239216327667e-02 1.470906287431716919e-02
4.373181238770484924e-02 -9.723484516143798828e-02 3.104218095541000366e-02 1.458408981561660767e-01 7.266443222761154175e-02 1.888703852891921997e-01 3.910820484161376953e-01 3.332479298114776611e-01 5.279250070452690125e-02 2.846247255802154541e-01 -1.279199868440628052e-01 -3.555412292480468750e-01 3.024747967720031738e-02 -4.492433369159698486e-01 -4.754705354571342468e-02 -2.375133149325847626e-02 -1.322035938501358032e-01 4.994437471032142639e-02 -2.493133097887039185e-01 -8.730671554803848267e-02 1.733466982841491699e-02 1.983272880315780640e-01 -3.376506641507148743e-02 -6.027290597558021545e-02 -2.215016931295394897e-01 3.466949760913848877e-01 9.581796824932098389e-02 -1.130505055189132690e-01 -8.872500061988830566e-02 -1.372647434473037720e-01 2.805784344673156738e-01 1.824568808078765869e-01 -6.133548170328140259e-02 1.362456288188695908e-02 -3.762187063694000244e-02 1.147489063441753387e-02 -2.882634699344635010e-01 -1.458121696487069130e-03 -3.066551983356475830e-01 -1.451859325170516968e-01 -5.151426419615745544e-02 4.407401084899902344e-01 -4.323909804224967957e-02 -8.197049796581268311e-02 -2.436857204884290695e-03 1.859504729509353638e-01 -4.928734898567199707e-02 -1.161550730466842651e-01 4.871406406164169312e-02 -7.542937994003295898e-02 1.805618107318878174e-01 -1.748795658349990845e-01 3.328640460968017578e-01 -2.677576839923858643e-01 1.656977226957678795e-03 1.997983157634735107e-01 -7.354257255792617798e-02 -1.123233810067176819e-01 1.747251749038696289e-01 1.920074038207530975e-02 9.159017354249954224e-03 3.003290593624114990e-01 1.026182845234870911e-01 -2.068942636251449585e-01 -1.700040400028228760e-01 -7.389061897993087769e-02 1.588353142142295837e-02 4.750059917569160461e-02 -2.025371491909027100e-01 -1.318966001272201538e-01 2.208576537668704987e-02 -6.343363970518112183e-02 1.269083917140960693e-01 1.287966221570968628e-01 2.941036410629749298e-02 -1.043144464492797852e-01 -2.116857469081878662e-01 -3.675263747572898865e-02 3.789842873811721802e-02 1.573191881179809570e+00 6.520605087280273438e-02 6.526312232017517090e-02 -2.871350618079304695e-03 2.612167038023471832e-02 -5.319778993725776672e-02 -1.078336685895919800e-01 -8.175394684076309204e-02 3.442146480083465576e-01 -4.073107615113258362e-02 7.176908254623413086e-01 2.802323102951049805e-01 -8.211704343557357788e-02 9.120833128690719604e-03 -5.588641017675399780e-02 -9.194315411150455475e-03 -3.836121782660484314e-02 1.182521414011716843e-02 8.642893284559249878e-02 -2.765627205371856689e-02 -4.357864707708358765e-02 1.840686053037643433e-01 1.510490477085113525e-01 3.570706844329833984e-01 1.031127944588661194e-01 -9.691946208477020264e-02 -3.050904348492622375e-02 1.208671033382415771e-01 1.063867062330245972e-01 -6.220336258411407471e-02 7.600089907646179199e-02 1.916527003049850464e-01 9.723588079214096069e-02 1.274797171354293823e-01 1.109820529818534851e-01 -1.580343544483184814e-01 -1.223915368318557739e-01 -1.896445900201797485e-01 1.435340940952301025e-01 7.164092361927032471e-02 -1.328514665365219116e-01 -9.511480480432510376e-02 -4.188936576247215271e-02 -2.111389786005020142e-01 -5.296807363629341125e-02 9.721865504980087280e-02 -3.218380734324455261e-02 1.626659557223320007e-02 2.843923121690750122e-02
