1.683907955884933472e-01 -4.553118720650672913e-02 -1.156510934233665466e-01 9.369623661041259766e-02 -4.488611221313476562e-02 1.397672742605209351e-01 -1.319932006299495697e-02 7.701953500509262085e-02 -6.683567762374877930e-01 -1.112613156437873840e-01 -1.527988761663436890e-01 -1.235841661691665649e-01 -3.962154313921928406e-02 3.667341917753219604e-02 -1.014896631240844727e-01 2.074880897998809814e-01 -3.755858168005943298e-02 -6.505465507507324219e-02 -8.944604545831680298e-02 -7.158397138118743896e-02 2.429022639989852905e-02 -1.138755027204751968e-02 -1.642498224973678589e-01 7.952536642551422119e-02 1.521749794483184814e-01 -1.915305554866790771e-01 8.471421897411346436e-02 -7.234343141317367554e-02 -5.309318006038665771e-02 -1.083872392773628235e-01 -3.993379473686218262e-01 -1.273123323917388916e-01 -5.846648942679166794e-03 1.526011079549789429e-01 -7.903192192316055298e-02 -9.445082396268844604e-02 -1.553134322166442871e-01 5.359368771314620972e-02 1.165070608258247375e-01 1.351281702518463135e-01 -1.041183322668075562e-01 -1.153225600719451904e-01 -1.880378872156143188e-01 -3.198632970452308655e-02 6.842936575412750244e-02 6.868591532111167908e-03 -1.663620024919509888e-01 -4.536658234428614378e-04 1.459368616342544556e-01 -6.231148913502693176e-02 -1.298762708902359009e-01 4.068468511104583740e-02 -7.073195278644561768e-02 9.905775077641010284e-03 -1.820751428604125977e-01 -1.881907880306243896e-02 -3.565545380115509033e-02 5.334200803190469742e-03 -8.951543271541595459e-02 9.735967218875885010e-02 -9.759556502103805542e-02 -6.997019052505493164e-02 2.855120785534381866e-02 -6.725651770830154419e-02
-6.003297492861747742e-02 -2.274262756109237671e-01 -2.289800047874450684e-01 -1.535911485552787781e-02 -5.022514462471008301e-01 7.044447958469390869e-02 1.212031319737434387e-01 -1.091571003198623657e-01 6.044949889183044434e-01 -2.362325042486190796e-01 8.384522050619125366e-02 1.303561311215162277e-02 3.891721665859222412e-01 -4.462502896785736084e-03 4.081979393959045410e-02 3.568859994411468506e-01 5.600772425532341003e-02 1.859094947576522827e-01 5.124105215072631836e-01 -1.005221437662839890e-02 2.587456107139587402e-01 -2.765106596052646637e-02 1.413926109671592712e-02 1.086007729172706604e-01 1.029352247714996338e-01 1.034310832619667053e-01 1.679764389991760254e-01 -6.567074358463287354e-02 -9.217096120119094849e-02 -2.405290454626083374e-01 -1.221602916717529297e+00 -1.974966377019882202e-01 -4.807834327220916748e-02 -1.496221721172332764e-01 4.595356434583663940e-02 -7.277268171310424805e-02 -1.334305167198181152e+00 4.006910026073455811e-01 2.438043504953384399e-01 5.764763057231903076e-02 -9.563206136226654053e-02 3.752221167087554932e-01 2.182655781507492065e-02 -1.520404517650604248e-01 4.777408763766288757e-02 -7.355474233627319336e-01 8.830615133047103882e-02 -1.346364170312881470e-01 1.427399516105651855e-01 6.920850276947021484e-01 1.371277272701263428e-01 -1.843218505382537842e-01 -1.831515133380889893e-02 1.550820320844650269e-01 5.977129936218261719e-02 -7.631708681583404541e-02 1.993303298950195312e-01 -8.223486691713333130e-02 1.742352992296218872e-01 -1.180823594331741333e-01 -1.903585530817508698e-02 2.026358246803283691e-02 1.229659095406532288e-02 1.915658637881278992e-02
1.300573796033859253e-01 2.338143065571784973e-02 -2.896359860897064209e-01 -1.770642846822738647e-01 -9.392014890909194946e-02 1.009424496442079544e-02 -4.903850704431533813e-02 -1.653382331132888794e-01 -2.470236718654632568e-01 -2.324500679969787598e-01 8.938354998826980591e-02 1.879024356603622437e-01 -1.272575259208679199e-01 4.097418114542961121e-02 1.081401929259300232e-01 7.249164581298828125e-02 -1.458168029785156250e-03 6.578725576400756836e-02 3.111326992511749268e-01 -2.589036822319030762e-01 -9.257242828607559204e-02 1.188936755061149597e-01 7.089498639106750488e-02 9.971117228269577026e-02 1.116578429937362671e-01 -1.915910691022872925e-01 1.977037191390991211e-01 -6.481867283582687378e-02 1.346163898706436157e-01 -9.293418377637863159e-02 -6.211916357278823853e-02 -9.063704311847686768e-02 -4.244481027126312256e-02 1.507618580944836140e-03 -5.819265916943550110e-02 -1.417371630668640137e-01 -2.594664692878723145e-01 5.519458279013633728e-02 -1.158450543880462646e-01 7.107391953468322754e-02 -6.221900135278701782e-02 -8.992299437522888184e-02 -1.380953341722488403e-01 -3.572057560086250305e-02 -9.519131481647491455e-02 2.050670981407165527e-01 -7.283086329698562622e-02 3.391242818906903267e-03 -7.424567360430955887e-03 6.807483732700347900e-03 1.480626463890075684e-01 1.945059187710285187e-02 5.803303327411413193e-03 -7.174800336360931396e-02 2.831779420375823975e-01 -7.704559713602066040e-02 -8.840727806091308594e-02 2.023646831512451172e-01 1.676764041185379028e-01 1.087890416383743286e-01 5.784875527024269104e-02 -3.106510080397129059e-02 1.607660651206970215e-01 -1.075933687388896942e-02
1.103286221623420715e-01 1.143248751759529114e-01 9.885572642087936401e-02 3.773730993270874023e-02 9.577742964029312134e-02 7.623761147260665894e-02 1.372014638036489487e-02 9.890208393335342407e-02 -1.232780516147613525e-01 1.003422439098358154e-01 4.852961748838424683e-02 -3.906394168734550476e-02 -4.626189172267913818e-02 -5.310129001736640930e-02 1.072432175278663635e-01 -2.552650403231382370e-03 8.106286078691482544e-02 1.397574841976165771e-01 -6.038756668567657471e-02 -8.408109843730926514e-02 -5.152165889739990234e-02 2.447296306490898132e-02 4.729405790567398071e-02 1.206477656960487366e-01 1.832105405628681183e-02 3.369791433215141296e-02 -3.879740089178085327e-02 5.871022120118141174e-03 3.283232823014259338e-02 9.592582285404205322e-02 -1.093339622020721436e-01 2.477730810642242432e-02 -4.005038365721702576e-02 1.140211150050163269e-01 2.980958856642246246e-02 1.565560847520828247e-01 -2.837500162422657013e-02 -1.511379331350326538e-01 -5.612938851118087769e-02 8.303260803222656250e-02 1.311044394969940186e-01 -2.472835332155227661e-01 1.894414573907852173e-01 1.115369722247123718e-01 1.654857993125915527e-01 3.204938769340515137e-02 -2.244438529014587402e-01 3.108580410480499268e-02 -8.884174376726150513e-02 -1.328281243331730366e-03 -6.245967745780944824e-02 6.949853152036666870e-02 -7.639814913272857666e-02 8.791452273726463318e-03 -1.671826392412185669e-01 5.789483338594436646e-02 2.062835358083248138e-02 1.375672370195388794e-01 -8.358627557754516602e-02 -1.117057353258132935e-01 -2.766029536724090576e-01 -9.060907363891601562e-02 -1.531456559896469116e-01 -3.581483149901032448e-03
2.192668430507183075e-02 6.685988046228885651e-03 -3.033324182033538818e-01 -4.927932843565940857e-02 -5.331788584589958191e-02 3.153413161635398865e-02 -5.155545473098754883e-02 -5.202425271272659302e-02 2.620712108910083771e-02 -1.141116991639137268e-01 3.562128916382789612e-02 -1.249405518174171448e-01 -1.799418181180953979e-01 -1.207633092999458313e-01 -6.720183789730072021e-02 3.545024991035461426e-02 -4.836882278323173523e-02 -2.404361218214035034e-01 -4.832998812198638916e-01 -2.538430392742156982e-01 -8.223371952772140503e-02 -7.382704317569732666e-02 -2.838662266731262207e-01 3.569858893752098083e-02 -2.367203235626220703e-01 -1.488935500383377075e-01 -9.965470433235168457e-02 -5.047531425952911377e-02 7.336597889661788940e-02 2.474719583988189697e-01 -1.647663712501525879e-01 -2.064106613397598267e-01 4.006452113389968872e-02 -5.919982120394706726e-02 -5.696930922567844391e-03 -1.015876233577728271e-01 -1.016726493835449219e-01 6.893302500247955322e-02 -2.948515117168426514e-01 5.026017874479293823e-02 5.566941763390786946e-05 -1.604446023702621460e-01 1.819560863077640533e-02 -2.672181464731693268e-02 -6.386742740869522095e-02 -1.141238659620285034e-01 -8.622554689645767212e-02 7.383414357900619507e-02 -2.066267654299736023e-02 -3.812443837523460388e-02 -3.438601195812225342e-01 -6.143006309866905212e-02 -4.165175929665565491e-02 -7.429407909512519836e-03 -2.190878391265869141e-01 -6.095335260033607483e-02 -6.039857864379882812e-02 -4.011437296867370605e-02 -2.144259214401245117e-02 1.427108049392700195e-01 -3.308917582035064697e-02 -6.555249541997909546e-02 -1.292784661054611206e-01 1.051926910877227783e-01
2.251481637358665466e-02 -2.336451970040798187e-02 -2.361558973789215088e-01 2.772696502506732941e-02 -1.084290258586406708e-02 2.020920068025588989e-01 -1.935291737318038940e-01 2.533369660377502441e-01 -3.855741918087005615e-01 2.389044314622879028e-01 -2.149039357900619507e-01 -8.662880957126617432e-02 4.676283523440361023e-02 -1.186670139431953430e-01 9.131631255149841309e-02 8.195105195045471191e-02 -8.518725633621215820e-02 -3.167561590089462698e-05 -2.377461344003677368e-01 7.431037724018096924e-02 3.183173239231109619e-01 -5.352524667978286743e-02 -6.496150791645050049e-02 5.057313293218612671e-02 2.324406504631042480e-01 7.028976082801818848e-01 -1.955702304840087891e-01 6.371831893920898438e-02 5.845524370670318604e-02 4.601021111011505127e-01 -1.070989519357681274e-01 -1.018571332097053528e-01 -6.013520061969757080e-02 1.691563427448272705e-01 -1.592509448528289795e-02 -4.315663501620292664e-02 -3.100538253784179688e-01 -5.497002508491277695e-03 -1.264532953500747681e-01 -1.906620562076568604e-01 -7.861153222620487213e-03 1.590128690004348755e-01 4.601794481277465820e-01 2.046171128749847412e-01 -1.867603063583374023e-01 -6.392699480056762695e-01 7.413049787282943726e-02 1.713919192552566528e-01 -7.587241381406784058e-02 -9.824013710021972656e-02 -1.277088373899459839e-02 1.295434683561325073e-01 2.616233527660369873e-01 1.057061031460762024e-01 -2.381786890327930450e-02 -5.565927922725677490e-02 2.389878034591674805e-02 1.725668460130691528e-01 -2.046882808208465576e-01 -2.927106060087680817e-02 8.574873208999633789e-01 -3.413190692663192749e-02 -1.025877054780721664e-02 -8.034148067235946655e-02
1.223388090729713440e-01 2.824136242270469666e-02 -1.226721927523612976e-01 -1.172212883830070496e-02 1.355175971984863281e-01 -1.180295646190643311e-02 -1.313081085681915283e-01 3.268551826477050781e-02 -6.067239642143249512e-01 -6.938855629414319992e-03 -5.399848520755767822e-02 4.238489270210266113e-02 -3.737387657165527344e-01 -1.472403109073638916e-02 3.322902135550975800e-03 2.702315151691436768e-01 -9.110216796398162842e-02 1.597422659397125244e-01 1.218201592564582825e-01 -1.593745797872543335e-01 -4.684201255440711975e-02 4.918480664491653442e-02 6.211729347705841064e-02 1.522888690233230591e-01 9.981890767812728882e-02 -1.553121507167816162e-01 1.242620274424552917e-01 -5.055437982082366943e-02 8.200325071811676025e-02 7.606667280197143555e-02 -6.220740675926208496e-01 -1.259273588657379150e-01 -9.145516902208328247e-03 1.131323799490928650e-01 2.779720723628997803e-02 -5.383747071027755737e-02 -3.318950831890106201e-01 -3.198598325252532959e-02 -2.352038323879241943e-01 2.940980158746242523e-02 6.997245550155639648e-02 1.050225496292114258e-01 -1.231931298971176147e-01 4.449411481618881226e-02 -4.464283213019371033e-02 -5.043079704046249390e-02 1.594210565090179443e-01 -6.505049765110015869e-02 1.094501316547393799e-01 -2.035423070192337036e-01 1.032446473836898804e-01 -6.510616838932037354e-02 1.185064837336540222e-01 -3.283335268497467041e-02 2.780317068099975586e-01 -8.542261272668838501e-02 -4.793976992368698120e-02 1.082026213407516479e-01 -9.369264356791973114e-03 4.544305149465799332e-03 3.433727845549583435e-02 7.376296073198318481e-02 3.086743317544460297e-02 7.429347932338714600e-02
1.440486162900924683e-01 3.400240540504455566e-01 -1.376780569553375244e-01 -5.735827609896659851e-02 2.625816464424133301e-01 -2.557455301284790039e-01 -2.361474633216857910e-01 -1.543538421392440796e-01 -6.055372953414916992e-01 -2.434815652668476105e-02 2.065612822771072388e-01 3.662420511245727539e-01 1.558232903480529785e-01 3.650937080383300781e-01 1.202464923262596130e-01 2.172135375440120697e-02 8.137127012014389038e-02 4.289864003658294678e-01 4.606215357780456543e-01 -1.172068268060684204e-01 -1.326574981212615967e-01 3.538846671581268311e-01 5.833758711814880371e-01 2.427138984203338623e-01 4.137795269489288330e-01 -9.415931999683380127e-02 1.873090118169784546e-01 5.258008837699890137e-02 -2.328964322805404663e-02 -3.296176791191101074e-01 -6.834737062454223633e-01 -3.207971528172492981e-02 -2.160449326038360596e-02 2.586491703987121582e-01 -1.354853715747594833e-02 -2.598825143650174141e-03 3.947941958904266357e-01 -3.653975129127502441e-01 -9.434034675359725952e-02 4.228312373161315918e-01 -1.524956673383712769e-01 3.722077906131744385e-01 -3.334177434444427490e-01 7.373208552598953247e-02 -1.245844364166259766e-02 -1.671648323535919189e-01 1.824759989976882935e-01 4.261264577507972717e-02 -9.105181694030761719e-02 6.127722561359405518e-02 -8.813963085412979126e-02 4.451604094356298447e-03 9.594953060150146484e-02 1.282609701156616211e-01 3.139185309410095215e-01 1.388317346572875977e-02 -1.181569099426269531e-01 3.469515442848205566e-01 4.773302376270294189e-01 -3.717667609453201294e-02 5.410997942090034485e-02 -7.191327959299087524e-02 -8.597363717854022980e-03 -9.070987999439239502e-02
-3.540332987904548645e-02 -1.186664402484893799e-01 1.775380820035934448e-01 1.593427956104278564e-01 1.452228277921676636e-01 1.346663087606430054e-01 1.696945428848266602e-01 1.422173529863357544e-01 7.989533990621566772e-02 1.268249750137329102e-01 -1.187335699796676636e-01 -4.922750592231750488e-02 7.511883974075317383e-02 -1.193447411060333252e-01 -1.867842674255371094e-01 -5.510246753692626953e-02 -3.013373166322708130e-02 -3.605132550001144409e-02 1.511462628841400146e-01 9.862944483757019043e-02 9.085980802774429321e-02 -6.721471995115280151e-02 -6.541505455970764160e-02 -2.997740730643272400e-02 -4.984947666525840759e-02 1.967199295759201050e-01 -5.312509462237358093e-02 -1.345033198595046997e-02 2.338511636480689049e-03 1.537635028362274170e-01 4.939147457480430603e-02 1.273140609264373779e-01 -4.999068006873130798e-02 -1.287272106856107712e-02 2.726252377033233643e-02 1.098362058401107788e-01 7.855192571878433228e-02 -7.187515497207641602e-02 -2.090277522802352905e-02 -1.381638646125793457e-01 6.859298795461654663e-02 3.656664490699768066e-02 2.514117658138275146e-01 1.254026293754577637e-01 1.270399391651153564e-01 1.293144971132278442e-01 -4.080840852111577988e-03 8.466012775897979736e-02 -2.672902308404445648e-02 5.640484765172004700e-02 -1.337733678519725800e-02 1.459061205387115479e-01 -1.403506994247436523e-01 3.525587171316146851e-02 -9.477588534355163574e-02 -7.321134209632873535e-02 4.715326055884361267e-02 -1.359914988279342651e-01 -9.189532697200775146e-02 -4.030746594071388245e-02 -2.061886191368103027e-01 -8.188021928071975708e-02 -6.197405233979225159e-02 3.331479802727699280e-02
-3.830017521977424622e-02 -1.528840791434049606e-02 -1.798715591430664062e-01 -1.246947869658470154e-01 -2.956669591367244720e-02 -1.856338083744049072e-01 -2.900951206684112549e-01 3.764018788933753967e-02 6.948174834251403809e-01 -1.409540176391601562e-01 2.256143540143966675e-01 1.270683556795120239e-01 5.089069530367851257e-02 1.789394468069076538e-01 8.502053469419479370e-02 8.549708127975463867e-02 -8.851995319128036499e-02 1.967072784900665283e-01 -6.940500736236572266e-01 -6.107071042060852051e-02 -2.350771427154541016e-01 6.936682015657424927e-02 4.260597229003906250e-01 1.372460573911666870e-01 3.224760591983795166e-01 -2.601281106472015381e-01 -2.978808991611003876e-02 8.758699893951416016e-02 -8.072908967733383179e-03 -4.252789169549942017e-02 5.200440883636474609e-01 -3.018709644675254822e-02 -3.067696467041969299e-02 1.113169640302658081e-01 -5.792985111474990845e-02 -1.352239251136779785e-01 -3.479137718677520752e-01 9.468934498727321625e-03 -5.934933200478553772e-02 -1.044749934226274490e-02 -2.597478032112121582e-01 2.028544545173645020e-01 -4.774180799722671509e-02 -1.075638234615325928e-01 -4.307627081871032715e-01 -5.435305088758468628e-02 5.643998086452484131e-02 3.079712688922882080e-01 -1.660809293389320374e-02 1.349001079797744751e-01 -1.220530122518539429e-01 -2.447602897882461548e-01 1.494194716215133667e-01 3.699050843715667725e-02 3.220660686492919922e-01 -1.520835421979427338e-02 3.718084469437599182e-02 1.473079472780227661e-01 -1.526848524808883667e-01 8.853678405284881592e-02 2.174640148878097534e-01 -6.330858170986175537e-02 2.129480689764022827e-01 -1.668796092271804810e-01
4.969504475593566895e-02 -2.261821329593658447e-01 -8.652707934379577637e-02 7.714533805847167969e-02 -1.065899133682250977e-01 2.104655653238296509e-01 4.111819714307785034e-02 -1.173790544271469116e-01 2.068822383880615234e-01 -1.100733727216720581e-01 -1.838903687894344330e-02 2.125881761312484741e-01 6.462337821722030640e-02 -1.295717656612396240e-01 -9.447033517062664032e-03 -1.140058487653732300e-01 -8.185356110334396362e-02 3.165820240974426270e-01 -4.586882516741752625e-02 -1.776264421641826630e-02 3.908719122409820557e-02 -6.530921906232833862e-02 -1.178621426224708557e-01 -6.468335539102554321e-02 -1.425025314092636108e-01 -3.205823525786399841e-02 -5.381437763571739197e-02 -8.305390179157257080e-02 -7.026540488004684448e-02 -9.340652823448181152e-02 1.369336247444152832e-01 -8.731357008218765259e-02 -7.896970212459564209e-02 -8.637756109237670898e-02 -4.778353869915008545e-02 -2.773257717490196228e-02 2.963479422032833099e-02 1.538120955228805542e-01 3.144953027367591858e-02 1.070027053356170654e-01 -6.991549581289291382e-02 1.676950007677078247e-01 5.372837185859680176e-03 5.744524532929062843e-04 -6.306090205907821655e-02 9.814526885747909546e-02 -1.672736369073390961e-02 2.942882478237152100e-01 -1.097356062382459641e-02 -1.323544085025787354e-01 3.759061917662620544e-02 7.198227196931838989e-02 -1.396109815686941147e-02 1.852106600999832153e-01 1.488406658172607422e-01 6.987608969211578369e-02 1.032025143504142761e-01 -4.089051485061645508e-02 1.259412765502929688e-01 8.887259662151336670e-02 -4.200575407594442368e-03 2.941283769905567169e-02 1.153470054268836975e-01 1.101915165781974792e-01
1.000452935695648193e-01 8.354882150888442993e-02 -1.082663610577583313e-01 -2.187044769525527954e-01 6.711438298225402832e-02 9.510758519172668457e-02 -2.408782690763473511e-01 -1.174216121435165405e-01 3.849695995450019836e-02 -3.621291369199752808e-02 -3.847806155681610107e-02 3.731036558747291565e-02 -1.363272517919540405e-01 4.432651214301586151e-03 2.054756581783294678e-01 4.053070768713951111e-02 -5.625441670417785645e-02 -8.167176693677902222e-02 -1.071049645543098450e-01 8.075729012489318848e-03 -2.929896488785743713e-02 1.511238962411880493e-01 -5.095855146646499634e-02 4.938739910721778870e-02 -1.960392296314239502e-02 -8.005216717720031738e-02 -5.885062739253044128e-03 -5.583420768380165100e-02 7.433415204286575317e-02 -6.501732021570205688e-02 1.526772230863571167e-01 -8.627188950777053833e-02 8.935042470693588257e-02 6.835734099149703979e-02 -5.978007242083549500e-02 -2.272974699735641479e-01 -2.131771147251129150e-01 -3.028695471584796906e-02 -4.333647713065147400e-02 6.081407144665718079e-02 -1.563397049903869629e-01 1.773077063262462616e-02 -1.240349784493446350e-01 -4.672685172408819199e-04 -1.633065193891525269e-01 -7.153949141502380371e-02 2.460458688437938690e-02 2.232959419488906860e-01 -9.969665855169296265e-02 -3.256764635443687439e-02 8.391380310058593750e-02 -3.537848964333534241e-02 1.779292710125446320e-02 -1.260749697685241699e-01 1.395910792052745819e-02 -4.708082973957061768e-02 -6.148225814104080200e-02 5.812190845608711243e-02 1.168485581874847412e-01 -3.993440791964530945e-02 -1.856563054025173187e-02 -1.466417033225297928e-02 1.426916867494583130e-01 -4.711395129561424255e-02
4.539470747113227844e-02 -3.685317561030387878e-02 1.937690675258636475e-01 2.878070473670959473e-01 9.218654036521911621e-02 1.674117445945739746e-01 2.992979884147644043e-01 1.772996932268142700e-01 1.046697795391082764e-01 2.812400460243225098e-01 -6.608396023511886597e-02 -1.969995535910129547e-02 1.403664238750934601e-02 -3.316266089677810669e-02 3.605557233095169067e-02 5.189717188477516174e-02 -4.475469514727592468e-02 -1.829293966293334961e-01 3.203457295894622803e-01 2.231398969888687134e-01 1.067010164260864258e-01 -8.333246409893035889e-02 -5.057932808995246887e-02 1.176844611763954163e-01 -3.200808167457580566e-01 1.323815137147903442e-01 -4.073637351393699646e-02 -8.462003618478775024e-02 9.002085775136947632e-02 1.409789323806762695e-01 4.155090451240539551e-02 6.849956512451171875e-02 2.284347638487815857e-02 -5.794580280780792236e-02 3.045771969482302666e-03 1.062195599079132080e-01 1.114390268921852112e-01 1.066942065954208374e-01 1.183238923549652100e-01 -9.643978625535964966e-02 7.231795787811279297e-02 1.976503431797027588e-01 -2.032759599387645721e-02 1.656823307275772095e-01 3.600744009017944336e-01 4.184564203023910522e-02 3.238007798790931702e-02 -5.762746334075927734e-01 7.362110167741775513e-02 -6.841146200895309448e-02 5.102027207612991333e-02 1.238832026720046997e-01 -7.190593332052230835e-02 2.497908100485801697e-02 -4.210369288921356201e-01 5.455069988965988159e-02 1.119547560811042786e-01 -6.588304787874221802e-02 -9.074666304513812065e-04 -1.970063596963882446e-01 -6.079570576548576355e-02 -4.814773797988891602e-02 -4.068816304206848145e-01 7.045716792345046997e-02
1.484761536121368408e-01 1.914767324924468994e-01 -9.900274872779846191e-02 -1.191968470811843872e-01 8.426040410995483398e-03 -2.568475902080535889e-01 -3.282411396503448486e-01 -2.071714401245117188e-02 3.829914033412933350e-01 -2.422917038202285767e-01 1.350908726453781128e-01 1.351021081209182739e-01 -3.886161446571350098e-01 2.039255052804946899e-01 2.216465920209884644e-01 2.515475153923034668e-01 4.474998265504837036e-02 2.293593734502792358e-01 -3.389557898044586182e-01 -6.559789180755615234e-02 -2.779271304607391357e-01 2.222408354282379150e-01 4.358977675437927246e-01 1.954942047595977783e-01 2.511412799358367920e-01 -1.370749622583389282e-01 2.312859892845153809e-01 -3.661155328154563904e-02 1.957734525203704834e-01 4.733732715249061584e-02 -3.527894318103790283e-01 -1.048993095755577087e-01 7.937063276767730713e-02 3.501170575618743896e-01 -8.833234757184982300e-02 1.027639582753181458e-02 -3.019892871379852295e-01 5.053647980093955994e-02 7.153643667697906494e-02 2.010819688439369202e-02 -2.096303105354309082e-01 -5.365598946809768677e-02 -2.604084908962249756e-01 -2.149589657783508301e-01 -2.995283305644989014e-01 -1.788339614868164062e-01 3.842520117759704590e-01 4.056689441204071045e-01 2.729636728763580322e-01 3.544607460498809814e-01 4.820345435291528702e-03 -1.448058485984802246e-01 3.396351635456085205e-01 1.413086079992353916e-03 4.406044185161590576e-01 -8.766694366931915283e-02 -3.437618538737297058e-02 1.493380963802337646e-01 6.346073001623153687e-02 1.277780085802078247e-01 1.010929942131042480e-01 -3.136680275201797485e-02 2.030361443758010864e-01 -2.312374860048294067e-01
-5.490792542695999146e-02 -1.838342547416687012e-01 -2.401480227708816528e-01 -1.967858374118804932e-01 -2.935186028480529785e-01 -2.267266064882278442e-01 -3.744865953922271729e-01 -1.767456904053688049e-02 2.486561238765716553e-01 2.454324439167976379e-02 1.699303388595581055e-01 -5.036188289523124695e-02 2.165741771459579468e-01 3.103537857532501221e-01 1.226297989487648010e-01 1.097988709807395935e-01 -5.723952874541282654e-02 1.120254546403884888e-01 -2.114229351282119751e-01 -2.670320570468902588e-01 -1.559250205755233765e-01 1.400101780891418457e-01 3.466350436210632324e-01 2.377416342496871948e-01 2.171825617551803589e-01 -1.123571395874023438e-01 -1.904916912317276001e-01 6.725094467401504517e-02 8.582107722759246826e-02 9.412632137537002563e-02 1.253073662519454956e-01 9.467697143554687500e-02 6.566955149173736572e-02 1.293518990278244019e-01 1.696451753377914429e-02 -2.591151744127273560e-03 -4.100905358791351318e-01 1.268868297338485718e-01 -2.862108051776885986e-01 1.097640320658683777e-01 -2.485914975404739380e-01 9.899052791297435760e-03 -6.282860785722732544e-02 -1.701083481311798096e-01 -4.356836974620819092e-01 8.665362000465393066e-02 5.885973945260047913e-02 -2.728050015866756439e-02 -7.448764145374298096e-02 -2.183907330036163330e-01 9.835149347782135010e-02 -1.551602929830551147e-01 1.021073758602142334e-01 1.120788082480430603e-01 9.032177180051803589e-02 -6.661045551300048828e-02 2.666030637919902802e-02 1.517681479454040527e-01 -1.771155893802642822e-01 1.581082642078399658e-01 8.024558424949645996e-02 -4.178936779499053955e-02 -2.291340008378028870e-02 -1.763760596513748169e-01
2.651580609381198883e-02 -1.446874719113111496e-02 9.380096942186355591e-02 1.007978394627571106e-01 -2.502543628215789795e-01 1.900988444685935974e-02 4.229649901390075684e-02 -4.364560300018638372e-04 1.042077764868736267e-01 -5.688842386007308960e-02 3.827984333038330078e-01 -8.182957768440246582e-02 4.740026593208312988e-02 -6.113884039223194122e-03 6.011398136615753174e-02 6.700454652309417725e-02 -2.392098493874073029e-02 2.279646247625350952e-01 -1.521548256278038025e-02 1.770777106285095215e-01 -1.179496496915817261e-01 -4.630193486809730530e-02 4.917635023593902588e-01 -6.133642978966236115e-03 -1.868861168622970581e-01 1.555961966514587402e-01 -1.574959456920623779e-01 -2.394435554742813110e-02 -2.818841673433780670e-02 2.051410675048828125e-01 -2.670794427394866943e-01 1.127658188343048096e-01 -1.012280117720365524e-02 6.980984658002853394e-02 2.815197221934795380e-02 1.517608463764190674e-01 -6.025382131338119507e-02 7.188171893358230591e-02 -6.414692103862762451e-02 2.084968797862529755e-02 -1.818949729204177856e-02 -5.446567535400390625e-01 1.463026404380798340e-01 -6.203823164105415344e-02 8.532513678073883057e-02 1.935180723667144775e-01 3.126746714115142822e-01 4.451101422309875488e-01 -3.348033875226974487e-02 2.715724753215909004e-03 2.181049734354019165e-01 9.585523046553134918e-03 -3.908696770668029785e-02 1.481407880783081055e-01 -9.357818961143493652e-01 -5.074799433350563049e-02 2.085050046443939209e-01 -3.068990074098110199e-02 -1.152944639325141907e-01 5.299017429351806641e-01 4.889518022537231445e-02 -6.207454577088356018e-02 -6.546240299940109253e-02 -6.749777495861053467e-02
5.925580859184265137e-02 -1.269009262323379517e-01 1.427327394485473633e-01 -5.272904410958290100e-02 -1.319267898797988892e-01 -3.328460827469825745e-02 1.057268469594419003e-03 2.093763090670108795e-02 3.951916098594665527e-02 -3.204939141869544983e-02 2.256782203912734985e-01 9.865954518318176270e-02 -1.167092472314834595e-01 1.704335398972034454e-02 1.227991771884262562e-03 -1.691100448369979858e-01 6.395192444324493408e-02 8.645008504390716553e-02 -1.396793723106384277e-01 -2.190000959672033787e-04 -1.975392363965511322e-02 -1.118018403649330139e-01 4.164247587323188782e-02 7.045634090900421143e-02 2.556541189551353455e-02 3.674151841551065445e-03 -6.894303858280181885e-02 1.729040406644344330e-02 2.330702170729637146e-02 2.066195011138916016e-02 2.523668296635150909e-02 -9.551190771162509918e-03 -3.303822595626115799e-03 1.438822895288467407e-01 -2.481027692556381226e-02 9.453944861888885498e-02 3.330212831497192383e-02 -9.847586601972579956e-02 3.573513403534889221e-02 -8.987744897603988647e-02 5.414938554167747498e-02 1.484780460596084595e-01 -7.460143417119979858e-02 1.119728386402130127e-02 4.636194556951522827e-03 1.918541342020034790e-01 1.585423387587070465e-02 1.867550015449523926e-01 -5.502227693796157837e-03 1.854921132326126099e-01 4.125610738992691040e-02 -4.008815437555313110e-02 2.869378030300140381e-02 -3.476746007800102234e-02 1.207491941750049591e-02 -4.033179581165313721e-02 -1.382006303174421191e-04 2.038792148232460022e-02 -5.812326818704605103e-02 9.583842754364013672e-02 -8.947950601577758789e-02 2.575815655291080475e-02 1.808095723390579224e-01 -4.806708544492721558e-02
6.403262168169021606e-02 -2.415185421705245972e-01 -2.628313899040222168e-01 3.798008710145950317e-02 3.499964475631713867e-01 2.630960941314697266e-01 -5.861403793096542358e-02 -1.844381354749202728e-02 -3.689637407660484314e-03 -6.111385300755500793e-02 1.136999204754829407e-02 -7.611011713743209839e-02 3.471830487251281738e-02 1.160287484526634216e-01 7.339350879192352295e-02 5.351785942912101746e-02 -9.305343031883239746e-02 -2.221657186746597290e-01 -1.532473266124725342e-01 -2.267051637172698975e-01 -1.171446442604064941e-01 -2.086881846189498901e-01 -1.024973317980766296e-01 -7.370779663324356079e-02 -1.604712307453155518e-01 -2.800612151622772217e-02 -6.328878551721572876e-02 1.368410233408212662e-02 -7.490321248769760132e-02 7.321398705244064331e-02 -1.071349531412124634e-01 5.588733125478029251e-03 4.118193313479423523e-02 -6.214972585439682007e-03 6.714283674955368042e-02 -5.448422208428382874e-02 1.804252713918685913e-01 -9.802803397178649902e-02 4.188042879104614258e-02 1.999549567699432373e-01 -1.632861942052841187e-01 -3.462066948413848877e-01 -1.266702562570571899e-01 -1.794417947530746460e-01 -2.854627743363380432e-02 4.720026999711990356e-02 1.144662573933601379e-01 -1.369058936834335327e-01 -9.827264398336410522e-02 -6.822595745325088501e-02 -1.329121291637420654e-01 7.865889370441436768e-02 -2.104966193437576294e-01 3.086682595312595367e-02 -1.409034609794616699e+00 -7.726436108350753784e-02 1.817517578601837158e-01 -4.287330806255340576e-02 -2.112811505794525146e-01 1.807221174240112305e-01 -2.182465940713882446e-01 -1.010556593537330627e-01 2.207539081573486328e-01 -3.558446187525987625e-03
3.004254773259162903e-03 -1.776745468378067017e-01 -3.228118121623992920e-01 -2.752937003970146179e-02 1.457345485687255859e-01 -6.163116917014122009e-02 -2.950407750904560089e-02 -7.433146238327026367e-02 -8.029918372631072998e-02 -2.016358077526092529e-01 1.052275747060775757e-01 -9.911825507879257202e-02 -3.529174923896789551e-01 2.279642969369888306e-01 1.980980634689331055e-01 -5.332889780402183533e-02 -1.951884850859642029e-02 -9.262976050376892090e-02 4.202353060245513916e-01 3.105958402156829834e-01 1.652291268110275269e-01 -5.296278372406959534e-02 7.699016481637954712e-02 1.299339979887008667e-01 1.331569254398345947e-01 1.857510656118392944e-01 -1.003111451864242554e-01 -3.709765523672103882e-02 2.097128182649612427e-01 1.160508170723915100e-01 4.538163170218467712e-02 -1.880897432565689087e-01 -1.203962694853544235e-02 3.241163864731788635e-02 1.748009957373142242e-02 -4.362618178129196167e-02 -3.380199968814849854e-01 -6.966731697320938110e-02 9.293925017118453979e-03 1.528591960668563843e-01 -3.333644568920135498e-02 4.356393963098526001e-02 1.085493639111518860e-01 5.296107754111289978e-02 8.761746436357498169e-02 -1.449101865291595459e-01 -2.633059918880462646e-01 1.236177980899810791e-01 1.438067108392715454e-01 -2.008363902568817139e-01 -4.499511048197746277e-02 -1.331784129142761230e-01 -9.498269110918045044e-02 2.195722609758377075e-01 2.611047029495239258e-02 3.936791419982910156e-02 -1.159071698784828186e-01 6.312946230173110962e-02 -2.072685956954956055e-01 2.040638029575347900e-01 -2.808501422405242920e-01 2.980008721351623535e-04 -1.784458607435226440e-01 -3.488135337829589844e-02
-8.167281746864318848e-02 -4.211292043328285217e-02 1.527213156223297119e-01 7.332076877355575562e-02 -2.922833524644374847e-02 1.575295925140380859e-01 1.357179135084152222e-01 8.219093829393386841e-02 -3.149295151233673096e-01 1.434500664472579956e-01 -4.619119688868522644e-02 -1.344482302665710449e-01 1.917753517627716064e-01 -1.837683767080307007e-01 -1.123845726251602173e-01 -6.810805201530456543e-02 2.291907370090484619e-02 -2.703112661838531494e-01 2.777048051357269287e-01 2.462797760963439941e-01 1.558276414871215820e-01 -7.766351103782653809e-02 -3.933802843093872070e-01 1.287378836423158646e-02 -2.399836778640747070e-01 5.476105958223342896e-02 -1.685281693935394287e-01 -4.497776553034782410e-02 -4.523190855979919434e-02 -1.751013658940792084e-02 -5.794711410999298096e-03 5.120611563324928284e-02 -6.008537113666534424e-02 -7.560183852910995483e-02 4.621303174644708633e-03 1.277340650558471680e-01 1.556683704257011414e-02 -2.397989630699157715e-01 3.290197998285293579e-02 -3.111170418560504913e-02 3.589624166488647461e-02 -4.296480119228363037e-02 9.150028228759765625e-02 9.374022483825683594e-02 4.757063835859298706e-02 4.235730320215225220e-02 -1.321227550506591797e-01 -2.267951378598809242e-03 -2.424323186278343201e-02 2.533432841300964355e-01 -2.189357727766036987e-01 5.384006071835756302e-03 -1.605243831872940063e-01 1.167155131697654724e-01 -3.546972274780273438e-01 4.462080448865890503e-02 1.254518609493970871e-02 -4.374287649989128113e-02 -1.196179389953613281e-01 -2.387179434299468994e-02 -1.758994162082672119e-01 -1.851548068225383759e-02 -6.485105305910110474e-02 1.152687817811965942e-01
-5.318700522184371948e-02 -8.123241364955902100e-02 1.988988220691680908e-01 1.487036049365997314e-01 -7.026923298835754395e-01 2.122032046318054199e-01 1.731704771518707275e-01 1.399431377649307251e-01 2.856642603874206543e-01 8.141583204269409180e-02 3.842935338616371155e-02 -2.589855492115020752e-01 2.610926628112792969e-01 1.092870309948921204e-01 -1.195540726184844971e-01 -3.360513448715209961e-01 -5.386685952544212341e-02 1.465515140444040298e-02 2.276890538632869720e-02 1.973333507776260376e-01 1.135423108935356140e-01 1.340902037918567657e-02 2.846677005290985107e-01 -7.168186455965042114e-02 -1.925201565027236938e-01 2.218973785638809204e-01 -1.519623547792434692e-01 -1.268335711210966110e-02 -2.072894126176834106e-01 8.795554935932159424e-02 8.481373637914657593e-02 1.071712076663970947e-01 5.925471708178520203e-02 -9.731665253639221191e-02 -8.815409243106842041e-02 -3.837810829281806946e-03 1.547798216342926025e-01 1.524274647235870361e-01 3.036141395568847656e-01 -1.509906798601150513e-01 2.867641746997833252e-01 7.213711738586425781e-02 -4.532166942954063416e-02 2.588395774364471436e-01 1.034940183162689209e-01 3.838484883308410645e-01 3.541800379753112793e-02 -2.174828797578811646e-01 -2.220681458711624146e-01 -9.618069976568222046e-02 -7.996612787246704102e-02 2.050155550241470337e-01 8.595565706491470337e-02 2.858722507953643799e-01 1.764231026172637939e-01 -9.073343873023986816e-02 3.139869868755340576e-01 -1.502071022987365723e-01 -8.965697139501571655e-02 -3.547588735818862915e-02 -2.755438387393951416e-01 -8.998755947686731815e-04 -5.599351599812507629e-02 1.613973081111907959e-01
1.205547302961349487e-01 1.255627274513244629e-01 2.081702053546905518e-01 -1.203560009598731995e-01 2.935070395469665527e-01 2.303125560283660889e-01 -5.003726854920387268e-02 -5.266582220792770386e-02 8.645382709801197052e-03 2.273703813552856445e-01 -2.002309262752532959e-01 -1.837893947958946228e-02 1.584076285362243652e-01 2.685295641422271729e-01 -5.786902084946632385e-02 1.079508215188980103e-01 -6.712267547845840454e-02 -7.004150003194808960e-02 -1.275150571018457413e-02 2.785603404045104980e-01 1.733514666557312012e-01 5.706270691007375717e-03 2.623572349548339844e-01 1.292075365781784058e-01 6.030008196830749512e-02 3.607946336269378662e-01 1.387108862400054932e-01 5.919402092695236206e-02 6.536772847175598145e-02 1.921774744987487793e-01 1.962681673467159271e-02 -1.321612671017646790e-02 -3.553653135895729065e-02 2.788899242877960205e-01 1.693138852715492249e-02 2.247211337089538574e-02 1.035169586539268494e-01 1.251768022775650024e-01 -2.229352295398712158e-02 -1.090949922800064087e-01 -6.252787262201309204e-02 8.343470841646194458e-02 2.626403868198394775e-01 7.705055922269821167e-02 1.704016327857971191e-01 -5.523213744163513184e-01 5.364687442779541016e-01 -1.533965915441513062e-01 3.951013088226318359e-02 1.714031398296356201e-01 2.685305178165435791e-01 1.670259684324264526e-01 2.745580673217773438e-01 7.803663145750761032e-03 2.192226499319076538e-01 9.258979698643088341e-04 1.234618853777647018e-02 1.269287765026092529e-01 -2.260021269321441650e-01 -1.842940300703048706e-01 3.659580051898956299e-01 5.554274190217256546e-03 -1.441456526517868042e-01 8.068718947470188141e-03
-4.206589981913566589e-02 -1.535892020910978317e-02 3.577986732125282288e-02 1.498100999742746353e-02 1.499804481863975525e-02 -9.416201710700988770e-02 -7.594082504510879517e-02 1.145361829549074173e-02 7.876818627119064331e-02 -3.373577445745468140e-02 -1.285288296639919281e-02 4.074791818857192993e-02 3.839256986975669861e-02 -6.132049113512039185e-02 4.075834155082702637e-02 -2.212891727685928345e-02 1.729238574625924230e-04 2.857277728617191315e-02 4.648670554161071777e-02 1.618476957082748413e-02 1.526918355375528336e-02 3.057883307337760925e-02 8.297941088676452637e-02 4.629573971033096313e-02 -4.354594647884368896e-02 2.322833240032196045e-02 4.240985494107007980e-03 -7.513855397701263428e-02 6.709846854209899902e-02 -1.650640182197093964e-02 6.343098729848861694e-02 -4.785872250795364380e-02 -3.419698216021060944e-03 -8.637108653783798218e-02 -4.065064340829849243e-02 -6.281593348830938339e-03 -2.066915296018123627e-02 3.244790062308311462e-02 -6.369058042764663696e-02 -8.768545091152191162e-02 4.307514429092407227e-02 -5.123942717909812927e-02 -6.412067264318466187e-02 8.347081393003463745e-02 6.970605254173278809e-02 -7.723589241504669189e-02 -2.654026262462139130e-02 -6.980234384536743164e-02 -3.005615435540676117e-03 -1.052242293953895569e-01 -4.161953553557395935e-02 3.739136271178722382e-03 2.121571078896522522e-02 5.088543519377708435e-02 1.072295159101486206e-01 -6.603539735078811646e-02 7.091041654348373413e-02 -1.678573153913021088e-02 7.544406503438949585e-02 7.969984412193298340e-02 -2.727264165878295898e-02 -2.277375757694244385e-02 6.297153234481811523e-02 -3.790002688765525818e-02
-2.434469200670719147e-02 5.817262083292007446e-02 4.007947146892547607e-01 -3.805328160524368286e-02 2.329942286014556885e-01 4.598062485456466675e-03 2.283303141593933105e-01 1.914336681365966797e-01 -2.808485031127929688e-01 5.629823803901672363e-01 -2.522821724414825439e-01 9.270230680704116821e-02 3.923927843570709229e-01 -3.804842708632349968e-03 -3.066973388195037842e-02 -1.543768644332885742e-01 -8.403927087783813477e-03 -2.798674106597900391e-01 -2.693465948104858398e-01 5.588603019714355469e-01 2.888686656951904297e-01 -7.315485924482345581e-02 2.065304815769195557e-01 8.367851376533508301e-02 -1.729288995265960693e-01 4.690291881561279297e-01 -1.337356567382812500e-01 7.309928536415100098e-02 -1.936656795442104340e-02 1.021503061056137085e-01 -2.565636038780212402e-01 1.099600493907928467e-01 7.754765450954437256e-02 -9.676675498485565186e-02 -1.051576528698205948e-02 1.555713564157485962e-01 1.683251261711120605e-01 -4.710821807384490967e-01 1.304677277803421021e-01 -1.371911764144897461e-01 -7.524957507848739624e-02 8.483433723449707031e-02 1.522710621356964111e-01 -4.388396069407463074e-02 2.223296016454696655e-01 -2.812374234199523926e-01 -3.503893688321113586e-02 9.143745154142379761e-02 1.274006217718124390e-01 -3.140081763267517090e-01 4.051242768764495850e-01 -1.542447060346603394e-01 -1.777222901582717896e-01 -6.898541748523712158e-02 -1.384295523166656494e-01 -6.984441727399826050e-02 4.240456968545913696e-02 -9.438040107488632202e-02 1.380813717842102051e-01 -1.507211625576019287e-01 1.095286980271339417e-01 -3.343831747770309448e-02 -6.340074539184570312e-02 1.556502282619476318e-01
1.101829335093498230e-01 1.148264110088348389e-01 4.665308073163032532e-02 -1.764390319585800171e-01 -1.653927192091941833e-02 8.208507299423217773e-02 -8.251096308231353760e-02 -1.110354736447334290e-01 1.537685468792915344e-02 -1.467238068580627441e-01 4.513644799590110779e-02 2.312476634979248047e-01 -2.800770699977874756e-01 7.616972178220748901e-02 1.392714083194732666e-01 3.533289581537246704e-02 3.252402693033218384e-02 1.531165838241577148e-01 5.771583691239356995e-02 -4.061233624815940857e-02 1.760048791766166687e-02 1.014152243733406067e-01 2.248176038265228271e-01 4.140856117010116577e-02 7.196976989507675171e-02 -1.375974565744400024e-01 1.771937608718872070e-01 5.177292227745056152e-02 8.567151427268981934e-02 -2.635141089558601379e-02 9.399844706058502197e-02 -9.268242120742797852e-02 4.613762348890304565e-02 -5.308689549565315247e-02 -7.068568468093872070e-02 -6.781066209077835083e-02 1.759409345686435699e-02 1.721199601888656616e-01 -2.312156856060028076e-01 1.972234062850475311e-02 2.565581165254116058e-02 2.482320927083492279e-02 3.808904066681861877e-02 -3.043589554727077484e-02 -1.302461773157119751e-01 2.523754350841045380e-02 -1.429399996995925903e-01 -2.703017741441726685e-02 7.615341246128082275e-02 -1.628807187080383301e-01 -1.886592619121074677e-02 3.407096117734909058e-02 1.853630840778350830e-01 -6.217211484909057617e-02 1.760634630918502808e-01 4.210773482918739319e-02 -3.624248085543513298e-03 2.286625839769840240e-02 3.388604223728179932e-01 -8.780068904161453247e-02 -3.462174162268638611e-02 -8.312270045280456543e-02 8.023167401552200317e-02 -4.471088200807571411e-02
7.562534511089324951e-02 1.794414073228836060e-01 -4.380187094211578369e-01 1.255530714988708496e-01 1.239169090986251831e-01 -3.873117640614509583e-02 4.834929108619689941e-01 -4.661939293146133423e-02 3.485202044248580933e-02 -5.225278735160827637e-01 -3.768965601921081543e-02 1.510059386491775513e-01 -4.134197160601615906e-02 4.347583279013633728e-02 6.486332416534423828e-02 -3.052509129047393799e-01 -3.959536552429199219e-03 1.403159797191619873e-01 5.172953754663467407e-02 -7.583135962486267090e-01 2.836352214217185974e-02 2.915111780166625977e-01 4.862650334835052490e-01 8.110046386718750000e-02 1.164687564596533775e-03 -6.697411537170410156e-01 2.735042199492454529e-02 -6.744436919689178467e-02 7.933654636144638062e-02 2.001949995756149292e-01 -2.565265819430351257e-02 -6.007570028305053711e-02 -4.783042520284652710e-02 1.978100240230560303e-01 -1.478589326143264771e-02 -5.188923701643943787e-02 -1.304301470518112183e-01 1.861385703086853027e-01 -4.835677519440650940e-02 2.895848453044891357e-01 2.252137474715709686e-02 -7.263182848691940308e-02 2.814562246203422546e-02 -2.109939008951187134e-01 1.426075771450996399e-02 1.850370019674301147e-01 2.754988968372344971e-01 2.308617532253265381e-01 -1.209250278770923615e-02 2.477390766143798828e-01 1.773262470960617065e-01 1.300416290760040283e-01 5.038456246256828308e-02 -8.075938560068607330e-03 3.018666207790374756e-01 5.427055805921554565e-02 9.372769296169281006e-02 8.699807524681091309e-02 2.213282436132431030e-01 4.359812736511230469e-01 -1.497856900095939636e-02 -4.097968712449073792e-02 2.564762905240058899e-02 -1.883650273084640503e-01
7.251924276351928711e-02 -1.033736276440322399e-03 1.427865475416183472e-01 2.263302356004714966e-01 -3.974675238132476807e-01 -1.009602397680282593e-01 1.791452169418334961e-01 1.200022697448730469e-01 -1.207269355654716492e-01 1.699847728013992310e-01 -8.918893337249755859e-02 1.704232245683670044e-01 -1.516957581043243408e-01 -3.917202353477478027e-03 -3.138608336448669434e-01 1.029594317078590393e-01 7.444383949041366577e-02 2.331002056598663330e-02 -2.547484040260314941e-01 2.545138001441955566e-01 1.125950962305068970e-01 -2.627979218959808350e-01 4.746015965938568115e-01 1.775139421224594116e-01 2.393420636653900146e-01 6.075844541192054749e-02 -3.302890956401824951e-01 7.192369550466537476e-02 -1.068166196346282959e-01 1.215804219245910645e-01 3.484930694103240967e-01 8.701390773057937622e-02 7.278251647949218750e-02 9.854725748300552368e-02 7.396691292524337769e-02 1.555533856153488159e-01 -1.178486645221710205e-02 2.638400197029113770e-01 -1.585347801446914673e-01 -4.688981175422668457e-02 1.195513904094696045e-01 3.843098282814025879e-01 5.412787571549415588e-02 -9.307081811130046844e-03 4.081652760505676270e-01 7.405151724815368652e-01 2.321873791515827179e-02 -1.280065178871154785e-01 -5.705965217202901840e-03 -9.873885661363601685e-02 1.192463282495737076e-02 3.091303166002035141e-03 -2.492401897907257080e-01 1.206505224108695984e-01 3.183020949363708496e-01 3.686965629458427429e-02 -2.529827691614627838e-02 -1.500751078128814697e-01 -4.669906198978424072e-01 3.717288374900817871e-01 -7.676103711128234863e-02 -7.014064490795135498e-02 1.058608964085578918e-01 2.129328809678554535e-02
2.324578352272510529e-02 1.423590034246444702e-01 -5.285369697958230972e-03 -3.353672847151756287e-02 5.168373510241508484e-02 7.776936888694763184e-02 1.286155134439468384e-01 1.027521863579750061e-01 -1.424385607242584229e-01 2.534852176904678345e-02 -4.262236505746841431e-02 8.610090613365173340e-02 -7.316987961530685425e-03 -1.067592725157737732e-01 -2.253114804625511169e-02 7.465568184852600098e-02 -6.712761521339416504e-02 1.038864441215991974e-02 -9.118652343750000000e-02 3.518676012754440308e-02 1.092339009046554565e-01 1.521450132131576538e-01 2.603571303188800812e-02 4.592546820640563965e-02 1.683672517538070679e-02 -1.245693191885948181e-01 -1.353087835013866425e-02 -3.725133091211318970e-02 1.309214979410171509e-01 -4.249404743313789368e-02 -2.601788938045501709e-02 1.102446839213371277e-01 -2.839589305222034454e-02 3.957778587937355042e-02 -7.140357792377471924e-02 3.754182904958724976e-02 -6.417305022478103638e-02 9.620609693229198456e-03 -3.035473078489303589e-02 -1.248899549245834351e-01 9.741724282503128052e-02 1.025141328573226929e-01 -2.943199314177036285e-02 3.615061938762664795e-02 -5.371990147978067398e-03 8.242329210042953491e-02 -6.034988164901733398e-02 -1.168900728225708008e-01 1.313547939062118530e-01 1.389313489198684692e-01 -3.770172223448753357e-02 5.468294769525527954e-02 2.207923308014869690e-02 5.906026810407638550e-02 -1.201659664511680603e-01 -1.396781858056783676e-02 8.550852537155151367e-02 9.360384941101074219e-02 -1.451805699616670609e-02 -8.182838559150695801e-02 7.551906257867813110e-02 -1.131098438054323196e-02 1.636966764926910400e-01 4.820878803730010986e-02
1.075017377734184265e-01 8.565076440572738647e-02 -1.446418743580579758e-02 1.607172489166259766e-01 1.083557978272438049e-01 1.440885663032531738e-01 6.509466469287872314e-02 4.961298033595085144e-02 -5.603575333952903748e-02 1.250599622726440430e-01 1.011268347501754761e-01 1.359414756298065186e-01 8.207825943827629089e-03 1.226722598075866699e-01 -2.813677862286567688e-02 1.699186116456985474e-02 -7.947106659412384033e-02 7.733951508998870850e-02 6.466301530599594116e-02 2.911970950663089752e-02 1.102919876575469971e-01 -3.425641730427742004e-02 3.336390256881713867e-01 1.160020940005779266e-02 -3.148724511265754700e-02 -9.111434966325759888e-02 -5.283786728978157043e-02 -7.124403491616249084e-04 -3.844496607780456543e-02 1.813139617443084717e-01 5.820976104587316513e-03 1.515176743268966675e-01 9.309420362114906311e-03 -4.712496697902679443e-02 -6.033460050821304321e-02 1.719764806330204010e-02 4.934031516313552856e-02 -5.519730597734451294e-02 1.733361370861530304e-02 -3.169894963502883911e-02 1.697634458541870117e-01 -2.130279503762722015e-02 -1.089489310979843140e-01 9.731521457433700562e-02 3.324461355805397034e-02 -2.348561435937881470e-01 3.083802759647369385e-02 -2.778286933898925781e-01 5.502119287848472595e-02 1.034294366836547852e-01 -6.556564569473266602e-02 7.746778428554534912e-02 4.536200314760208130e-02 1.297776848077774048e-01 -1.621225178241729736e-01 2.009040210396051407e-03 1.219762265682220459e-01 3.591910377144813538e-02 7.845838554203510284e-03 2.373505197465419769e-02 -1.932853274047374725e-02 3.805270045995712280e-02 -9.491458535194396973e-03 1.418871730566024780e-01
-4.152916073799133301e-01 -5.571326613426208496e-01 -1.830701343715190887e-02 4.003962576389312744e-01 -5.826429724693298340e-01 4.696484506130218506e-01 6.158084794878959656e-02 -1.826492697000503540e-01 6.871300339698791504e-01 -3.997017145156860352e-01 2.644239366054534912e-01 -1.029279977083206177e-01 -1.784837990999221802e-01 4.003360494971275330e-02 -5.092052742838859558e-02 7.891052961349487305e-01 7.978222519159317017e-02 -5.688084363937377930e-01 4.845439195632934570e-01 1.562190949916839600e-01 -3.261816203594207764e-01 -3.024728894233703613e-01 -9.046020507812500000e-01 -1.232106089591979980e-01 -2.292682975530624390e-02 1.690822243690490723e-01 1.899179518222808838e-01 2.502002194523811340e-02 3.200584650039672852e-02 3.129917979240417480e-01 9.789962768554687500e-01 -3.022242188453674316e-01 -2.352872304618358612e-02 -3.749094307422637939e-01 -7.617207616567611694e-02 -5.384544730186462402e-01 -1.910960301756858826e-02 5.310633778572082520e-02 -2.293231524527072906e-02 -2.328741103410720825e-01 6.669960618019104004e-01 -3.566449284553527832e-01 -1.242128163576126099e-01 2.438800483942031860e-01 -4.796353280544281006e-01 -3.727138042449951172e-01 -3.200433254241943359e-01 1.432199329137802124e-01 -2.224445194005966187e-01 1.620991677045822144e-01 1.540695577859878540e-01 2.118948996067047119e-01 -5.221041440963745117e-01 -1.591679155826568604e-01 -1.297778964042663574e+00 -4.152662307024002075e-02 7.408624142408370972e-02 2.523891329765319824e-01 -1.965228319168090820e-01 -5.321374535560607910e-01 -2.705621719360351562e-01 6.081631407141685486e-02 1.575290858745574951e-01 2.927779555320739746e-01
1.368733793497085571e-01 2.731971628963947296e-02 1.207101568579673767e-01 2.777222357690334320e-02 -1.696909964084625244e-02 5.254358425736427307e-02 9.054589271545410156e-02 7.845678925514221191e-02 3.209039568901062012e-02 1.239391565322875977e-01 -1.619358360767364502e-02 2.257154881954193115e-01 1.043693274259567261e-01 1.493372470140457153e-01 1.632929742336273193e-01 1.143634617328643799e-01 2.352415956556797028e-02 1.653536036610603333e-02 9.679769724607467651e-02 1.020407751202583313e-01 6.370074115693569183e-03 9.126326441764831543e-02 7.044949382543563843e-02 2.247025445103645325e-02 9.373620897531509399e-02 1.140614878386259079e-02 3.920624032616615295e-02 -5.304341390728950500e-02 1.083150412887334824e-02 2.427874691784381866e-02 -4.968958720564842224e-02 6.658042222261428833e-02 5.550588667392730713e-02 1.076340824365615845e-01 -9.280388057231903076e-02 -1.617184095084667206e-02 6.907392293214797974e-02 1.294108331203460693e-01 5.199636146426200867e-02 -5.934846773743629456e-02 7.077611051499843597e-03 9.229318052530288696e-02 8.281673491001129150e-02 3.643284365534782410e-02 7.596760243177413940e-02 -5.705941841006278992e-02 6.507604569196701050e-02 -1.009426340460777283e-01 5.452221259474754333e-02 7.753046602010726929e-02 1.239818483591079712e-01 7.509399950504302979e-02 1.297910958528518677e-01 9.952276200056076050e-02 1.661124080419540405e-01 -5.445687100291252136e-02 2.032530158758163452e-01 -1.530845090746879578e-02 -4.111177101731300354e-02 -1.704394221305847168e-01 2.204578369855880737e-01 -3.520707041025161743e-02 -1.228406280279159546e-02 -7.593841850757598877e-02
4.616921767592430115e-02 -1.403138786554336548e-01 2.761484682559967041e-01 3.005426526069641113e-01 3.685707459226250648e-03 1.281208395957946777e-01 2.372184842824935913e-01 1.280015856027603149e-01 5.175120234489440918e-01 2.691924571990966797e-01 -1.458122115582227707e-02 1.907771080732345581e-02 1.072218790650367737e-01 4.279331769794225693e-03 1.337992679327726364e-02 -1.656222492456436157e-01 -3.084915922954678535e-03 -1.364715695381164551e-01 2.902296483516693115e-01 3.027105629444122314e-01 4.254893586039543152e-02 1.440704911947250366e-01 6.068983301520347595e-02 3.370790556073188782e-02 1.123210228979587555e-02 2.301826030015945435e-01 -7.608935981988906860e-02 7.207266986370086670e-02 -5.121082812547683716e-02 -7.762887328863143921e-02 5.516237020492553711e-01 1.998239606618881226e-01 -1.506229583173990250e-02 -4.777938127517700195e-02 -4.992875456809997559e-02 1.769056618213653564e-01 2.102672755718231201e-01 2.034354954957962036e-02 2.427954971790313721e-01 -4.914981126785278320e-02 2.303504198789596558e-01 1.216076537966728210e-01 8.367585390806198120e-02 3.013266921043395996e-01 -3.124807961285114288e-03 4.103879630565643311e-01 -5.682959780097007751e-02 -2.771923542022705078e-01 -2.248408198356628418e-01 -8.542758226394653320e-02 -3.793960809707641602e-01 2.096469551324844360e-01 -9.570889174938201904e-02 9.862229228019714355e-02 -1.909406483173370361e-01 6.532192975282669067e-02 9.067633748054504395e-02 5.658169090747833252e-02 -1.241882890462875366e-01 -1.785907521843910217e-02 -8.259274810552597046e-02 1.106257736682891846e-02 -1.760697513818740845e-01 7.463161647319793701e-02
1.042295694351196289e-01 1.203636452555656433e-01 -9.225045144557952881e-02 2.672502584755420685e-02 -4.105676710605621338e-02 -1.558524277061223984e-02 -9.666398167610168457e-02 -1.815239526331424713e-02 -2.147661298513412476e-01 1.169794946908950806e-01 4.406945779919624329e-03 1.985776610672473907e-02 -3.499399870634078979e-02 -4.239273816347122192e-02 -1.379926409572362900e-02 3.536495938897132874e-02 -9.260307252407073975e-02 4.524154216051101685e-02 -3.394760787487030029e-01 -6.951229646801948547e-03 2.204748988151550293e-02 8.227906189858913422e-03 -1.945679187774658203e-01 7.699815928936004639e-02 -2.881609648466110229e-02 -7.341905683279037476e-02 7.340692728757858276e-02 -1.779005303978919983e-02 4.245238378643989563e-02 2.126593291759490967e-01 -4.988274872303009033e-01 6.161456182599067688e-02 8.113876730203628540e-02 -1.615477376617491245e-03 5.781886726617813110e-02 -1.249877829104661942e-02 -7.083303481340408325e-02 5.468049086630344391e-03 7.994868606328964233e-02 7.366421818733215332e-02 4.073244333267211914e-02 -1.811379492282867432e-01 -1.888822317123413086e-01 1.303881704807281494e-01 -6.130268052220344543e-02 -1.198288872838020325e-01 -5.882610008120536804e-02 1.017121747136116028e-01 1.729953736066818237e-01 -9.996535256505012512e-03 -7.117202877998352051e-02 -1.474158763885498047e-01 6.657255440950393677e-02 -7.852669805288314819e-02 9.147278964519500732e-02 6.506843864917755127e-02 -1.394420415163040161e-01 3.140395972877740860e-03 -2.755169570446014404e-02 4.078650102019309998e-02 3.560912981629371643e-02 -9.350491315126419067e-02 7.178061455488204956e-02 3.439440205693244934e-02
8.183113485574722290e-02 2.075886912643909454e-02 7.947394251823425293e-02 3.123230487108230591e-02 4.387722909450531006e-02 7.978928834199905396e-02 7.877491414546966553e-02 7.700739055871963501e-02 -1.543339192867279053e-01 -4.796154797077178955e-02 -5.981075018644332886e-02 -7.007873058319091797e-02 4.347662255167961121e-02 -8.218576014041900635e-02 5.474855378270149231e-02 -2.318393886089324951e-01 -8.567824959754943848e-02 -7.531705498695373535e-01 -5.494830384850502014e-02 2.963298931717872620e-02 1.069274097681045532e-01 -1.244722679257392883e-01 1.173917531967163086e+00 3.048945404589176178e-02 -7.314971834421157837e-02 9.159246087074279785e-02 -2.309772074222564697e-01 -9.823013097047805786e-02 6.500406563282012939e-02 1.579054445028305054e-02 -1.848686188459396362e-01 -2.890549972653388977e-02 4.943542554974555969e-02 2.000007219612598419e-02 2.961217239499092102e-02 1.441419422626495361e-01 -6.587018817663192749e-02 -1.188789457082748413e-01 -1.671498827636241913e-02 -2.842023968696594238e-02 6.419042497873306274e-02 -2.306970655918121338e-01 2.031385749578475952e-01 1.609198562800884247e-02 8.798567205667495728e-02 3.922997713088989258e-01 -3.152814507484436035e-02 3.749690949916839600e-01 -7.398774474859237671e-02 1.034106872975826263e-02 9.718413650989532471e-02 7.494067400693893433e-02 -1.331358253955841064e-01 4.130845516920089722e-02 -1.050248667597770691e-01 6.699945777654647827e-02 5.978433415293693542e-02 2.555970661342144012e-02 2.619867771863937378e-02 4.725634455680847168e-01 2.602141723036766052e-02 -8.311709761619567871e-02 -3.107288777828216553e-01 5.020789802074432373e-02
-4.825267195701599121e-02 2.471870370209217072e-02 -1.381491571664810181e-01 -8.771614171564579010e-03 1.645687818527221680e-01 2.489837259054183960e-02 -9.953138977289199829e-02 1.056852862238883972e-01 -2.927717566490173340e-01 -5.009669065475463867e-02 -5.919359624385833740e-02 -1.846577525138854980e-01 -3.140098154544830322e-01 -2.076804190874099731e-01 3.614844754338264465e-02 7.063974440097808838e-02 -4.284881800413131714e-02 -1.867299675941467285e-01 -2.255610972642898560e-01 -2.190306186676025391e-01 5.143491923809051514e-02 1.128055229783058167e-01 -3.125083446502685547e-01 5.012324079871177673e-02 -2.368960827589035034e-01 -2.133309096097946167e-01 -1.682311855256557465e-02 -2.016602549701929092e-03 -4.711140319705009460e-02 -4.886604845523834229e-02 5.656892061233520508e-02 -1.748981699347496033e-02 2.692400477826595306e-02 5.460103042423725128e-03 -6.520484387874603271e-02 5.661131814122200012e-02 -7.307454198598861694e-02 -1.810430586338043213e-01 -1.506119072437286377e-01 1.845593377947807312e-02 -9.448520094156265259e-02 -1.459885835647583008e-01 4.854219034314155579e-02 -5.014491081237792969e-02 -1.737358421087265015e-02 8.066947571933269501e-03 -3.495429083704948425e-02 -7.290146499872207642e-02 7.183218747377395630e-02 9.139193594455718994e-02 -8.237267285585403442e-02 1.088479235768318176e-01 -6.042478233575820923e-02 1.140081286430358887e-01 -2.970602810382843018e-01 -4.518127441406250000e-02 2.573677711188793182e-02 6.144706159830093384e-02 -1.983786234632134438e-03 -7.034090906381607056e-02 -1.207801997661590576e-01 -7.503591012209653854e-03 -3.211255371570587158e-02 1.027396470308303833e-01
-2.137884199619293213e-01 -1.620352566242218018e-01 5.646699666976928711e-01 1.443064212799072266e-01 -1.087666451930999756e-01 -4.124436080455780029e-01 -1.088112890720367432e-01 1.372530758380889893e-01 -5.272485017776489258e-01 -3.705860972404479980e-01 3.005679249763488770e-01 -9.757485240697860718e-02 5.492519140243530273e-01 6.547812819480895996e-01 2.098430544137954712e-01 -1.170184239745140076e-01 1.610112562775611877e-02 2.476446032524108887e-01 -3.301059305667877197e-01 -9.396200776100158691e-01 3.092570304870605469e-01 -1.775797456502914429e-01 2.730187177658081055e-01 -6.164013221859931946e-02 3.728250563144683838e-01 6.741210222244262695e-01 -3.334292471408843994e-01 -9.657521545886993408e-02 2.424913048744201660e-01 1.879665851593017578e-01 -7.356655001640319824e-01 -4.473919048905372620e-02 -3.766074776649475098e-03 -5.573588609695434570e-01 -6.371855735778808594e-02 4.690445363521575928e-01 -1.539802432060241699e+00 3.546061217784881592e-01 6.006019189953804016e-02 -3.067644536495208740e-01 1.123902201652526855e-01 1.858782917261123657e-01 -2.236229330301284790e-01 -1.991988420486450195e-01 -4.422324150800704956e-02 -1.751154363155364990e-01 -3.763572275638580322e-01 7.299017906188964844e-01 2.652382552623748779e-01 -4.355867803096771240e-01 5.576999485492706299e-02 -1.046914100646972656e+00 1.504265516996383667e-01 7.974611222743988037e-02 -1.389712840318679810e-01 -8.541012555360794067e-02 -1.069372296333312988e-01 -6.086054816842079163e-02 -7.250254154205322266e-01 2.763450145721435547e-01 -4.216963052749633789e-01 8.602725714445114136e-02 -2.811988294124603271e-01 1.827054470777511597e-01
1.737892776727676392e-01 5.624184384942054749e-02 -1.441429648548364639e-02 8.947608619928359985e-02 1.032775044441223145e-01 2.840789407491683960e-02 -4.804538190364837646e-02 4.884449020028114319e-02 -3.903031349182128906e-01 2.918476425111293793e-02 -7.969668507575988770e-02 4.316075239330530167e-03 2.250138074159622192e-01 8.703656494617462158e-03 1.328489631414413452e-01 2.169980555772781372e-01 -2.589980885386466980e-02 -6.534333806484937668e-03 -1.656770855188369751e-01 -7.666442543268203735e-02 -8.670366555452346802e-02 1.271235793828964233e-01 1.884621679782867432e-01 1.483737230300903320e-01 5.148602649569511414e-02 1.580516844987869263e-01 -4.827357456088066101e-02 -5.008847266435623169e-02 1.602910906076431274e-01 -2.529982849955558777e-02 -4.309083521366119385e-01 -3.039483912289142609e-02 3.434193506836891174e-02 1.868901550769805908e-01 -3.620580583810806274e-02 5.601911805570125580e-03 -4.437139257788658142e-02 -1.860173642635345459e-01 -2.726669423282146454e-02 2.744477614760398865e-02 -1.737759076058864594e-02 3.822581842541694641e-02 -3.211940824985504150e-02 2.068947404623031616e-01 1.705971919000148773e-02 -2.377386391162872314e-01 -1.028476208448410034e-01 1.697287559509277344e-01 1.811374723911285400e-01 -7.062486838549375534e-03 -5.063387006521224976e-02 -1.290948316454887390e-02 -2.944234758615493774e-02 -6.175509095191955566e-02 -1.408174186944961548e-01 6.466933991760015488e-03 -1.782064735889434814e-01 1.364188045263290405e-01 8.820826560258865356e-02 -1.663100533187389374e-02 -8.418133109807968140e-02 5.543342977762222290e-02 1.725789718329906464e-02 -1.643018722534179688e-01
-7.841289043426513672e-02 2.803698927164077759e-02 1.007657721638679504e-01 -7.550863921642303467e-02 1.335544437170028687e-01 -1.440188381820917130e-03 1.940927058458328247e-01 9.182338416576385498e-02 9.530963003635406494e-02 -1.917865686118602753e-02 1.001144349575042725e-01 -4.811780154705047607e-01 1.661895960569381714e-01 2.811175398528575897e-02 3.499882295727729797e-02 -1.060170531272888184e-01 -2.337376028299331665e-02 -4.593000710010528564e-01 -1.196056455373764038e-01 -3.514672070741653442e-02 6.984791904687881470e-02 -5.228903144598007202e-02 2.295433133840560913e-01 5.554524064064025879e-02 -2.028709352016448975e-01 7.199117541313171387e-02 5.367149133235216141e-03 2.932059764862060547e-02 -2.258274517953395844e-02 -3.136526793241500854e-02 7.434370368719100952e-02 -2.709979563951492310e-02 6.729111075401306152e-02 2.776271477341651917e-02 -9.207896143198013306e-02 5.806063488125801086e-02 1.062165796756744385e-01 1.327818483114242554e-01 3.083684667944908142e-02 -1.691948920488357544e-01 5.023635551333427429e-02 2.562821377068758011e-03 6.561772525310516357e-02 3.897132724523544312e-02 1.492989957332611084e-01 1.458107382059097290e-01 3.418907150626182556e-02 2.776188552379608154e-01 -1.278232187032699585e-01 9.689829498529434204e-02 1.645855158567428589e-01 1.854795590043067932e-02 -6.686829030513763428e-02 1.171394437551498413e-01 -2.848708331584930420e-01 -5.971760675311088562e-02 7.935519516468048096e-02 -9.338111430406570435e-02 6.788766384124755859e-02 -2.972150035202503204e-02 -4.199749976396560669e-02 8.989267982542514801e-03 -2.412344217300415039e-01 5.865682289004325867e-02
-1.775798015296459198e-02 9.124184399843215942e-02 2.127928286790847778e-01 2.302081137895584106e-02 1.254606097936630249e-01 3.151053562760353088e-02 1.231113635003566742e-02 1.131842434406280518e-01 3.338646590709686279e-01 1.667241305112838745e-01 -5.725972726941108704e-02 2.040934860706329346e-01 1.908112317323684692e-01 3.787564486265182495e-02 1.034543290734291077e-01 2.703207544982433319e-03 -7.979287952184677124e-02 1.198615133762359619e-01 3.335909545421600342e-01 2.913058698177337646e-01 2.093584463000297546e-02 1.009005904197692871e-01 2.269848585128784180e-01 1.664215177297592163e-01 6.221348419785499573e-03 3.197373747825622559e-01 -2.244312083348631859e-03 2.081354521214962006e-02 7.596154510974884033e-02 9.749888628721237183e-02 2.211317718029022217e-01 1.531062573194503784e-01 -6.429070234298706055e-02 1.369638741016387939e-01 -3.704337775707244873e-02 3.292422369122505188e-02 1.844041198492050171e-01 -2.380566596984863281e-01 1.861930042505264282e-01 7.706431206315755844e-03 -2.532327733933925629e-02 3.042005375027656555e-02 -6.127297505736351013e-02 1.700851619243621826e-01 4.774929583072662354e-02 4.736899212002754211e-02 2.961886115372180939e-02 3.138697445392608643e-01 -5.830899998545646667e-02 1.053233221173286438e-01 -4.041694477200508118e-02 -3.063308633863925934e-02 -8.455618470907211304e-02 1.317674815654754639e-01 2.557207942008972168e-01 -8.803672343492507935e-02 1.383197586983442307e-02 2.198522835969924927e-01 1.629395037889480591e-02 2.623708248138427734e-01 -1.107666045427322388e-01 -5.499317776411771774e-04 1.897454559803009033e-01 1.199842020869255066e-01
-8.435647934675216675e-02 1.999361626803874969e-02 -5.336215719580650330e-02 -5.122844502329826355e-02 -5.283471196889877319e-02 -3.170375898480415344e-02 4.778375104069709778e-02 3.312433511018753052e-02 -2.988068200647830963e-02 -1.648476868867874146e-01 -2.765644341707229614e-02 -1.287174075841903687e-01 -9.739501774311065674e-02 -2.758270315825939178e-02 -2.781450189650058746e-02 -5.450168997049331665e-02 -5.082160234451293945e-02 -2.021677643060684204e-01 -5.230392888188362122e-02 -4.067987576127052307e-02 -4.505601525306701660e-02 -5.413756519556045532e-02 -3.558435440063476562e-01 -7.275639474391937256e-02 -3.990316763520240784e-02 -4.054552316665649414e-02 -1.321591436862945557e-01 -1.146583352237939835e-02 4.349358379840850830e-02 1.932762935757637024e-02 9.992835670709609985e-02 1.635674852877855301e-03 -2.641079947352409363e-03 -6.643602391704916954e-04 2.010883204638957977e-02 2.582835219800472260e-02 -4.438397474586963654e-03 6.182302162051200867e-02 -6.486871093511581421e-02 2.403451874852180481e-02 6.990175694227218628e-02 9.829166345298290253e-03 7.296590507030487061e-02 -6.827001273632049561e-02 4.150345921516418457e-02 6.616344302892684937e-02 -9.575198590755462646e-02 -1.093138977885246277e-01 -1.059836298227310181e-01 9.033814072608947754e-02 1.235563308000564575e-01 1.092269867658615112e-01 -9.738758951425552368e-02 9.853812307119369507e-02 -3.575157225131988525e-01 -4.690407216548919678e-02 3.686917573213577271e-02 1.682364731095731258e-03 -9.439092129468917847e-03 -8.820672333240509033e-02 -6.421748548746109009e-02 -5.844686180353164673e-02 -2.005024850368499756e-01 6.175324693322181702e-02
4.376175999641418457e-02 -5.684382915496826172e-01 -9.800448268651962280e-02 4.653397575020790100e-02 -6.861300207674503326e-03 2.907662391662597656e-01 2.900347672402858734e-02 -6.039766222238540649e-02 2.568037211894989014e-01 -2.114646881818771362e-01 -3.533358126878738403e-02 6.033459305763244629e-01 2.914438247680664062e-01 -4.345874115824699402e-02 -9.435147047042846680e-02 -1.846239715814590454e-01 -4.519537836313247681e-02 -1.491872407495975494e-02 -3.408734202384948730e-01 -2.047680020332336426e-01 -2.354808300733566284e-01 -3.020270168781280518e-01 3.795024007558822632e-02 -2.959611713886260986e-01 -1.644377969205379486e-02 -3.116182982921600342e-01 6.331366300582885742e-01 3.900837153196334839e-02 1.350602358579635620e-01 -4.997188150882720947e-01 2.656132215633988380e-03 1.912457495927810669e-02 5.023566633462905884e-02 -7.272856682538986206e-02 -5.229842290282249451e-02 -1.077430620789527893e-01 3.107616007328033447e-01 4.243703931570053101e-02 2.508803009986877441e-01 4.889126121997833252e-01 -6.632492691278457642e-02 2.673062682151794434e-01 -1.389838638715445995e-03 -1.778181195259094238e-01 -2.049309015274047852e-01 -5.801276862621307373e-02 1.760774105787277222e-02 -8.148707449436187744e-02 -3.937764093279838562e-02 -4.841965734958648682e-01 1.167867556214332581e-01 5.945772677659988403e-02 -2.419483065605163574e-01 -1.737359315156936646e-01 -2.294638305902481079e-01 7.474958151578903198e-02 5.084700584411621094e-01 3.134463429450988770e-01 1.816170960664749146e-01 -1.614206731319427490e-01 1.714758574962615967e-01 1.970635727047920227e-02 2.125417441129684448e-01 1.513143181800842285e-01
-4.415188357234001160e-02 -2.526759169995784760e-02 -1.496943235397338867e-01 8.497548848390579224e-02 -2.148250043392181396e-01 9.194336086511611938e-02 -2.220774292945861816e-01 -5.008493363857269287e-02 3.914248570799827576e-02 -8.446146547794342041e-02 7.783606648445129395e-02 1.619852632284164429e-01 1.596248894929885864e-01 -1.041653845459222794e-02 -3.982274606823921204e-02 3.455920517444610596e-02 -2.696449868381023407e-02 3.307305872440338135e-01 -1.685406416654586792e-01 1.847756654024124146e-02 -4.763382021337747574e-03 -7.382750511169433594e-02 3.112965226173400879e-01 1.143972668796777725e-02 1.494016051292419434e-01 -4.143330082297325134e-02 2.129903137683868408e-01 9.956926107406616211e-03 6.405758857727050781e-02 -1.144767552614212036e-01 -2.162475585937500000e-01 -7.827791571617126465e-02 -6.234706193208694458e-02 -6.961911171674728394e-02 -5.465638265013694763e-02 -1.147065013647079468e-01 -8.034181594848632812e-02 1.172724962234497070e-01 -7.926351577043533325e-02 1.181846186518669128e-01 -1.343790534883737564e-02 1.246790513396263123e-01 7.310700602829456329e-03 -5.177370086312294006e-02 -1.862856745719909668e-01 1.643260866403579712e-01 6.620092391967773438e-01 -9.109846502542495728e-02 -6.219644472002983093e-02 -2.042177617549896240e-01 2.225562632083892822e-01 -2.239957451820373535e-02 3.510586619377136230e-01 3.218592703342437744e-02 2.285687178373336792e-01 -4.595380276441574097e-02 1.346869170665740967e-01 5.211311206221580505e-02 9.126611053943634033e-02 -7.174548693001270294e-03 4.257610738277435303e-01 -7.399827241897583008e-03 1.511612087488174438e-01 4.588818922638893127e-02
-1.940571218729019165e-01 -2.734232693910598755e-02 3.918180763721466064e-01 1.989082805812358856e-02 -3.620152175426483154e-01 9.991871565580368042e-02 -1.610827893018722534e-01 5.681121349334716797e-02 4.162530303001403809e-01 -1.573137938976287842e-02 1.272493004798889160e-01 -8.348414301872253418e-01 1.081237792968750000e-01 1.167721115052700043e-02 6.907700002193450928e-02 -3.266803920269012451e-01 -6.532491743564605713e-02 4.543893039226531982e-01 1.680319160223007202e-01 4.583103060722351074e-01 2.961451746523380280e-02 -2.069497257471084595e-01 -1.164444088935852051e-01 -4.845329374074935913e-02 1.442080438137054443e-01 3.257565200328826904e-01 -2.181201130151748657e-01 -2.689955383539199829e-02 -1.652166247367858887e-02 1.833741739392280579e-02 5.210232734680175781e-01 -7.231564819812774658e-02 3.631516918540000916e-02 -9.912624955177307129e-02 5.466115847229957581e-02 9.773559123277664185e-02 2.000518292188644409e-01 -1.492131687700748444e-02 9.017518907785415649e-02 4.784527048468589783e-02 5.334371700882911682e-02 -2.241541445255279541e-02 2.000514566898345947e-01 2.085414677858352661e-01 -1.769277006387710571e-01 3.602859377861022949e-01 1.266578882932662964e-01 -6.536014676094055176e-01 -2.535903453826904297e-01 7.884746044874191284e-02 -4.713644459843635559e-02 -2.443000487983226776e-02 -6.104603037238121033e-02 2.095380127429962158e-01 -3.508060052990913391e-02 6.865771114826202393e-02 9.398885816335678101e-02 -1.930734813213348389e-01 -1.951615214347839355e-01 -2.302046418190002441e-01 -3.472434878349304199e-01 2.017360180616378784e-02 5.510046482086181641e-01 1.573777794837951660e-01
7.294344250112771988e-03 -1.512563694268465042e-02 8.860812336206436157e-02 7.806137949228286743e-02 -1.600891165435314178e-02 5.425098538398742676e-02 9.947743266820907593e-02 6.836447119712829590e-02 -5.744935944676399231e-02 9.691056795418262482e-03 -9.443507343530654907e-02 1.828462034463882446e-01 1.324376910924911499e-01 3.546216711401939392e-02 5.539316684007644653e-02 4.706853255629539490e-02 -3.003957867622375488e-02 1.452227383852005005e-01 -1.300221383571624756e-01 5.404922738671302795e-02 2.238916046917438507e-02 8.909738063812255859e-02 -7.755287736654281616e-02 8.023851551115512848e-03 1.040589362382888794e-01 3.107728436589241028e-02 7.063682377338409424e-02 -3.624296933412551880e-02 -1.754783838987350464e-02 -6.071611493825912476e-02 -3.448248282074928284e-02 -9.790809825062751770e-03 -5.876175314188003540e-02 -1.780284382402896881e-02 -4.112180322408676147e-02 2.111287415027618408e-02 1.278442442417144775e-01 -6.504083517938852310e-03 -1.541746780276298523e-02 -7.798103988170623779e-02 4.609971493482589722e-02 1.438349783420562744e-01 2.467306889593601227e-02 -1.219096034765243530e-01 7.213170826435089111e-02 1.404756456613540649e-01 -8.574218489229679108e-03 -7.215176522731781006e-02 -1.565936952829360962e-03 1.645698025822639465e-02 -5.243846774101257324e-02 1.339865922927856445e-01 1.210925281047821045e-01 1.808158755302429199e-01 2.322753816843032837e-01 -5.389382690191268921e-02 1.075794771313667297e-01 1.181598678231239319e-01 3.251575529575347900e-01 -2.248692065477371216e-01 -4.382728040218353271e-02 -4.624221101403236389e-02 1.581456065177917480e-01 8.479844778776168823e-02
-5.432261154055595398e-03 8.580939471721649170e-02 1.137634068727493286e-01 1.215788349509239197e-01 2.605974487960338593e-02 4.841611161828041077e-02 7.030892372131347656e-02 7.712779194116592407e-02 1.123531069606542587e-02 -3.366201743483543396e-02 -1.156781613826751709e-02 -1.137677431106567383e-01 1.406007446348667145e-02 -7.123213261365890503e-02 -5.602507293224334717e-02 -1.525432616472244263e-01 1.746837235987186432e-02 -8.434489369392395020e-02 5.025004222989082336e-02 5.998894572257995605e-02 1.021417453885078430e-01 4.323973506689071655e-02 -1.045315563678741455e-01 -9.381186962127685547e-02 -1.215162798762321472e-01 1.048023328185081482e-01 -4.252251610159873962e-02 -4.201565310359001160e-02 -6.457041949033737183e-02 -5.511626973748207092e-02 5.735236778855323792e-02 -2.601854503154754639e-02 3.289789706468582153e-02 -1.902895607054233551e-02 -5.967934429645538330e-02 1.054313126951456070e-02 1.189401596784591675e-01 -3.173326328396797180e-02 -6.350329518318176270e-02 -1.049280688166618347e-01 8.555795252323150635e-02 -9.059510380029678345e-02 8.413042873144149780e-02 8.300941437482833862e-02 6.101820990443229675e-02 9.235379099845886230e-02 -1.248461678624153137e-01 -1.846217364072799683e-01 -3.909808024764060974e-02 3.239494562149047852e-02 9.540713392198085785e-03 1.323145329952239990e-01 -7.578320056200027466e-02 1.830199509859085083e-01 -8.819939196109771729e-02 2.886327542364597321e-02 1.320770084857940674e-01 -1.040575057268142700e-01 1.467403210699558258e-02 -7.511150836944580078e-02 -5.016333237290382385e-02 -1.148605421185493469e-01 7.709781173616647720e-03 1.052746996283531189e-01
4.572702571749687195e-02 1.174467653036117554e-01 -1.292538344860076904e-01 -8.635164797306060791e-02 -1.240720823407173157e-01 3.122232854366302490e-01 -3.091402947902679443e-01 -1.194821894168853760e-01 2.129173576831817627e-01 2.840493917465209961e-01 -7.164842635393142700e-02 -9.014432877302169800e-02 -3.700363934040069580e-01 8.983369171619415283e-02 3.019057810306549072e-01 -7.537563890218734741e-02 5.667188763618469238e-02 5.819322168827056885e-02 -3.042809851467609406e-02 5.179324746131896973e-02 -1.153381466865539551e-01 -1.926402747631072998e-01 8.719903230667114258e-02 1.463594846427440643e-03 -1.714741736650466919e-01 -1.341920942068099976e-01 -3.102309629321098328e-02 8.074698597192764282e-02 1.386952847242355347e-01 -1.656775549054145813e-02 -3.238512203097343445e-02 6.934144347906112671e-02 -8.743374794721603394e-02 -6.362034380435943604e-02 6.132232025265693665e-02 -3.479167520999908447e-01 4.729731380939483643e-02 -1.234047636389732361e-01 -7.964953780174255371e-02 5.737746953964233398e-01 -4.463216960430145264e-01 7.881801575422286987e-02 -4.299892187118530273e-01 -5.230477079749107361e-02 -9.199775010347366333e-02 3.642765060067176819e-02 1.720071211457252502e-02 3.331977128982543945e-02 2.183531410992145538e-02 -1.649354994297027588e-01 -5.131004750728607178e-02 2.997952699661254883e-02 1.623888760805130005e-01 -1.482891887426376343e-01 5.218355357646942139e-02 6.741907447576522827e-02 -9.959039837121963501e-02 1.757826805114746094e-01 5.624630302190780640e-02 2.572903037071228027e-01 3.362087905406951904e-02 8.589988201856613159e-02 -1.639663800597190857e-02 1.666781604290008545e-01
-3.813486918807029724e-02 -1.464814972132444382e-02 -1.051536351442337036e-01 3.526109270751476288e-03 1.304332315921783447e-01 7.000786811113357544e-02 8.709912747144699097e-02 2.785131894052028656e-02 -3.546718955039978027e-01 3.153125941753387451e-02 -9.977469593286514282e-02 4.757184907793998718e-02 -4.548207297921180725e-02 -4.304105043411254883e-02 -7.008916698396205902e-03 -2.168192714452743530e-02 -2.423827722668647766e-02 -5.079894140362739563e-02 -1.518512368202209473e-01 -9.008415043354034424e-02 1.622883379459381104e-01 1.129692196846008301e-01 -3.915295377373695374e-02 6.084224954247474670e-02 -7.729905098676681519e-02 -1.510569155216217041e-01 6.133774295449256897e-03 5.221159011125564575e-02 -4.821313195861876011e-04 1.404700726270675659e-01 -1.061098724603652954e-01 1.734944619238376617e-02 -8.656489104032516479e-02 -5.022758990526199341e-02 7.196536660194396973e-02 1.268640756607055664e-01 -9.062397480010986328e-02 9.954092651605606079e-02 7.843369990587234497e-02 -8.117073029279708862e-02 1.664752140641212463e-02 -3.842023015022277832e-02 -5.215099826455116272e-02 -1.959602534770965576e-02 3.633204475045204163e-02 9.863375872373580933e-02 1.286709308624267578e-01 1.778271049261093140e-01 7.889550924301147461e-02 2.036797627806663513e-02 -1.476894766092300415e-01 4.653152450919151306e-02 -7.389760017395019531e-02 1.137738823890686035e-01 -1.714463233947753906e-01 2.921753376722335815e-02 1.714858114719390869e-01 -3.356703370809555054e-02 1.351846009492874146e-01 3.193320939317345619e-03 6.668662279844284058e-02 -6.494707614183425903e-02 5.841062217950820923e-02 7.248795777559280396e-02
-9.474377334117889404e-02 -9.808815270662307739e-02 3.307900577783584595e-02 -3.156272228807210922e-03 -1.882762014865875244e-01 -1.067633181810379028e-02 -4.136125557124614716e-03 2.665492147207260132e-02 -1.194693222641944885e-01 -6.724372506141662598e-02 1.620251387357711792e-01 -3.101734220981597900e-01 -9.278744459152221680e-02 -1.512003690004348755e-01 -3.672385215759277344e-02 -1.792737245559692383e-01 -8.073084056377410889e-02 -1.449694037437438965e-01 -2.887932397425174713e-02 1.556344795972108841e-02 -8.810420334339141846e-02 -9.415270388126373291e-02 -9.355513751506805420e-02 -2.779859304428100586e-02 -2.390464395284652710e-01 -5.426466092467308044e-02 1.704971119761466980e-02 -2.355540916323661804e-02 -9.550878405570983887e-02 -5.314239114522933960e-02 -5.864092335104942322e-02 1.230590194463729858e-01 6.574499607086181641e-02 3.219858929514884949e-02 5.320840049535036087e-03 1.217297464609146118e-01 2.693722955882549286e-02 -7.863763719797134399e-02 -1.748414011672139168e-03 4.686290863901376724e-03 6.830573827028274536e-02 3.929794207215309143e-02 -4.621044732630252838e-03 1.444046944379806519e-01 1.359357833862304688e-01 1.155974045395851135e-01 -4.300118610262870789e-02 -6.947533786296844482e-02 -1.020549312233924866e-01 -2.280214428901672363e-02 -5.511348694562911987e-02 -1.403526067733764648e-01 -3.413785248994827271e-02 2.384118735790252686e-02 -1.075247228145599365e-01 -4.871373251080513000e-02 1.178518980741500854e-01 -7.137200981378555298e-02 -9.202484786510467529e-02 3.996120765805244446e-02 2.339635509997606277e-03 5.780325829982757568e-02 -1.021256148815155029e-01 1.341561228036880493e-02
-4.466047286987304688e-01 3.095249831676483154e-01 5.989260673522949219e-01 1.220136433839797974e-01 -9.334580898284912109e-01 2.454230636358261108e-01 2.778928875923156738e-01 4.987678229808807373e-01 2.286218166351318359e+00 1.393474936485290527e-01 -9.547023177146911621e-01 1.103213906288146973e+00 5.706298351287841797e-01 1.875493824481964111e-01 3.740187585353851318e-01 -4.848506152629852295e-01 -7.673567533493041992e-02 5.620211362838745117e-01 8.343011736869812012e-01 5.916422009468078613e-01 7.279669046401977539e-01 -5.094398856163024902e-01 -1.302991956472396851e-01 5.615371465682983398e-02 -2.925468385219573975e-01 1.014554142951965332e+00 -1.199629902839660645e+00 -3.818988054990768433e-02 -1.423828601837158203e-01 3.835086524486541748e-01 1.545618534088134766e+00 2.488118261098861694e-01 3.640256822109222412e-02 2.499948292970657349e-01 7.270818948745727539e-02 4.300565421581268311e-01 6.159456372261047363e-01 1.863871067762374878e-01 -5.036847293376922607e-02 -6.445227563381195068e-02 3.858471214771270752e-01 3.561332076787948608e-02 1.928191632032394409e-01 9.188681840896606445e-02 3.057067096233367920e-01 7.494431734085083008e-01 -2.421129941940307617e-01 1.749814271926879883e+00 2.587203867733478546e-02 -1.781044304370880127e-01 -2.174392491579055786e-01 -2.051972448825836182e-01 4.385939538478851318e-01 6.255742907524108887e-01 -1.016084626317024231e-01 -8.793416619300842285e-02 -1.855304278433322906e-02 -5.347736477851867676e-01 -3.047541081905364990e-01 -1.912562400102615356e-01 -2.309797517955303192e-02 3.715265914797782898e-02 -3.619716763496398926e-01 5.091868042945861816e-01
-6.375096738338470459e-02 4.973290115594863892e-02 -3.040365874767303467e-03 1.613274216651916504e-03 6.296659260988235474e-02 -1.003643870353698730e-02 1.558497548103332520e-03 3.927931934595108032e-02 -6.257265806198120117e-03 5.667590349912643433e-02 8.183614164590835571e-02 8.405125886201858521e-02 -4.225766286253929138e-02 2.750956267118453979e-02 -2.294549345970153809e-02 8.186479657888412476e-02 5.391895025968551636e-02 -5.183240398764610291e-02 -6.391307711601257324e-02 7.053572684526443481e-02 8.272988349199295044e-02 -1.888513565063476562e-03 5.576237291097640991e-02 -3.234371542930603027e-03 5.828420072793960571e-02 -5.322314426302909851e-02 6.106003373861312866e-02 -4.137545451521873474e-02 -9.201034903526306152e-03 8.039095252752304077e-02 -1.122148334980010986e-02 2.688851952552795410e-02 8.038429170846939087e-02 -4.940525069832801819e-02 1.530998945236206055e-02 7.523944228887557983e-02 5.015999078750610352e-03 -1.059670001268386841e-02 -7.488828152418136597e-02 -4.419954493641853333e-02 9.018763899803161621e-03 -3.242601454257965088e-02 -7.021643966436386108e-02 -4.518196731805801392e-02 -7.608027756214141846e-02 -2.589501440525054932e-02 -5.490694195032119751e-02 6.937167793512344360e-02 -3.811844065785408020e-02 3.587849438190460205e-02 -4.452206194400787354e-03 -3.316562995314598083e-02 8.315045386552810669e-02 -4.082706198096275330e-02 7.857527583837509155e-02 6.863946467638015747e-02 -7.732115685939788818e-03 -8.204810321331024170e-03 1.784314215183258057e-02 -3.027483820915222168e-02 -2.295966446399688721e-02 1.501864939928054810e-02 -5.452098324894905090e-02 -6.768271327018737793e-02
-3.429040312767028809e-02 -9.091091156005859375e-02 1.328301578760147095e-01 4.886473342776298523e-02 3.833585977554321289e-02 -6.315393745899200439e-02 6.557901203632354736e-02 3.403212502598762512e-02 4.973512142896652222e-02 1.966850161552429199e-01 -8.526716381311416626e-02 -2.965915799140930176e-01 1.542067229747772217e-01 4.717577993869781494e-02 -1.073527988046407700e-02 -8.118129521608352661e-02 -4.486507549881935120e-02 -6.574789434671401978e-02 5.720212683081626892e-02 8.909600973129272461e-02 2.383997477591037750e-02 -3.844019025564193726e-02 -3.639636933803558350e-02 -3.002549521625041962e-02 -2.252635359764099121e-01 8.980505168437957764e-02 -1.083562448620796204e-01 1.638877578079700470e-02 -1.406796835362911224e-02 2.156431674957275391e-01 -4.826530814170837402e-02 1.496789902448654175e-01 6.566646695137023926e-02 -3.417234867811203003e-02 -6.506650894880294800e-02 1.001709848642349243e-01 3.158491477370262146e-02 -3.281629458069801331e-02 5.516023933887481689e-02 -5.283931642770767212e-02 1.238544061779975891e-01 9.469636529684066772e-02 6.013154517859220505e-03 1.039423868060112000e-01 1.032791435718536377e-01 1.170837692916393280e-02 -8.179317228496074677e-03 -1.220460012555122375e-01 -1.211980879306793213e-01 2.348648458719253540e-01 5.864073336124420166e-02 8.389590680599212646e-02 -1.443271934986114502e-01 2.469838783144950867e-02 -2.082176953554153442e-01 8.733491413295269012e-03 5.333705805242061615e-03 -4.132543876767158508e-02 -1.980547457933425903e-01 -5.525419488549232483e-02 5.272341519594192505e-02 -2.029987797141075134e-02 -1.628166884183883667e-01 4.769461601972579956e-02
-1.812824793159961700e-02 3.463637083768844604e-02 1.301073729991912842e-01 -2.735190466046333313e-02 -5.835818499326705933e-02 8.372873067855834961e-02 5.742547288537025452e-02 6.868340075016021729e-02 5.540798977017402649e-02 1.325340121984481812e-01 1.454824209213256836e-02 -3.080064654350280762e-01 1.086376309394836426e-01 -2.830803208053112030e-02 2.177285216748714447e-02 7.620224356651306152e-02 -1.523113809525966644e-02 -4.628691822290420532e-02 1.073497012257575989e-01 4.864073172211647034e-02 4.999794065952301025e-02 -6.197218224406242371e-02 -4.350815713405609131e-01 1.829836983233690262e-03 -1.127007789909839630e-02 1.172853633761405945e-01 1.184094399213790894e-01 -7.509956508874893188e-02 -4.044676199555397034e-03 9.739264845848083496e-02 -2.613231167197227478e-02 1.048769503831863403e-01 5.266744643449783325e-02 -6.209260597825050354e-02 5.473398137837648392e-03 2.671362459659576416e-02 -2.076143398880958557e-02 -3.126696916297078133e-03 3.376171737909317017e-02 4.558117687702178955e-02 2.161331212846562266e-04 1.804224252700805664e-01 7.221967726945877075e-02 3.255076333880424500e-02 1.365980803966522217e-01 -1.380976140499114990e-01 4.597115889191627502e-02 1.283658444881439209e-01 4.523599147796630859e-02 8.020053058862686157e-02 3.059821203351020813e-02 6.498835980892181396e-02 1.055254414677619934e-01 4.205257073044776917e-02 -2.586937844753265381e-01 1.017080899327993393e-02 9.061097353696823120e-02 -5.233536288142204285e-02 -6.047727167606353760e-02 -2.090030759572982788e-01 1.733174026012420654e-01 4.499028995633125305e-02 -1.687425523996353149e-01 1.397061198949813843e-01
1.075846627354621887e-01 4.286354407668113708e-02 5.935639515519142151e-02 1.133431568741798401e-01 1.154288351535797119e-01 -1.208367291837930679e-02 8.377642929553985596e-02 5.249382928013801575e-02 -4.885197877883911133e-01 2.145584672689437866e-01 6.463650614023208618e-02 1.140237897634506226e-01 2.017642110586166382e-01 1.750397235155105591e-01 1.023143529891967773e-01 1.832360029220581055e-01 6.257171183824539185e-02 9.454450011253356934e-02 -2.027113139629364014e-01 -1.048055738210678101e-01 -1.475354284048080444e-02 1.468226313591003418e-01 1.003250330686569214e-01 1.794937700033187866e-01 1.291543692350387573e-01 -4.290051758289337158e-01 1.983097940683364868e-01 3.048200905323028564e-02 1.487770527601242065e-01 -2.298316452652215958e-03 -6.924821734428405762e-01 1.019159927964210510e-01 6.761759519577026367e-02 3.881093487143516541e-02 -6.671714130789041519e-03 8.650565892457962036e-02 -2.977544367313385010e-01 -2.107742130756378174e-01 5.615159124135971069e-02 1.890690475702285767e-01 6.258931010961532593e-02 6.205999851226806641e-02 -1.556438058614730835e-01 -3.309134021401405334e-02 5.539405718445777893e-02 -1.164871603250503540e-01 -2.454648911952972412e-02 -6.622299551963806152e-02 1.571889370679855347e-01 -1.087853759527206421e-01 -8.454428613185882568e-02 -3.566107153892517090e-02 9.252321720123291016e-02 1.028373092412948608e-02 2.153080254793167114e-01 5.745990574359893799e-02 -5.681471526622772217e-02 1.424484401941299438e-01 -1.485501974821090698e-02 1.188670098781585693e-01 3.452099487185478210e-02 -9.117616340517997742e-03 2.318353205919265747e-02 -8.120255544781684875e-03
8.209113962948322296e-03 1.561630517244338989e-02 -2.844391465187072754e-01 -8.679765462875366211e-02 -4.850264638662338257e-02 -6.471181660890579224e-02 -7.198802381753921509e-02 -5.540487356483936310e-03 -2.576748430728912354e-01 -1.314203888177871704e-01 3.386287763714790344e-02 1.296206116676330566e-01 -1.677532196044921875e-01 1.031227409839630127e-01 1.304135657846927643e-02 5.835727229714393616e-02 -4.018986597657203674e-02 3.874468430876731873e-02 -3.854814171791076660e-01 -2.739108502864837646e-01 -7.233354449272155762e-02 4.556704685091972351e-02 8.866985887289047241e-02 -2.293744310736656189e-02 1.593932807445526123e-01 -2.851814031600952148e-01 1.646750122308731079e-01 -1.700401119887828827e-02 1.048006564378738403e-01 -1.426162868738174438e-01 7.831593975424766541e-03 -1.466108411550521851e-01 3.252428025007247925e-02 4.242889583110809326e-02 -5.681587755680084229e-02 -6.766643375158309937e-02 -2.028647512197494507e-01 7.218616455793380737e-02 -1.414119750261306763e-01 1.303979605436325073e-01 -5.419411882758140564e-02 1.700674146413803101e-01 1.676646992564201355e-02 -1.265494525432586670e-01 -1.387473791837692261e-01 2.362523600459098816e-02 1.043447181582450867e-01 1.642279699444770813e-02 2.497178502380847931e-02 -1.619022488594055176e-01 1.380140930414199829e-01 9.607429616153240204e-03 6.420964747667312622e-02 -1.197344530373811722e-02 1.747587621212005615e-01 -7.423633243888616562e-03 3.486820496618747711e-03 1.049878075718879700e-01 1.104478538036346436e-01 -1.008550003170967102e-01 9.715112298727035522e-02 -7.077318429946899414e-02 1.615232974290847778e-01 -1.364208161830902100e-01
-1.004531979560852051e-01 1.163578554987907410e-01 1.226103454828262329e-01 -1.144848763942718506e-01 7.241972088813781738e-01 4.167524278163909912e-01 9.988372772932052612e-02 1.543991640210151672e-02 1.310677677392959595e-01 3.206159174442291260e-01 2.499324977397918701e-01 -3.447363674640655518e-01 3.140181303024291992e-01 4.643347263336181641e-01 1.840204298496246338e-01 -2.018913179636001587e-01 -2.475380897521972656e-04 6.143533065915107727e-02 6.194590330123901367e-01 4.236759245395660400e-01 1.964341700077056885e-01 -6.183290481567382812e-02 -7.382136583328247070e-01 3.640293329954147339e-02 4.369916617870330811e-01 5.276297926902770996e-01 -1.429074257612228394e-02 1.957407966256141663e-02 2.844889163970947266e-01 8.567689061164855957e-01 1.555081456899642944e-01 6.825705617666244507e-02 -5.104691255837678909e-03 -9.973929822444915771e-02 -4.866532981395721436e-02 -5.011111870408058167e-02 -4.017650336027145386e-02 4.336314797401428223e-01 1.559045314788818359e-01 1.003441736102104187e-01 -1.118086352944374084e-01 -1.164270266890525818e-01 4.791707172989845276e-02 8.729130774736404419e-02 1.318134814500808716e-01 2.372974343597888947e-02 -1.828929036855697632e-01 -9.862452000379562378e-02 -1.342268139123916626e-01 7.216100394725799561e-02 4.750005435198545456e-03 -6.407934427261352539e-02 -2.738774716854095459e-01 -5.179909467697143555e-01 -5.512047410011291504e-01 -5.485994741320610046e-02 1.932477355003356934e-01 3.302084803581237793e-01 4.050290584564208984e-01 1.701144427061080933e-01 -6.651492714881896973e-01 -2.860463783144950867e-02 1.705036312341690063e-02 2.349792867898941040e-01
1.637645661830902100e-01 1.377788279205560684e-02 -1.766258925199508667e-01 -5.377710238099098206e-02 -8.877261541783809662e-03 3.610593080520629883e-02 -7.674040645360946655e-02 -4.939091205596923828e-02 1.087418124079704285e-01 -5.688405409455299377e-02 6.708268076181411743e-02 1.345339268445968628e-01 1.485325545072555542e-01 7.067174464464187622e-02 9.635666757822036743e-02 8.725207298994064331e-02 6.695917248725891113e-02 1.204537972807884216e-01 -1.734427362680435181e-01 -4.500201642513275146e-01 -4.550678655505180359e-02 1.071574464440345764e-01 -2.987449243664741516e-02 1.153438612818717957e-01 -3.177509084343910217e-02 -1.111047342419624329e-01 3.627683222293853760e-02 -6.640606373548507690e-02 1.686324477195739746e-01 -5.289446189999580383e-02 -2.292813509702682495e-01 2.710884436964988708e-02 -6.407635658979415894e-02 7.014100998640060425e-02 -4.697175323963165283e-02 -2.783579006791114807e-02 1.024104952812194824e-01 -1.262830495834350586e-01 7.439131289720535278e-02 1.250380128622055054e-01 -7.263746857643127441e-02 -1.117533519864082336e-01 -1.544415354728698730e-01 -4.086447879672050476e-02 -6.792835891246795654e-02 2.857608534395694733e-02 -4.090008791536092758e-03 7.580059766769409180e-02 1.586511135101318359e-01 -1.514934748411178589e-01 7.552202790975570679e-02 1.004073694348335266e-01 2.315849959850311279e-01 -8.909342437982559204e-02 8.709048479795455933e-02 7.541298866271972656e-02 -1.852850429713726044e-02 5.007774382829666138e-02 1.302323937416076660e-01 1.381633877754211426e-01 -6.267989426851272583e-02 -1.846953108906745911e-02 1.583232879638671875e-01 -4.937969893217086792e-02
1.103606820106506348e-01 -2.378643676638603210e-02 -8.407222479581832886e-02 1.112944111227989197e-01 5.439059808850288391e-02 9.906894713640213013e-02 -6.214588414877653122e-03 -5.097689479589462280e-02 -4.321938753128051758e-01 -1.598559767007827759e-01 3.375208377838134766e-02 -9.892227500677108765e-02 -1.037778705358505249e-01 -3.644008561968803406e-02 -3.938745707273483276e-03 -2.111226134002208710e-02 -3.311840072274208069e-02 -1.634345501661300659e-01 -1.154553219676017761e-01 -1.371262371540069580e-01 2.169427648186683655e-02 -4.153556376695632935e-02 -1.302309334278106689e-01 8.197288960218429565e-02 -1.592567116022109985e-01 -1.067239791154861450e-01 -9.638447314500808716e-02 -1.261083781719207764e-02 6.898027658462524414e-02 -1.181022301316261292e-01 -1.028584837913513184e-01 -8.802352100610733032e-02 -7.492896169424057007e-02 4.594516009092330933e-02 3.350282460451126099e-02 4.080623853951692581e-03 -2.068919315934181213e-02 -1.466851830482482910e-01 -9.856815636157989502e-02 4.550359770655632019e-02 -1.670505665242671967e-02 -1.762212365865707397e-01 4.924372211098670959e-02 -3.599568456411361694e-02 1.746784150600433350e-02 -7.675167918205261230e-02 -2.872645556926727295e-01 -4.110845178365707397e-02 1.695140153169631958e-01 -2.734788060188293457e-01 -9.229239076375961304e-02 -5.566152557730674744e-02 -7.335798442363739014e-02 5.145398154854774475e-02 -1.419676691293716431e-01 -3.700420260429382324e-02 4.945165291428565979e-02 6.201584264636039734e-02 -1.653247512876987457e-02 6.746319681406021118e-02 -1.156974509358406067e-01 1.897392235696315765e-02 -2.608698094263672829e-03 1.124199107289314270e-01
-2.555121853947639465e-02 4.300349857658147812e-03 6.365573406219482422e-02 8.045717328786849976e-02 -4.303378611803054810e-02 7.655688375234603882e-02 4.802477359771728516e-02 1.073974594473838806e-01 -1.089915260672569275e-01 -6.440257281064987183e-02 -1.226530075073242188e-01 -3.081670403480529785e-02 1.354356762021780014e-02 -1.153260841965675354e-01 -1.111662611365318298e-01 -5.624471232295036316e-02 -6.200679764151573181e-02 -8.422852307558059692e-02 -2.499343641102313995e-02 8.040711283683776855e-02 1.022327989339828491e-01 -6.197126954793930054e-02 -2.644864916801452637e-01 -4.334957897663116455e-02 3.676634747534990311e-03 2.178948745131492615e-02 -5.840768292546272278e-02 -1.385380601277574897e-04 5.491297319531440735e-02 3.001779690384864807e-02 -2.844960987567901611e-02 -1.719190925359725952e-02 5.877768248319625854e-02 -1.336471140384674072e-01 5.003293603658676147e-02 1.020344793796539307e-01 5.899853259325027466e-02 5.461834371089935303e-02 6.241236627101898193e-02 -2.858954295516014099e-02 -3.171517327427864075e-02 -8.811518549919128418e-02 2.909129112958908081e-02 -3.810824453830718994e-02 1.236633583903312683e-01 3.223364055156707764e-02 -2.703360095620155334e-02 -2.625433504581451416e-01 -4.505417868494987488e-02 8.137283846735954285e-03 1.420694775879383087e-02 1.055123507976531982e-01 6.404995918273925781e-02 9.850339591503143311e-02 -3.355081751942634583e-02 -4.105459898710250854e-02 1.083256304264068604e-01 1.294725108891725540e-02 9.619840979576110840e-02 9.300413727760314941e-02 5.283571034669876099e-02 -1.508604455739259720e-02 -1.434424240142107010e-02 1.336331963539123535e-01
1.864928454160690308e-01 1.636149138212203979e-01 -5.904488563537597656e-01 1.839460060000419617e-02 -2.922266423702239990e-01 -5.602297931909561157e-02 1.160594895482063293e-01 1.513929069042205811e-01 -1.190626621246337891e+00 -2.945663928985595703e-01 9.000848233699798584e-02 4.657941162586212158e-01 -8.196192383766174316e-01 3.827962279319763184e-01 3.655770421028137207e-01 3.293002247810363770e-01 7.263333350419998169e-02 3.589922487735748291e-01 -7.326693534851074219e-01 -3.491652607917785645e-01 -2.188111245632171631e-01 7.581636309623718262e-03 1.033153533935546875e+00 5.797099322080612183e-02 8.510507345199584961e-01 -4.819572269916534424e-01 2.006881833076477051e-01 8.083929866552352905e-02 1.368093341588973999e-01 -3.403356671333312988e-01 -1.097664475440979004e+00 -1.625997573137283325e-01 6.518847495317459106e-02 -3.135207574814558029e-03 3.567641973495483398e-02 -5.516384914517402649e-02 -9.981647133827209473e-01 3.649204969406127930e-01 -2.652620896697044373e-02 -3.362946808338165283e-01 -1.436030864715576172e-01 2.487581670284271240e-01 1.362928897142410278e-01 -1.171621531248092651e-01 -1.326592266559600830e-01 -8.868939243257045746e-03 9.972795099020004272e-02 2.438789010047912598e-01 3.208281993865966797e-01 -2.330069243907928467e-01 -7.159200962632894516e-03 -1.049431711435317993e-01 3.604671061038970947e-01 -3.966844081878662109e-01 6.445372700691223145e-01 8.896663784980773926e-03 -1.347240176983177662e-03 4.356844127178192139e-01 9.127542376518249512e-02 4.197604656219482422e-01 1.742664575576782227e-01 -1.158499717712402344e-02 1.472792476415634155e-01 2.313221693038940430e-01
1.157825216650962830e-01 9.747700393199920654e-02 -1.023522093892097473e-01 8.416360244154930115e-03 8.034859597682952881e-02 5.757868289947509766e-02 -5.867296457290649414e-02 -2.293310500681400299e-02 4.420763254165649414e-02 5.318836122751235962e-02 1.607900708913803101e-01 9.683121740818023682e-02 1.038202792406082153e-01 -7.264152169227600098e-02 -2.713629603385925293e-02 8.374735713005065918e-02 -5.677298456430435181e-02 -2.380833216011524200e-02 -2.115505039691925049e-01 6.081971153616905212e-02 -5.620432645082473755e-02 7.322032004594802856e-02 -8.943827450275421143e-02 1.325573474168777466e-01 -1.160717979073524475e-01 7.663801312446594238e-02 4.895330965518951416e-02 1.276721479371190071e-03 1.234380900859832764e-01 1.217322573065757751e-01 -2.135076373815536499e-01 -1.015961691737174988e-01 -5.171093717217445374e-02 9.533360600471496582e-02 -5.418835580348968506e-02 -7.463453710079193115e-02 -1.566930860280990601e-01 -1.022254601120948792e-01 2.793480828404426575e-02 1.017251461744308472e-01 -6.951849162578582764e-02 1.620307192206382751e-02 -2.844624593853950500e-02 1.653068512678146362e-01 -5.007474124431610107e-02 -1.997137516736984253e-01 4.689230769872665405e-02 6.972814351320266724e-02 5.779964104294776917e-02 -1.714291796088218689e-02 -1.025033518671989441e-01 -1.152919381856918335e-01 -3.342663124203681946e-02 -1.215339899063110352e-01 -2.037190087139606476e-02 -1.322123408317565918e-02 -1.546339541673660278e-01 1.229713559150695801e-01 -1.204099506139755249e-01 6.060944497585296631e-02 5.286971572786569595e-03 1.418139727320522070e-04 5.016832053661346436e-02 -1.673959568142890930e-02
-1.704643666744232178e-01 -3.534417152404785156e-01 6.306452304124832153e-02 4.897111654281616211e-01 -4.897882342338562012e-01 2.875754237174987793e-01 1.585018783807754517e-01 3.057333827018737793e-01 4.299105703830718994e-01 4.636962711811065674e-02 -1.889228075742721558e-01 -1.655091941356658936e-01 4.006358087062835693e-01 -3.631088510155677795e-02 -4.333934783935546875e-01 6.866777688264846802e-02 -2.545792842283844948e-03 2.652590349316596985e-02 -6.937195360660552979e-02 -7.088983058929443359e-02 4.090952575206756592e-01 -2.847089171409606934e-01 1.973488368093967438e-02 -5.397917330265045166e-02 5.935395509004592896e-02 4.859423339366912842e-01 -5.678922683000564575e-02 5.316679924726486206e-02 -1.673095077276229858e-01 -1.071995571255683899e-01 5.893136858940124512e-01 1.201318427920341492e-01 8.913155645132064819e-02 -6.880614161491394043e-02 5.637374892830848694e-02 9.091538935899734497e-02 4.392613172531127930e-01 -2.052370458841323853e-03 -1.131396815180778503e-01 3.767177090048789978e-02 8.785541355609893799e-02 -3.352956175804138184e-01 -2.162522673606872559e-01 4.389022290706634521e-02 2.475130856037139893e-01 1.994084715843200684e-01 -5.902236327528953552e-02 -1.046823024749755859e+00 2.296775132417678833e-01 2.191050723195075989e-02 -2.206274121999740601e-01 6.157467514276504517e-02 -2.475819140672683716e-01 3.059171140193939209e-01 -9.579180926084518433e-02 -6.412451714277267456e-02 2.699956595897674561e-01 -2.394896000623703003e-01 -4.715447723865509033e-01 2.173393964767456055e-01 -8.591018617153167725e-02 3.381344722583889961e-03 -8.179993629455566406e-01 1.350408885627985001e-03
2.501139231026172638e-02 4.769846424460411072e-02 1.295038908720016479e-01 8.547081053256988525e-02 8.606997877359390259e-02 -1.505099236965179443e-02 9.089185297489166260e-02 6.199348345398902893e-02 -9.754330851137638092e-03 1.705977618694305420e-01 1.696850173175334930e-02 8.034567534923553467e-02 -1.445016008801758289e-03 2.040643990039825439e-01 6.235831230878829956e-02 2.664196118712425232e-02 -1.175968069583177567e-02 1.109342426061630249e-01 -1.665833592414855957e-02 9.564524888992309570e-02 3.796066716313362122e-02 1.141329184174537659e-01 2.050308734178543091e-01 1.154392063617706299e-01 2.034994512796401978e-01 4.221461340785026550e-02 1.587852388620376587e-01 -8.137734979391098022e-02 6.338538974523544312e-02 4.882461950182914734e-02 1.331298947334289551e-01 1.051812171936035156e-01 -9.121526777744293213e-02 1.260026097297668457e-01 -2.821567840874195099e-02 5.818181484937667847e-02 5.591122806072235107e-02 9.306691586971282959e-02 1.269288063049316406e-01 1.297159194946289062e-01 8.071912825107574463e-02 1.236658776178956032e-03 8.701889310032129288e-04 -3.192802518606185913e-02 3.034429997205734253e-02 -1.056372672319412231e-01 7.951809093356132507e-03 6.003404781222343445e-02 7.396356761455535889e-02 -9.664467535912990570e-03 -3.958352655172348022e-02 1.007299423217773438e-01 1.902974694967269897e-01 4.163882881402969360e-02 1.550190150737762451e-01 -1.127690356224775314e-02 9.368265978991985321e-03 1.522542387247085571e-01 1.059141829609870911e-01 6.971617043018341064e-02 1.912178993225097656e-01 -8.818558603525161743e-02 7.630166411399841309e-02 2.074297703802585602e-02
1.960350275039672852e-01 1.078541278839111328e-01 -2.011507451534271240e-01 -5.688085220754146576e-03 -5.062003806233406067e-02 1.716875135898590088e-01 -1.442052572965621948e-01 -6.240589916706085205e-02 1.153787747025489807e-01 -9.620278328657150269e-02 1.235195472836494446e-01 -4.392598196864128113e-02 -6.967264413833618164e-02 3.853785246610641479e-02 3.101067990064620972e-02 1.053180098533630371e-01 -4.066235944628715515e-02 -4.705971106886863708e-02 -2.251792512834072113e-02 -3.154087960720062256e-01 6.652924418449401855e-02 1.071181148290634155e-01 3.555031865835189819e-02 1.111984401941299438e-01 -3.280504792928695679e-02 -2.642844617366790771e-01 1.071494892239570618e-01 7.253599911928176880e-02 4.701819643378257751e-02 3.158299028873443604e-01 -3.846377879381179810e-02 -1.296889185905456543e-01 -4.643034562468528748e-02 6.075040623545646667e-02 9.657395072281360626e-03 -3.811442106962203979e-02 -1.546622812747955322e-01 -6.028399243950843811e-02 -2.451350539922714233e-02 -1.327906642109155655e-02 -3.344397246837615967e-02 -3.307787468656897545e-03 -7.427858561277389526e-02 -2.363007515668869019e-02 -8.170565217733383179e-02 -1.915877610445022583e-01 -9.040729142725467682e-03 1.594186723232269287e-01 1.684517264366149902e-01 6.611661612987518311e-02 8.954136818647384644e-02 4.724063910543918610e-03 3.878212720155715942e-02 -7.289104163646697998e-02 -5.015754140913486481e-03 -9.491507709026336670e-02 -3.148018941283226013e-02 1.209540665149688721e-02 7.107944041490554810e-02 1.716849654912948608e-01 1.101076835766434669e-03 2.963534742593765259e-02 3.729140851646661758e-03 -2.102302014827728271e-02
2.582876011729240417e-02 2.497937716543674469e-02 5.258403345942497253e-02 8.324301987886428833e-02 -1.056973487138748169e-01 1.165248602628707886e-01 -9.495379775762557983e-02 2.810099162161350250e-02 -4.926822707056999207e-02 -4.427866637706756592e-02 6.452469527721405029e-02 1.998562067747116089e-01 -9.730345569550991058e-03 -5.663839727640151978e-02 -5.108253657817840576e-02 -1.582668572664260864e-01 2.006544917821884155e-02 -1.932387948036193848e-01 -1.868107914924621582e-01 7.788028568029403687e-02 3.530619665980339050e-02 5.551602691411972046e-02 1.695338189601898193e-01 9.188038855791091919e-02 -9.062961488962173462e-02 -3.353006020188331604e-02 -2.969215391203761101e-03 -3.890140447765588760e-03 8.967827260494232178e-02 -1.693181842565536499e-01 -9.595315158367156982e-02 -6.056949868798255920e-02 2.144715050235390663e-03 2.701219171285629272e-02 -2.621008642017841339e-02 1.055586785078048706e-01 -5.153250321745872498e-02 -9.686746448278427124e-02 -1.057776529341936111e-02 6.491655111312866211e-02 1.175422742962837219e-01 6.758976727724075317e-02 2.222315669059753418e-01 8.188815414905548096e-02 -3.324684500694274902e-02 -1.242481544613838196e-01 7.996787130832672119e-02 1.050100550055503845e-01 1.340876054018735886e-02 8.158731460571289062e-02 -1.769669055938720703e-01 9.232102334499359131e-02 9.113295376300811768e-02 1.373070627450942993e-01 2.312906384468078613e-01 -2.724913647398352623e-03 4.669468104839324951e-02 8.974583446979522705e-02 1.874420195817947388e-01 9.135622531175613403e-03 8.055689930915832520e-02 -3.551718965172767639e-02 1.764039993286132812e-01 3.324145823717117310e-02
-1.210454031825065613e-01 1.826583594083786011e-01 1.544854938983917236e-01 -9.715721011161804199e-02 -2.660323679447174072e-02 -1.219994295388460159e-02 -2.064044475555419922e-01 1.563902497291564941e-01 2.670668959617614746e-01 -1.339600235223770142e-01 -4.023013170808553696e-03 -4.453168213367462158e-01 -1.919957846403121948e-01 9.757722169160842896e-02 4.598219320178031921e-02 4.917579889297485352e-02 4.466136544942855835e-02 -2.089144438505172729e-01 2.443832755088806152e-01 2.410712391138076782e-01 -6.506464630365371704e-02 -1.385136097669601440e-01 -1.724870353937149048e-01 8.664250373840332031e-02 2.398642152547836304e-01 1.347285062074661255e-01 -3.005526363849639893e-01 -4.280188307166099548e-02 9.784575551748275757e-02 8.024284988641738892e-02 1.180739328265190125e-01 -1.018495112657546997e-01 -8.479399234056472778e-02 3.986511379480361938e-02 1.011552568525075912e-02 4.698979482054710388e-02 4.364092834293842316e-03 2.249545603990554810e-01 -8.805306255817413330e-02 1.466533094644546509e-01 2.034351043403148651e-02 -3.863762915134429932e-01 -1.526470929384231567e-01 3.911358118057250977e-02 -8.396885544061660767e-02 5.055428948253393173e-03 -2.515676319599151611e-01 -6.001553311944007874e-02 -1.079747974872589111e-01 1.087820678949356079e-01 -5.791569873690605164e-02 -5.288303270936012268e-02 -2.646935284137725830e-01 2.831633016467094421e-02 -2.237250804901123047e-01 -9.763325750827789307e-02 -9.002397209405899048e-02 2.167172580957412720e-01 -1.120247039943933487e-02 1.466347575187683105e-01 1.430933829396963120e-02 2.802155166864395142e-02 -1.333242505788803101e-01 1.403815895318984985e-01
-1.596112251281738281e-01 -9.604920446872711182e-02 1.169358491897583008e-01 6.335721909999847412e-02 -1.931615322828292847e-01 3.848520666360855103e-02 4.407889768481254578e-02 8.179181814193725586e-02 1.897290647029876709e-01 -4.283248633146286011e-02 2.100526914000511169e-02 -7.424350082874298096e-02 -5.544137582182884216e-02 -1.147215664386749268e-01 -8.486653864383697510e-02 -1.796566098928451538e-01 -2.480014786124229431e-02 -2.164564579725265503e-01 7.097153365612030029e-02 1.002259179949760437e-01 7.117270026355981827e-03 -1.271334588527679443e-01 -1.523678302764892578e-01 -3.291551396250724792e-02 -1.658979505300521851e-01 7.337222248315811157e-02 -1.672573834657669067e-01 -5.623238906264305115e-02 -5.771765485405921936e-02 -2.296599000692367554e-01 9.186241030693054199e-02 3.367170458659529686e-03 -8.435063809156417847e-02 -2.833520062267780304e-02 -4.035704582929611206e-02 4.661360383033752441e-02 2.522699534893035889e-01 -1.584018766880035400e-01 6.744109839200973511e-02 6.966491788625717163e-02 -3.862460702657699585e-02 -1.305849999189376831e-01 -7.182063162326812744e-02 4.337250068783760071e-02 -1.579704321920871735e-02 2.569628655910491943e-01 -1.518090665340423584e-01 2.324825227260589600e-01 -1.080726385116577148e-01 -6.364883389323949814e-03 -1.434374749660491943e-01 -1.553195714950561523e-02 -1.164544150233268738e-01 1.546016037464141846e-01 -1.512753497809171677e-02 5.705112963914871216e-02 1.888724789023399353e-02 1.106755516957491636e-04 -1.469244211912155151e-01 1.810386925935745239e-01 -3.763702511787414551e-01 -9.869451075792312622e-02 -1.707454174757003784e-01 1.109646707773208618e-01
-1.164356991648674011e-01 -4.583156853914260864e-02 -5.291802342981100082e-03 2.440304309129714966e-01 -9.863834083080291748e-02 1.820655465126037598e-01 1.120293214917182922e-01 6.571267545223236084e-02 1.080440282821655273e-01 -5.653906241059303284e-02 -1.070855632424354553e-01 -5.327900648117065430e-01 5.734795331954956055e-02 -9.951959550380706787e-02 8.675571531057357788e-02 1.290949583053588867e-01 7.144428044557571411e-02 1.420720815658569336e-01 1.661527752876281738e-01 8.173962682485580444e-02 -3.814680129289627075e-02 -2.213652059435844421e-02 -3.188136518001556396e-01 -2.382066994905471802e-01 2.267032414674758911e-01 8.288703858852386475e-02 2.140312939882278442e-01 2.735736407339572906e-02 -1.639840006828308105e-01 7.181923091411590576e-02 2.645339667797088623e-01 2.664345875382423401e-02 -3.266591578722000122e-02 -6.841070950031280518e-03 -4.026361554861068726e-02 7.918632030487060547e-02 1.950519233942031860e-01 1.799253672361373901e-01 1.987454295158386230e-01 1.685492396354675293e-01 2.376962304115295410e-01 1.643889993429183960e-01 9.087067097425460815e-02 5.551413074135780334e-02 -4.005478322505950928e-02 2.128958553075790405e-01 -1.854423582553863525e-01 5.628908276557922363e-01 -2.373732179403305054e-01 2.291229553520679474e-02 3.216004967689514160e-01 1.126862838864326477e-01 -5.618386343121528625e-02 8.457245677709579468e-02 1.827660501003265381e-01 -6.960474886000156403e-03 3.261550366878509521e-01 -1.103156954050064087e-01 1.650016009807586670e-01 -1.075886040925979614e-01 2.751133963465690613e-02 -1.009497120976448059e-01 8.629696071147918701e-02 1.579831726849079132e-02
-2.898414246737957001e-02 -2.640199661254882812e-01 1.585108339786529541e-01 1.830082833766937256e-01 -1.936334520578384399e-01 7.816653698682785034e-03 6.211117282509803772e-02 3.485515713691711426e-02 3.308549523353576660e-01 7.079749554395675659e-02 -1.552179604768753052e-01 2.090533077716827393e-01 1.022514551877975464e-01 5.272594094276428223e-02 -1.793851554393768311e-01 -1.394688636064529419e-01 6.716398149728775024e-02 5.410430580377578735e-02 5.682336166501045227e-02 1.997985243797302246e-01 2.188018895685672760e-02 -8.938313275575637817e-02 -4.129188135266304016e-02 -6.348406523466110229e-02 7.657726109027862549e-02 1.140799298882484436e-01 -1.222070157527923584e-01 -8.039932698011398315e-03 -1.552035957574844360e-01 4.921141266822814941e-02 -8.639110624790191650e-02 -2.667645923793315887e-03 -7.886478304862976074e-02 -8.385655283927917480e-02 -8.434357494115829468e-02 4.334345087409019470e-02 1.868014186620712280e-01 -2.188517004251480103e-01 1.879497170448303223e-01 -8.544455468654632568e-02 1.548781692981719971e-01 -4.758164286613464355e-02 8.763636648654937744e-02 9.633962064981460571e-02 1.983169317245483398e-01 4.114118516445159912e-01 -1.027642413973808289e-01 5.116840451955795288e-02 -1.335527300834655762e-01 4.653903841972351074e-02 -9.649299085140228271e-02 4.800789430737495422e-02 -6.877214461565017700e-02 2.251975089311599731e-01 2.045013010501861572e-01 2.056257985532283783e-02 1.416876614093780518e-01 -8.833035826683044434e-02 -1.179721355438232422e-01 -2.385105639696121216e-01 -1.546146720647811890e-01 -8.732226490974426270e-02 1.452282369136810303e-01 1.045039370656013489e-01
5.544225126504898071e-02 -8.138033747673034668e-02 2.253633923828601837e-02 -1.997841894626617432e-02 -1.540716155432164669e-03 -1.055532768368721008e-01 -1.028138399124145508e-01 1.246724948287010193e-01 -6.739446520805358887e-02 4.100092686712741852e-03 5.313010513782501221e-02 -3.152289986610412598e-01 1.630826741456985474e-01 -3.757456690073013306e-02 2.366590499877929688e-02 -4.967464134097099304e-03 5.274046212434768677e-02 -2.034730762243270874e-01 4.980217665433883667e-02 3.453322686254978180e-03 -6.187581270933151245e-02 -1.997261494398117065e-02 -5.552980899810791016e-01 1.417560279369354248e-01 2.071530185639858246e-02 -1.420389860868453979e-01 -1.279179155826568604e-01 4.149560630321502686e-02 1.019840687513351440e-01 -3.524670749902725220e-02 1.986941508948802948e-02 7.788380235433578491e-02 3.936261346098035574e-04 9.494141489267349243e-02 1.179349957965314388e-03 1.078604236245155334e-01 1.307171732187271118e-01 7.124578207731246948e-02 -7.214152067899703979e-02 -4.056044854223728180e-03 2.240737527608871460e-02 -4.809437990188598633e-01 2.981308847665786743e-02 6.494177132844924927e-02 -3.532362356781959534e-02 8.996011316776275635e-02 -1.880210340023040771e-01 -3.387739881873130798e-02 5.596642941236495972e-02 -2.640698850154876709e-01 -1.992202401161193848e-01 -4.449748620390892029e-02 -1.175974607467651367e-01 -3.910581581294536591e-03 -2.736000716686248779e-01 1.886130124330520630e-02 -4.459415504243224859e-05 4.433577135205268860e-02 -2.157528549432754517e-01 -2.020526230335235596e-01 -1.117641702294349670e-01 -8.169134706258773804e-02 -1.808469742536544800e-01 -4.854069650173187256e-02
1.009798198938369751e-01 -7.206721603870391846e-02 -9.631364047527313232e-02 1.116599291563034058e-01 3.356683254241943359e-02 -8.019558340311050415e-02 -1.731366291642189026e-02 9.899742901325225830e-02 -3.932043015956878662e-01 6.355831027030944824e-02 4.094953835010528564e-02 -1.907846033573150635e-01 -1.015951484441757202e-01 -6.040734052658081055e-02 -4.653911292552947998e-02 4.653222113847732544e-02 8.635464124381542206e-03 -1.589036583900451660e-01 -2.751539945602416992e-01 -1.419064104557037354e-01 5.447942763566970825e-02 -1.216157525777816772e-01 -3.702213466167449951e-01 1.703233867883682251e-01 -9.787598252296447754e-02 -1.212477013468742371e-01 7.581786252558231354e-03 -4.551940411329269409e-02 2.778349816799163818e-02 -1.142603084444999695e-01 -3.862389028072357178e-01 5.737452954053878784e-02 6.039317697286605835e-02 7.758794724941253662e-02 -3.960675559937953949e-03 3.868775442242622375e-02 1.018600910902023315e-02 8.499941974878311157e-02 -8.487736433744430542e-02 -1.253872215747833252e-01 1.055502742528915405e-01 2.645753920078277588e-01 -6.282761227339506149e-03 -2.324320748448371887e-02 6.992299854755401611e-02 -8.632764965295791626e-02 3.589433431625366211e-02 -1.745829731225967407e-01 1.501970225945115089e-03 -5.807613208889961243e-02 -1.551264673471450806e-01 1.975495927035808563e-02 -5.999221652746200562e-02 -1.886774413287639618e-02 -1.647600680589675903e-01 -3.138360753655433655e-02 -5.549969896674156189e-02 -1.492731086909770966e-02 4.042823240160942078e-02 1.341098174452781677e-02 -2.633150853216648102e-02 1.658713817596435547e-02 -1.297768577933311462e-02 -3.934706561267375946e-03
1.546620428562164307e-01 7.941275835037231445e-02 -2.116006910800933838e-01 7.184700667858123779e-02 8.303676545619964600e-02 -7.576188072562217712e-03 1.577629824168980122e-03 3.541044518351554871e-02 -7.039611935615539551e-01 4.027747083455324173e-03 5.678600445389747620e-02 -2.187415361404418945e-01 6.257486343383789062e-02 4.612268134951591492e-02 -8.196110837161540985e-03 2.662448287010192871e-01 -3.233945742249488831e-02 2.990624867379665375e-02 -1.735604703426361084e-01 -2.167486995458602905e-01 2.202433161437511444e-02 1.178244799375534058e-01 -2.299573421478271484e-01 1.149078458547592163e-01 3.048088960349559784e-02 -4.700879454612731934e-01 7.442314177751541138e-02 6.683811545372009277e-03 1.335077285766601562e-01 9.539170190691947937e-03 -7.973998188972473145e-01 -6.710414588451385498e-02 -5.915721505880355835e-02 8.297276496887207031e-02 7.152788341045379639e-02 5.276689305901527405e-02 -4.261448085308074951e-01 7.525285333395004272e-02 -2.530175149440765381e-01 -4.400374740362167358e-02 9.179326146841049194e-02 -2.612910605967044830e-02 -4.313068464398384094e-02 2.290145028382539749e-03 1.270604580640792847e-01 -1.559388041496276855e-01 -8.886337280273437500e-02 -5.343676730990409851e-02 1.614690124988555908e-01 -2.086339294910430908e-01 -8.943958580493927002e-02 -4.819472134113311768e-02 6.816795468330383301e-02 1.926985569298267365e-02 -3.371759057044982910e-01 -5.288114026188850403e-02 3.855542093515396118e-02 2.094730362296104431e-02 1.420360617339611053e-02 -1.455982215702533722e-03 -2.619160339236259460e-03 -6.712284684181213379e-02 -1.113398000597953796e-01 -5.398102477192878723e-02
3.586053103208541870e-02 6.231817230582237244e-02 1.811673343181610107e-01 5.377393588423728943e-02 -7.066203653812408447e-02 2.989519014954566956e-02 9.482405334711074829e-02 9.450200200080871582e-02 5.968785285949707031e-02 2.153398543596267700e-01 -5.016101151704788208e-02 2.742995917797088623e-01 1.176578179001808167e-01 8.446184545755386353e-02 7.799325883388519287e-02 1.401058584451675415e-01 -7.208988815546035767e-02 3.923441097140312195e-02 1.344015747308731079e-01 1.106056496500968933e-01 7.591888308525085449e-02 1.177727133035659790e-01 7.360419631004333496e-02 1.107729971408843994e-01 2.635861746966838837e-02 1.818935126066207886e-01 6.561872363090515137e-02 6.490855664014816284e-02 7.619635760784149170e-02 5.583189427852630615e-02 -4.816936329007148743e-02 1.080197840929031372e-01 2.771536819636821747e-02 8.659502863883972168e-02 3.155667334794998169e-02 1.262165978550910950e-02 3.522946536540985107e-01 -6.048844754695892334e-02 1.899161785840988159e-01 3.531188517808914185e-02 -1.931736990809440613e-02 5.749255046248435974e-02 -1.595803350210189819e-01 7.545524090528488159e-02 9.279680252075195312e-02 3.402510881423950195e-01 6.792188622057437897e-03 -9.869518876075744629e-02 7.116939127445220947e-02 2.256256528198719025e-03 6.084239110350608826e-03 1.657069660723209381e-02 5.367416143417358398e-02 7.287889253348112106e-03 1.087893843650817871e-01 -3.338493034243583679e-02 5.694590508937835693e-03 5.678410828113555908e-02 -1.117651257663965225e-02 2.628215551376342773e-01 6.398816127330064774e-03 -3.728888928890228271e-03 6.792382150888442993e-02 4.140791296958923340e-02
4.534956440329551697e-02 -1.911461167037487030e-02 -3.189616799354553223e-01 -6.169180572032928467e-02 -2.933960221707820892e-02 3.178247809410095215e-02 -6.018862500786781311e-02 1.420330908149480820e-02 -3.717336356639862061e-01 -1.671257764101028442e-01 -4.998327046632766724e-02 7.177416980266571045e-02 -2.105782181024551392e-01 -4.726459830999374390e-02 -4.297380149364471436e-02 1.153243631124496460e-01 -8.370295912027359009e-02 8.028554171323776245e-02 3.090095520019531250e-01 -3.791553974151611328e-01 -2.487227553501725197e-03 -5.283136665821075439e-02 1.397795379161834717e-01 2.904573455452919006e-02 -7.302115857601165771e-02 -3.524302244186401367e-01 7.865486294031143188e-02 3.659029025584459305e-03 6.584271043539047241e-02 1.148433685302734375e-01 3.120267987251281738e-01 -1.058567538857460022e-01 5.361094698309898376e-02 8.347582072019577026e-03 -8.295693993568420410e-02 -1.582993865013122559e-01 1.011194065213203430e-01 1.116701215505599976e-01 -9.900807589292526245e-02 -9.926707297563552856e-02 -4.796899482607841492e-02 1.329129487276077271e-01 4.181287717074155807e-03 -2.610538601875305176e-01 -2.085817158222198486e-01 -4.059480875730514526e-02 2.039063870906829834e-01 -1.871345788240432739e-01 -3.450239822268486023e-02 3.193110227584838867e-03 2.616934478282928467e-01 2.762004546821117401e-02 7.034852355718612671e-02 -3.244542982429265976e-03 2.300008833408355713e-01 1.279219426214694977e-02 1.837307363748550415e-01 6.227339804172515869e-02 1.351032853126525879e-01 -1.629519909620285034e-01 1.182307600975036621e-01 -6.691920012235641479e-02 1.003315225243568420e-01 -2.359897457063198090e-02
4.699711874127388000e-02 8.493690192699432373e-02 -3.675384446978569031e-02 -2.871081791818141937e-02 -2.322205901145935059e-02 -2.211139537394046783e-02 -2.250467799603939056e-02 -4.615328833460807800e-02 -1.372415423393249512e-01 2.109625935554504395e-02 1.756135970354080200e-01 1.305253207683563232e-01 -7.958588749170303345e-02 1.246995329856872559e-01 6.403602659702301025e-02 1.018000766634941101e-01 3.338012099266052246e-02 2.830137498676776886e-02 -1.890708506107330322e-01 -5.606096610426902771e-02 -7.585719972848892212e-02 5.535643547773361206e-02 1.121108457446098328e-01 -1.764585264027118683e-02 1.797405183315277100e-01 -2.241156548261642456e-01 1.616051644086837769e-01 -9.128401428461074829e-02 7.761928252875804901e-03 -3.063398599624633789e-01 -7.871507108211517334e-02 5.693737883120775223e-03 -7.527473568916320801e-02 2.969176322221755981e-02 -9.688686579465866089e-02 -1.890980638563632965e-02 -1.455333679914474487e-01 1.038400009274482727e-01 -3.433355689048767090e-02 4.451939091086387634e-02 -9.493329375982284546e-02 2.641319334506988525e-01 -8.032578974962234497e-02 8.925653062760829926e-03 -4.048386961221694946e-02 -5.483749136328697205e-02 8.089767396450042725e-02 -1.291578412055969238e-01 1.215335354208946228e-01 -1.023749932646751404e-01 6.682264804840087891e-02 -3.005793690681457520e-02 1.421499401330947876e-01 5.256058648228645325e-04 1.784819364547729492e-01 -2.642944082617759705e-02 4.560171812772750854e-02 -5.376603454351425171e-02 2.287362813949584961e-01 -5.012160539627075195e-02 1.883987635374069214e-01 2.696447633206844330e-02 8.095961064100265503e-02 -4.306270182132720947e-02
1.575596630573272705e-01 2.139276117086410522e-01 -1.979066133499145508e-01 -1.716428548097610474e-01 -2.135366201400756836e-02 -2.042850703001022339e-01 -3.025788068771362305e-01 -1.399416923522949219e-01 3.035918772220611572e-01 -1.478215008974075317e-01 2.194943279027938843e-01 2.048425674438476562e-01 1.038083434104919434e-01 3.086592555046081543e-01 6.944145262241363525e-02 2.095084488391876221e-01 -6.421218067407608032e-02 1.726585179567337036e-01 -1.959363371133804321e-02 -1.602347046136856079e-01 -2.327073216438293457e-01 2.093403786420822144e-01 3.468634486198425293e-01 1.516292095184326172e-01 1.182395219802856445e-01 6.709316372871398926e-02 2.201035916805267334e-01 -1.725521124899387360e-02 1.160493493080139160e-01 -1.515179425477981567e-01 6.628803610801696777e-01 -1.432593017816543579e-01 -4.131732881069183350e-02 1.122758835554122925e-01 2.416771091520786285e-02 -1.040027663111686707e-01 -5.659331381320953369e-02 1.570333987474441528e-01 7.875208556652069092e-02 -2.347463276237249374e-03 -1.757856011390686035e-01 2.873902022838592529e-01 -5.572569742798805237e-02 -1.036068648099899292e-01 -2.291356921195983887e-01 -1.054443791508674622e-01 1.005282476544380188e-01 2.863991260528564453e-01 8.198501914739608765e-02 -2.289536595344543457e-01 1.778845191001892090e-01 -3.560679033398628235e-02 2.016619741916656494e-01 -8.838411420583724976e-02 3.097966909408569336e-01 2.091484516859054565e-02 -3.957313951104879379e-03 2.577206194400787354e-01 1.246977001428604126e-01 5.462473724037408829e-03 1.484054327011108398e-01 -3.443836793303489685e-02 3.289161920547485352e-01 -1.029616743326187134e-01
1.343793570995330811e-01 -3.395792841911315918e-02 1.322482991963624954e-02 5.832459405064582825e-02 5.179287120699882507e-02 1.171386763453483582e-01 5.289569497108459473e-02 -4.737776890397071838e-02 -2.786859571933746338e-01 6.447719037532806396e-02 9.439305961132049561e-02 -1.361429598182439804e-02 -7.030573487281799316e-02 -1.446396559476852417e-01 4.559563845396041870e-02 2.636197023093700409e-02 6.576379388570785522e-02 3.519906103610992432e-02 3.905822038650512695e-01 -1.319214701652526855e-01 1.189987435936927795e-01 1.752541586756706238e-02 -1.145167797803878784e-01 2.173895239830017090e-01 -1.638437956571578979e-01 -1.269597262144088745e-01 -4.621438216418027878e-03 1.085438393056392670e-02 1.695818901062011719e-01 3.734328597784042358e-02 1.015808433294296265e-01 -2.324159815907478333e-02 -5.149345472455024719e-02 -3.519280254840850830e-02 -1.353950472548604012e-03 -5.107490718364715576e-02 -1.096011176705360413e-01 -1.630987972021102905e-01 -1.786198019981384277e-01 8.556513488292694092e-02 7.995796389877796173e-03 -6.781198084354400635e-02 1.818631440401077271e-01 1.397826075553894043e-01 -2.683030627667903900e-02 -9.522553533315658569e-03 3.401291370391845703e-02 -3.208683058619499207e-02 1.503646466881036758e-02 1.393592655658721924e-01 1.798952370882034302e-01 2.409712783992290497e-02 7.276421785354614258e-02 -8.080435544252395630e-02 -4.836950451135635376e-02 2.465789578855037689e-02 -2.192308939993381500e-02 7.976636406965553761e-04 1.383302658796310425e-01 7.806532829999923706e-02 -4.279612749814987183e-02 -1.542001217603683472e-02 2.881171368062496185e-02 -1.824673637747764587e-02
1.313495784997940063e-01 1.406009793281555176e-01 1.845307201147079468e-01 -1.639993861317634583e-02 1.425516307353973389e-01 7.058346271514892578e-02 3.304104134440422058e-02 5.347489938139915466e-02 4.845153167843818665e-02 7.860965281724929810e-02 -6.932672113180160522e-02 5.636455491185188293e-02 2.044441364705562592e-02 -1.124158725142478943e-01 3.455000519752502441e-01 -6.934407353401184082e-02 5.329694598913192749e-02 7.326892614364624023e-01 1.195701360702514648e-01 1.941181272268295288e-01 6.230007112026214600e-02 2.112845182418823242e-01 -2.533509731292724609e-01 1.093569472432136536e-01 -2.868485450744628906e-01 1.823363155126571655e-01 -5.848287418484687805e-02 2.176565758418291807e-04 1.514937430620193481e-01 1.609778217971324921e-02 -1.063151806592941284e-01 4.587209224700927734e-02 2.243965491652488708e-02 5.880246683955192566e-02 5.470496416091918945e-02 8.552859723567962646e-02 -1.922083832323551178e-02 -1.896952241659164429e-01 3.189857676625251770e-02 1.196766868233680725e-01 7.219207286834716797e-02 -2.621406912803649902e-01 -2.939484780654311180e-03 3.870359957218170166e-01 1.489513516426086426e-01 9.370235353708267212e-02 -1.617809683084487915e-01 2.498567253351211548e-01 9.143921732902526855e-02 -2.921776287257671356e-02 -1.573609113693237305e-01 -8.895470760762691498e-03 4.350263997912406921e-02 -2.140272874385118484e-03 6.246696114540100098e-01 -3.888332843780517578e-02 1.969379559159278870e-02 5.078476294875144958e-02 3.208433045074343681e-03 -5.258895456790924072e-02 -7.449538260698318481e-02 8.412579074501991272e-03 1.276811212301254272e-01 7.674358785152435303e-02
-1.276411712169647217e-01 -8.220954984426498413e-02 1.297276616096496582e-01 1.475207656621932983e-01 -2.646812498569488525e-01 1.466767787933349609e-01 1.511565688997507095e-02 2.558282576501369476e-02 2.142416536808013916e-01 7.643979787826538086e-02 -6.094460189342498779e-02 1.823287606239318848e-01 1.253008842468261719e-01 4.071065690368413925e-03 -2.252006828784942627e-01 -5.304303951561450958e-03 -8.305155485868453979e-02 1.450263801962137222e-02 1.053853183984756470e-01 8.251694589853286743e-02 9.057689458131790161e-02 -1.344817131757736206e-01 -3.936091363430023193e-01 -9.250109642744064331e-02 -1.260665338486433029e-02 6.649553030729293823e-02 -1.244053095579147339e-01 5.055854842066764832e-02 -1.763265877962112427e-01 -3.436908125877380371e-02 2.492511421442031860e-01 1.604555547237396240e-01 -7.141862064599990845e-02 -1.288594398647546768e-02 -1.335934642702341080e-02 -1.136157102882862091e-02 1.990728080272674561e-01 -7.452297955751419067e-02 1.354708075523376465e-01 1.270165443420410156e-01 4.899705201387405396e-02 3.501374274492263794e-02 2.146427631378173828e-01 -7.834974676370620728e-03 -1.207831725478172302e-01 2.164710164070129395e-01 -1.554385870695114136e-01 -2.199626564979553223e-01 -5.273948237299919128e-02 6.515077501535415649e-02 -3.722155466675758362e-02 1.317889839410781860e-01 -7.239194959402084351e-02 3.060652911663055420e-01 1.258581131696701050e-01 -2.790043316781520844e-02 2.042520791292190552e-01 -9.455253928899765015e-02 1.753560453653335571e-01 -4.218933358788490295e-02 -1.361776143312454224e-01 -2.395690418779850006e-02 1.599172651767730713e-01 1.772317290306091309e-01
-3.575131669640541077e-02 4.975241050124168396e-02 1.957294717431068420e-02 1.137779951095581055e-01 -4.599269628524780273e-01 2.450103014707565308e-01 1.456014961004257202e-01 8.868014812469482422e-02 4.825264811515808105e-01 3.174695000052452087e-02 1.512395888566970825e-01 -1.617266982793807983e-01 -6.616578251123428345e-02 -1.035636663436889648e-01 1.735116392374038696e-01 -9.014651179313659668e-02 8.140154182910919189e-03 -7.662296295166015625e-02 1.435628831386566162e-01 1.625100336968898773e-02 5.127591639757156372e-02 1.326147168874740601e-01 -3.548148274421691895e-01 -1.103597804903984070e-01 1.989248394966125488e-02 8.704579621553421021e-02 -1.060994807630777359e-02 1.834972947835922241e-02 -1.072758063673973083e-01 6.423152517527341843e-03 3.817850351333618164e-01 -1.062411665916442871e-01 -7.768887281417846680e-02 -3.027037903666496277e-02 4.714567214250564575e-02 6.133038178086280823e-02 5.254897847771644592e-02 5.011892318725585938e-02 1.583386957645416260e-01 -8.037354797124862671e-02 1.220110729336738586e-01 -1.296319365501403809e-01 -6.064932048320770264e-02 2.080329507589340210e-01 -1.285424381494522095e-01 2.337932139635086060e-01 -7.028391957283020020e-02 7.240955252200365067e-03 -1.116078197956085205e-01 1.493455022573471069e-01 -1.197546049952507019e-01 1.200505420565605164e-01 4.214086383581161499e-02 1.813522279262542725e-01 -2.251001894474029541e-01 -1.312605664134025574e-02 2.669259905815124512e-01 -1.183349788188934326e-01 -4.252999275922775269e-02 1.199240610003471375e-01 -8.034897595643997192e-02 -9.854293614625930786e-02 -2.676190137863159180e-01 1.889778077602386475e-01
2.228558212518692017e-01 2.231294475495815277e-02 -7.357205152511596680e-01 3.093023784458637238e-02 1.854441016912460327e-01 -1.419533789157867432e-01 -6.166986376047134399e-02 -1.244911253452301025e-01 -9.716364145278930664e-01 -2.441915273666381836e-01 3.993828222155570984e-02 5.138710141181945801e-01 -4.225683808326721191e-01 2.721334695816040039e-01 2.392163127660751343e-01 1.372921168804168701e-01 4.565041512250900269e-02 3.516416549682617188e-01 2.221886515617370605e-01 -6.869774460792541504e-01 -2.817194163799285889e-01 2.708781063556671143e-01 6.759729981422424316e-01 1.464024484157562256e-01 4.450598359107971191e-01 -8.140157461166381836e-01 2.152775973081588745e-01 8.970757946372032166e-03 1.507933139801025391e-01 -9.252041578292846680e-02 -4.729864597320556641e-01 -1.779746413230895996e-01 2.877275645732879639e-02 1.092250198125839233e-01 -6.422828882932662964e-02 -7.188145816326141357e-02 4.721059203147888184e-01 3.952630981802940369e-02 -2.480256706476211548e-01 -1.414786428213119507e-01 -1.940245479345321655e-01 1.717138439416885376e-01 -2.519700825214385986e-01 -1.188313215970993042e-01 4.931022599339485168e-02 -2.067154347896575928e-01 3.645805418491363525e-01 8.633552491664886475e-02 2.243107110261917114e-01 3.042579293251037598e-01 5.816672369837760925e-02 -2.989076375961303711e-01 2.100170105695724487e-01 -2.546448409557342529e-01 4.565067589282989502e-01 -5.983679438941180706e-04 1.012625098228454590e-01 1.954954117536544800e-01 3.241560459136962891e-01 -1.365775913000106812e-01 2.276444435119628906e-01 2.475015819072723389e-02 2.010481059551239014e-01 2.026195172220468521e-03
-4.254155978560447693e-02 6.982117891311645508e-02 -4.636792466044425964e-02 -9.003146737813949585e-02 -8.926020562648773193e-02 -4.839815665036439896e-03 -3.561764955520629883e-02 -3.666006494313478470e-03 5.934723094105720520e-02 -4.426966886967420578e-03 8.576390147209167480e-02 3.453880175948143005e-02 -1.537727564573287964e-02 -6.018534302711486816e-02 2.575565315783023834e-02 3.629713878035545349e-02 8.170191198587417603e-02 -1.925698481500148773e-02 -4.382680170238018036e-03 4.600939527153968811e-02 -8.218111842870712280e-02 -3.464755788445472717e-02 3.654550015926361084e-02 5.832188948988914490e-02 4.269066080451011658e-02 7.023493200540542603e-02 -2.566317096352577209e-02 -1.488785166293382645e-02 1.858402974903583527e-02 5.722156912088394165e-02 -1.401148270815610886e-02 -5.146648362278938293e-02 -4.766717925667762756e-02 -5.652775987982749939e-02 2.438917756080627441e-02 -2.278723381459712982e-02 5.973190534859895706e-03 -1.298996619880199432e-02 4.168134182691574097e-02 9.870834648609161377e-02 -1.825275644659996033e-02 9.310031682252883911e-02 -5.638376623392105103e-02 -2.575446665287017822e-02 7.285086810588836670e-02 2.274313569068908691e-02 6.217079237103462219e-02 5.322011560201644897e-02 -5.609272420406341553e-02 4.931569099426269531e-02 1.017914712429046631e-01 2.595178596675395966e-02 5.641578510403633118e-02 -6.779467314481735229e-02 7.244903594255447388e-02 -2.947745285928249359e-02 -9.401495754718780518e-02 -6.194700300693511963e-02 -6.473633646965026855e-02 5.226829089224338531e-03 -2.922096662223339081e-02 8.469181507825851440e-02 5.618418008089065552e-02 4.494611173868179321e-02
6.124461814761161804e-02 -5.165236443281173706e-02 -1.518887374550104141e-02 -2.399963792413473129e-03 -9.640469402074813843e-02 8.475178852677345276e-03 5.385202355682849884e-03 -1.415015906095504761e-01 3.981272876262664795e-01 -1.069456562399864197e-01 2.541927061975002289e-02 -5.184736102819442749e-02 -1.541048288345336914e-01 -4.867238551378250122e-02 1.056743040680885315e-01 5.252578109502792358e-02 3.719751723110675812e-03 -1.742137968540191650e-01 -3.270912170410156250e-01 -7.625379413366317749e-02 8.076894283294677734e-02 1.004216894507408142e-01 1.667892187833786011e-01 2.488579973578453064e-02 -4.699801653623580933e-02 -1.564727127552032471e-01 -3.056426532566547394e-02 -2.784604579210281372e-02 1.476880814880132675e-02 -2.232023924589157104e-01 1.821237951517105103e-01 -9.157961234450340271e-03 -2.527914941310882568e-02 -2.447085082530975342e-02 4.876612499356269836e-02 3.043142519891262054e-02 1.714114695787429810e-01 -7.851542532444000244e-02 2.235863544046878815e-02 -5.599392578005790710e-02 -2.248659357428550720e-02 -2.232648804783821106e-02 -1.685073524713516235e-01 6.892634183168411255e-02 -1.234815865755081177e-01 8.581629395484924316e-02 -1.267400383949279785e-01 2.078780680894851685e-01 2.016911283135414124e-02 5.479510873556137085e-02 1.123534440994262695e-01 4.548819363117218018e-02 -6.505898199975490570e-03 2.577946870587766171e-04 6.169769167900085449e-02 5.249662697315216064e-02 -1.581278257071971893e-02 -1.938979700207710266e-02 1.360645443201065063e-01 -6.816425826400518417e-03 1.606226898729801178e-02 1.358528248965740204e-02 3.742484748363494873e-02 -7.565129548311233521e-02
7.818259298801422119e-02 6.972341984510421753e-02 1.613257229328155518e-01 3.830670844763517380e-03 1.507201790809631348e-01 1.276252139359712601e-02 1.462673991918563843e-01 1.693232953548431396e-01 3.594817221164703369e-01 3.095026612281799316e-01 -1.450590044260025024e-01 6.534372270107269287e-02 3.997142910957336426e-01 -9.554753452539443970e-02 -5.361879616975784302e-02 -1.399301141500473022e-01 6.491955369710922241e-02 6.609323620796203613e-02 3.496747910976409912e-01 1.931928396224975586e-01 7.029023766517639160e-02 -4.810377210378646851e-02 -4.623880088329315186e-01 3.863962367177009583e-02 -8.294066786766052246e-02 3.520704209804534912e-01 -6.171884015202522278e-02 7.965656369924545288e-02 1.765508204698562622e-02 2.043949812650680542e-01 6.018558889627456665e-02 1.753493994474411011e-01 1.116038858890533447e-02 4.584638774394989014e-02 -4.547825455665588379e-02 1.348425298929214478e-01 2.347596734762191772e-01 7.611262053251266479e-02 3.203795254230499268e-01 -4.296135529875755310e-02 5.189758911728858948e-02 1.258502602577209473e-01 3.766939416527748108e-02 2.876509130001068115e-01 1.235661655664443970e-01 -1.131128594279289246e-01 -1.286317110061645508e-01 -4.008162021636962891e-02 -3.972572460770606995e-02 3.369982540607452393e-01 8.403448760509490967e-02 8.315714076161384583e-03 -4.438139498233795166e-02 -3.328004106879234314e-02 -9.093929827213287354e-02 -2.657556161284446716e-02 3.017826471477746964e-03 9.236393123865127563e-02 -5.825506150722503662e-02 2.244585454463958740e-01 -1.758874356746673584e-01 5.716922506690025330e-02 -9.526685625314712524e-02 7.859718054533004761e-02
1.668468862771987915e-02 1.031142771244049072e-01 -1.712457984685897827e-01 -4.895693808794021606e-02 1.247097626328468323e-01 1.793433278799057007e-01 9.945970028638839722e-03 9.184583905152976513e-04 1.822297722101211548e-01 1.524346917867660522e-01 -1.044787839055061340e-01 2.316191047430038452e-02 -2.821128368377685547e-01 2.611332200467586517e-02 -1.057813987135887146e-01 6.108338013291358948e-02 4.566624015569686890e-02 1.380053162574768066e-01 -1.626189351081848145e-01 -1.978089958429336548e-01 1.365699768066406250e-01 9.606908261775970459e-02 -4.405571147799491882e-02 -7.247789949178695679e-02 -7.605363614857196808e-03 -3.098022043704986572e-01 1.330651938915252686e-01 -2.349973656237125397e-02 -9.128667414188385010e-02 -2.050883881747722626e-02 1.030939221382141113e-01 -1.538973860442638397e-02 4.193828441202640533e-03 -1.543037742376327515e-01 5.039975419640541077e-02 -5.658625066280364990e-02 -3.696404770016670227e-02 2.452319860458374023e-01 -1.105574518442153931e-01 3.183102235198020935e-02 -3.392464295029640198e-02 -1.545135527849197388e-01 -1.203215122222900391e-02 -1.810120791196823120e-01 1.080455407500267029e-01 6.124519929289817810e-02 8.763092756271362305e-02 -4.481088742613792419e-02 -3.551764413714408875e-02 -8.380923420190811157e-02 3.167416900396347046e-02 1.738895177841186523e-01 -8.418916910886764526e-02 9.453319013118743896e-02 2.117299586534500122e-01 -2.504703029990196228e-02 2.032742053270339966e-01 6.563151720911264420e-03 1.426164358854293823e-01 -7.552134990692138672e-02 5.114544928073883057e-02 6.821722537279129028e-02 5.631246604025363922e-03 1.327793449163436890e-01
1.009088009595870972e-01 -1.337036490440368652e-01 2.639199420809745789e-02 1.609149016439914703e-02 2.571804523468017578e-01 7.956061512231826782e-02 -8.022969588637351990e-03 -8.916125446557998657e-02 -1.562484204769134521e-01 5.400580912828445435e-02 1.090867295861244202e-01 6.494285911321640015e-02 3.693982362747192383e-01 1.692452840507030487e-02 2.484714053571224213e-02 1.064356230199337006e-02 -5.599128827452659607e-02 7.465911097824573517e-03 -5.329987406730651855e-01 -2.144634127616882324e-01 -5.855463095940649509e-04 9.270194172859191895e-02 1.426640897989273071e-01 6.608837842941284180e-02 4.763368889689445496e-02 -4.087235033512115479e-01 6.586202234029769897e-02 1.301521155983209610e-02 6.615643203258514404e-02 2.142949998378753662e-01 -1.142862319946289062e+00 -5.931724980473518372e-02 -5.232751369476318359e-02 3.322922065854072571e-02 -1.546912640333175659e-02 -1.431940644979476929e-01 -1.787339299917221069e-01 2.250689268112182617e-01 -2.568656504154205322e-01 -1.005471963435411453e-02 -6.144929304718971252e-02 -3.724977374076843262e-03 5.326187238097190857e-02 -2.700793147087097168e-01 -1.873748004436492920e-01 -4.489832818508148193e-01 3.801386337727308273e-03 7.839135080575942993e-02 1.005070358514785767e-01 -2.359548062086105347e-01 -3.688450455665588379e-01 -2.565494552254676819e-02 1.598139703273773193e-01 -1.561188548803329468e-01 4.640780016779899597e-02 1.467195153236389160e-02 7.360114902257919312e-02 1.335830148309469223e-02 7.807047106325626373e-03 -2.931301668286323547e-02 7.808464579284191132e-04 -3.096394985914230347e-02 1.251328084617853165e-02 -3.621913492679595947e-02
1.780734769999980927e-02 2.646511048078536987e-02 -2.350918017327785492e-03 1.086591184139251709e-01 8.634175360202789307e-02 1.227224897593259811e-02 4.577719420194625854e-02 5.614436045289039612e-02 -1.316820085048675537e-01 6.438521295785903931e-02 -1.059055551886558533e-01 -1.174375042319297791e-01 -1.912472583353519440e-02 -1.774600446224212646e-01 -1.406539380550384521e-01 -2.811876311898231506e-02 3.299797698855400085e-02 -1.619284600019454956e-01 4.372224211692810059e-02 -8.042395114898681641e-02 -2.123097190633416176e-03 1.003952696919441223e-01 -6.642024964094161987e-02 -4.317508265376091003e-02 3.160176053643226624e-02 2.319878153502941132e-02 2.281625755131244659e-02 -9.260657429695129395e-02 -1.720891706645488739e-02 -3.122886642813682556e-02 -8.753070235252380371e-02 8.978061378002166748e-02 -8.933190256357192993e-02 -1.764921122230589390e-03 7.810021936893463135e-02 9.993653744459152222e-02 1.266229003667831421e-01 1.055277660489082336e-01 2.226397767663002014e-02 -7.082254439592361450e-02 9.250771999359130859e-02 1.196386739611625671e-01 8.895926177501678467e-02 1.021371185779571533e-01 2.442819625139236450e-02 7.000274211168289185e-02 3.590469062328338623e-02 1.174148023128509521e-01 7.399026304483413696e-02 2.230742387473583221e-02 2.104557678103446960e-02 5.803098157048225403e-02 -1.019130647182464600e-01 2.266651540994644165e-01 -2.770915627479553223e-01 -3.655909374356269836e-02 1.610044836997985840e-01 -4.411508515477180481e-02 -4.930107668042182922e-02 -8.532220125198364258e-02 2.930346503853797913e-02 -2.908428199589252472e-02 -1.342404931783676147e-01 1.532719731330871582e-01
4.479047656059265137e-02 -1.745698899030685425e-01 3.499569296836853027e-01 3.099576830863952637e-01 -5.291293933987617493e-02 1.647169142961502075e-01 1.687030680477619171e-02 5.839739739894866943e-02 5.419761538505554199e-01 3.769077360630035400e-01 -8.298458904027938843e-02 -8.734051883220672607e-02 1.964442282915115356e-01 -1.654186844825744629e-01 7.004635781049728394e-02 -2.123587578535079956e-01 5.364788696169853210e-02 2.867083251476287842e-01 2.969102561473846436e-01 3.899150788784027100e-01 1.003189012408256531e-01 -2.756426334381103516e-01 -6.478682160377502441e-01 -6.653308868408203125e-02 8.672609180212020874e-02 2.380008846521377563e-01 -1.849946081638336182e-01 2.491469727829098701e-03 -2.443218678236007690e-01 2.226758003234863281e-02 7.717843651771545410e-01 1.600184291601181030e-01 1.522975228726863861e-02 4.049305804073810577e-03 -4.878540709614753723e-02 1.504237055778503418e-01 4.112030565738677979e-01 9.853082895278930664e-02 3.379276096820831299e-01 3.905700892210006714e-02 1.706068962812423706e-01 6.744874268770217896e-02 1.487651616334915161e-01 1.498304903507232666e-01 7.013094425201416016e-02 2.408009320497512817e-01 2.070173807442188263e-02 -5.276142358779907227e-01 -2.111479267477989197e-02 9.713508188724517822e-02 1.343772411346435547e-01 8.879007399082183838e-02 -4.482712149620056152e-01 2.846993803977966309e-01 -1.146927773952484131e-01 -5.754861235618591309e-02 3.097256124019622803e-01 -2.459447234869003296e-01 4.723560810089111328e-02 -6.893730908632278442e-02 -2.661660313606262207e-01 4.699520021677017212e-02 -3.121632337570190430e-01 1.737628430128097534e-01
-5.145297572016716003e-02 1.152735501527786255e-01 8.649419993162155151e-02 1.111441701650619507e-01 1.126829255372285843e-02 -7.029156386852264404e-02 3.291116282343864441e-02 -3.003352507948875427e-02 9.468056261539459229e-02 1.995620131492614746e-02 9.617228806018829346e-02 5.796046182513237000e-02 3.400193154811859131e-02 1.417018473148345947e-01 -5.571482703089714050e-02 -1.779028475284576416e-01 -5.756061896681785583e-02 2.435212880373001099e-01 8.360426127910614014e-02 1.075934767723083496e-01 -2.547218836843967438e-02 4.515295475721359253e-02 1.074278801679611206e-01 9.708942845463752747e-03 1.534583270549774170e-01 8.269636332988739014e-02 -1.155096590518951416e-01 7.820983976125717163e-02 2.411397174000740051e-02 -1.818356662988662720e-01 8.737596124410629272e-02 2.228141427040100098e-01 -2.290796861052513123e-02 3.941539302468299866e-02 -2.787093073129653931e-02 8.626032620668411255e-02 2.502242662012577057e-02 4.583603143692016602e-02 -1.639240235090255737e-02 3.542072698473930359e-02 1.480320841073989868e-01 3.448468446731567383e-01 1.883646547794342041e-01 3.098502755165100098e-01 6.353399902582168579e-02 -7.402415573596954346e-02 3.526706993579864502e-01 -4.270241856575012207e-01 -8.133323490619659424e-02 3.214444965124130249e-02 5.585335940122604370e-02 7.283632457256317139e-02 3.551102057099342346e-02 1.052740886807441711e-01 1.777361035346984863e-01 -5.138052627444267273e-02 -6.602311134338378906e-02 -9.789350442588329315e-04 3.467598557472229004e-02 -1.173415258526802063e-01 1.284373998641967773e-01 -3.457475826144218445e-02 -2.151475250720977783e-01 4.267045482993125916e-02
-1.111283712089061737e-02 8.040879853069782257e-03 8.986586332321166992e-02 1.242099627852439880e-01 1.388979405164718628e-01 2.833362519741058350e-01 8.877971023321151733e-02 1.874709129333496094e-01 -4.159002006053924561e-02 1.934653967618942261e-01 1.120557561516761780e-01 -3.616679310798645020e-01 5.559111759066581726e-02 4.553402960300445557e-02 3.153134137392044067e-02 -4.120564758777618408e-01 1.087249815464019775e-02 -2.277016639709472656e-01 -1.422205865383148193e-01 2.384616881608963013e-01 1.729932427406311035e-01 -1.262114793062210083e-01 1.329726129770278931e-01 -1.098163723945617676e-01 -9.858997911214828491e-02 1.327949017286300659e-01 -3.105982542037963867e-01 3.340923041105270386e-02 -8.032318949699401855e-02 -8.379963785409927368e-02 5.902240425348281860e-02 2.273812890052795410e-01 2.474588155746459961e-02 -1.234021335840225220e-01 -6.588158011436462402e-02 1.705628037452697754e-01 1.780810207128524780e-01 -9.496589750051498413e-02 1.308165937662124634e-01 -5.609314143657684326e-02 1.866032928228378296e-01 -1.831205040216445923e-01 -1.453671604394912720e-03 2.344775646924972534e-01 2.808241173624992371e-02 1.420616060495376587e-01 4.868333414196968079e-02 -2.753395140171051025e-01 -1.431962847709655762e-01 1.936041563749313354e-01 -1.650514453649520874e-01 1.448845863342285156e-01 3.700295463204383850e-02 2.266528606414794922e-01 -1.383360028266906738e-01 -7.623142004013061523e-02 2.611432373523712158e-01 -1.006729155778884888e-01 6.213176529854536057e-03 1.472794711589813232e-01 -1.142504215240478516e-01 -3.434398397803306580e-02 6.742281466722488403e-02 1.689364463090896606e-01
5.621816962957382202e-02 5.612100660800933838e-02 -1.656009703874588013e-01 2.689935564994812012e-01 1.908339262008666992e-01 -1.536479890346527100e-01 1.652143597602844238e-01 -5.582379549741744995e-02 -3.732372224330902100e-01 -1.074983552098274231e-01 1.193735226988792419e-01 2.628072798252105713e-01 1.287952214479446411e-01 2.430943846702575684e-01 4.528470709919929504e-02 -4.163266159594058990e-03 7.357689738273620605e-02 4.704921841621398926e-01 6.704965978860855103e-02 -1.376741975545883179e-01 1.376183480024337769e-01 1.172998175024986267e-01 4.233275651931762695e-01 1.005342155694961548e-01 2.865519225597381592e-01 7.911343127489089966e-02 2.667019069194793701e-01 1.931767165660858154e-02 2.383111231029033661e-02 -8.231890201568603516e-02 1.384037286043167114e-01 -9.137242287397384644e-02 7.719227671623229980e-02 -8.840937912464141846e-02 -9.558466076850891113e-02 1.696874201297760010e-02 -1.905734986066818237e-01 1.384147852659225464e-01 -1.346907168626785278e-01 3.049584627151489258e-01 6.162912771105766296e-02 -1.947290599346160889e-01 2.855885922908782959e-01 8.548673987388610840e-02 -1.468474566936492920e-01 1.995220221579074860e-02 2.535012066364288330e-01 -1.136029511690139771e-01 8.246698975563049316e-02 -3.830021023750305176e-01 7.716596126556396484e-02 -2.633958868682384491e-02 3.005161583423614502e-01 3.386996984481811523e-01 4.531478881835937500e-01 -6.345674395561218262e-02 -7.225016504526138306e-02 3.849902004003524780e-02 3.540531098842620850e-01 2.372087091207504272e-01 2.523650825023651123e-01 7.076106965541839600e-03 1.623377799987792969e-01 5.219679698348045349e-02
1.187108829617500305e-01 -5.111575871706008911e-02 -2.941153049468994141e-01 -8.712401241064071655e-02 4.485944658517837524e-02 -9.067753702402114868e-02 -3.635073080658912659e-02 1.331205852329730988e-02 -1.372651606798171997e-01 -1.889072358608245850e-02 -4.089641850441694260e-03 1.325900107622146606e-01 1.392841786146163940e-01 4.490848630666732788e-02 1.017474681138992310e-01 4.621972143650054932e-02 4.495086148381233215e-02 -9.217054396867752075e-02 -3.668780624866485596e-01 -1.257119774818420410e-01 -2.217803895473480225e-02 1.387088298797607422e-01 3.126987023279070854e-03 1.976748108863830566e-01 5.549947544932365417e-02 -3.315033018589019775e-01 6.799380481243133545e-02 -7.484624534845352173e-02 1.164940278977155685e-02 -7.712671160697937012e-02 -4.527992904186248779e-01 -1.600186228752136230e-01 -8.892005681991577148e-02 8.161833882331848145e-02 -9.228800237178802490e-02 3.649932518601417542e-02 -4.130947589874267578e-01 5.746900290250778198e-02 -1.516911238431930542e-01 1.668661646544933319e-02 -5.233863368630409241e-02 -7.747723162174224854e-02 -9.964858740568161011e-02 7.335262000560760498e-02 -1.594346575438976288e-02 -5.165971349924802780e-03 2.913232706487178802e-02 5.002672225236892700e-02 1.256206929683685303e-01 -4.554959386587142944e-02 8.821634575724601746e-03 -2.671547234058380127e-02 7.906423509120941162e-02 -1.005746424198150635e-01 3.324810788035392761e-02 -6.230591610074043274e-02 -7.609208673238754272e-02 4.840612411499023438e-02 5.719763785600662231e-02 1.033856570720672607e-01 6.262058764696121216e-02 -5.385524407029151917e-02 5.575095862150192261e-02 -1.250199973583221436e-01
6.645372603088617325e-03 1.329520195722579956e-01 -4.948624968528747559e-02 -1.023318897932767868e-02 -4.076558351516723633e-02 5.620553158223628998e-03 -6.191492453217506409e-02 4.306885972619056702e-02 1.990704983472824097e-01 -3.731548413634300232e-02 -5.168217048048973083e-02 1.993719302117824554e-02 -2.645932435989379883e-01 -9.443885087966918945e-02 4.324423521757125854e-02 5.850384477525949478e-03 3.180096298456192017e-02 -1.019511520862579346e-01 1.477174311876296997e-01 -1.247659623622894287e-01 8.472144603729248047e-02 8.876280486583709717e-02 -9.218911081552505493e-02 1.128493398427963257e-01 -1.116149947047233582e-01 -1.236735135316848755e-01 -2.935359440743923187e-02 -5.422066524624824524e-02 2.109300158917903900e-02 -4.267638176679611206e-02 2.897863090038299561e-01 -1.647758297622203827e-02 -6.522070616483688354e-03 1.046256795525550842e-01 4.704729095101356506e-02 -1.017481759190559387e-01 1.382710188627243042e-01 2.672769501805305481e-02 -1.071682386100292206e-02 4.835275933146476746e-02 5.815247818827629089e-02 -2.607000768184661865e-01 -1.062724143266677856e-01 -1.200053654611110687e-02 1.002509705722332001e-02 1.341819576919078827e-02 1.224477868527173996e-02 1.734184473752975464e-01 6.928318738937377930e-02 1.515937298536300659e-01 -5.261836647987365723e-01 -8.922619372606277466e-02 -1.734847128391265869e-01 5.879190936684608459e-02 -9.575971402227878571e-03 -5.718862265348434448e-02 -9.488812834024429321e-02 1.198527514934539795e-01 -1.982359439134597778e-01 8.195489645004272461e-02 -1.346873492002487183e-01 -6.021162495017051697e-02 3.336008638143539429e-03 -1.558215473778545856e-03
5.025261640548706055e-02 4.078959673643112183e-02 -8.865348249673843384e-02 1.921048760414123535e-02 2.722490578889846802e-02 -1.950914040207862854e-02 -5.449676886200904846e-02 -4.543253779411315918e-02 8.699337393045425415e-02 -1.430322509258985519e-02 -6.037308648228645325e-02 -5.073473602533340454e-02 -4.392851516604423523e-02 5.605962499976158142e-02 -1.936822570860385895e-02 -7.378254085779190063e-04 -1.765505783259868622e-02 7.850402593612670898e-02 6.962754577398300171e-02 -9.619621187448501587e-02 9.058187901973724365e-02 9.145585447549819946e-02 -4.149607568979263306e-02 2.785363979637622833e-02 -6.360527127981185913e-02 -1.751166209578514099e-02 3.337597474455833435e-02 -4.647951200604438782e-02 -7.303267717361450195e-02 -2.780292369425296783e-02 -3.609694167971611023e-02 3.407698497176170349e-02 -7.522460818290710449e-02 6.999516487121582031e-02 -7.759702950716018677e-02 3.518951684236526489e-02 4.082249943166971207e-03 4.204879328608512878e-02 6.574421375989913940e-02 9.211689978837966919e-02 9.153592586517333984e-02 2.421071007847785950e-02 -4.967341572046279907e-02 -1.879972405731678009e-02 2.227431349456310272e-02 -1.867600902915000916e-02 6.077747419476509094e-02 3.054412314668297768e-03 -9.423737227916717529e-02 9.150318056344985962e-02 4.611072689294815063e-02 4.907280206680297852e-02 2.558058127760887146e-02 2.453277446329593658e-02 -6.960449367761611938e-02 -5.929442495107650757e-02 -1.577923633158206940e-02 -8.444888144731521606e-02 -3.779738023877143860e-02 -2.271651104092597961e-02 3.730109706521034241e-02 6.118441373109817505e-02 4.034676775336265564e-02 8.786052465438842773e-02
-3.591101989150047302e-02 4.193317890167236328e-02 2.315702103078365326e-02 1.450766623020172119e-01 6.218930706381797791e-02 4.380541294813156128e-02 1.221841871738433838e-01 8.686065673828125000e-02 1.239162636920809746e-03 9.909018874168395996e-02 -7.840104401111602783e-02 -5.620950460433959961e-01 5.599201470613479614e-02 -1.354461908340454102e-01 6.235965713858604431e-02 -9.836138039827346802e-02 2.309425920248031616e-02 -1.879126280546188354e-01 1.051191166043281555e-01 4.192314296960830688e-02 1.338828504085540771e-01 -2.681376971304416656e-02 -1.330818235874176025e-01 -2.899189107120037079e-02 -9.883363544940948486e-02 8.663634955883026123e-02 6.151246652007102966e-02 4.395281523466110229e-02 2.316223457455635071e-02 4.379594326019287109e-02 1.275075376033782959e-01 7.377953082323074341e-02 2.792808786034584045e-02 -8.598641492426395416e-03 -3.416211530566215515e-02 9.056945890188217163e-02 -5.477935075759887695e-02 1.557232718914747238e-02 3.886551782488822937e-02 -1.358655691146850586e-01 1.542230993509292603e-01 7.797934114933013916e-02 1.239875033497810364e-01 7.568933069705963135e-02 1.036739945411682129e-01 -5.656572803854942322e-02 -1.714358776807785034e-01 1.539469659328460693e-01 -2.662631496787071228e-02 1.278084367513656616e-01 1.289624869823455811e-01 9.648354025557637215e-04 -1.383517384529113770e-01 1.261705160140991211e-01 -2.161938548088073730e-01 -9.584522992372512817e-02 1.343980878591537476e-01 -3.340160101652145386e-02 -6.615275144577026367e-02 -1.211819127202033997e-01 3.334894403815269470e-02 8.808109123492613435e-05 -1.128357127308845520e-01 3.806237131357192993e-02
-1.999441906809806824e-02 -2.242135629057884216e-02 -7.035309821367263794e-02 6.671072542667388916e-02 -1.132748201489448547e-01 -9.666198492050170898e-02 -4.760633409023284912e-02 8.874286711215972900e-02 -1.789332777261734009e-01 -2.758871018886566162e-01 7.120488584041595459e-02 3.098524734377861023e-02 4.247789736837148666e-03 -2.073873430490493774e-01 -1.262113004922866821e-01 -1.198442950844764709e-01 -1.242777146399021149e-02 9.800482075661420822e-04 -1.149728521704673767e-01 1.159334089607000351e-02 -3.889052942395210266e-02 -1.450174748897552490e-01 4.050565510988235474e-02 4.398268461227416992e-02 -1.005785837769508362e-01 2.190019004046916962e-02 -9.811701625585556030e-02 -8.606394752860069275e-03 -5.704052280634641647e-03 -2.326513677835464478e-01 -1.453358978033065796e-01 -5.387818068265914917e-02 -5.801158770918846130e-02 5.809911713004112244e-02 -6.834529340267181396e-03 1.264434307813644409e-01 -9.433503448963165283e-02 -1.082836613059043884e-01 -9.510459005832672119e-02 2.614980936050415039e-02 4.471592977643013000e-02 -4.049885272979736328e-01 -6.860919296741485596e-02 -5.048526450991630554e-02 -5.190711095929145813e-02 2.616562545299530029e-01 1.847381442785263062e-01 2.369035780429840088e-01 4.216659069061279297e-02 -1.352965682744979858e-01 8.936507254838943481e-02 -4.683847352862358093e-02 -9.892960637807846069e-02 -1.119779236614704132e-02 9.737802296876907349e-02 6.385669112205505371e-02 -4.890086874365806580e-02 9.150636196136474609e-02 1.848722249269485474e-02 7.090279459953308105e-02 -8.346793241798877716e-03 -4.255023598670959473e-02 1.506820619106292725e-01 4.168837517499923706e-02
-2.016983479261398315e-01 2.798464149236679077e-02 -8.761836588382720947e-02 6.923846900463104248e-02 3.152003586292266846e-01 4.555950760841369629e-01 -2.915285341441631317e-02 1.340632140636444092e-01 5.089417099952697754e-01 2.075281292200088501e-01 4.553479552268981934e-01 -1.269052028656005859e+00 -1.493226289749145508e-01 -9.612542390823364258e-02 1.377623677253723145e-01 -6.841068267822265625e-01 -9.635686874389648438e-03 2.893506363034248352e-02 2.397339642047882080e-01 -1.545354127883911133e-01 4.216725379228591919e-02 -1.064694300293922424e-01 -6.423343718051910400e-02 -2.804160118103027344e-01 1.977529078722000122e-01 2.234280407428741455e-01 8.968063630163669586e-03 2.028937218710780144e-03 1.173324510455131531e-02 4.580846130847930908e-01 2.396067082881927490e-01 1.429858058691024780e-01 -7.848006486892700195e-02 -2.182665616273880005e-01 2.863875404000282288e-02 2.900562584400177002e-01 1.541481763124465942e-01 1.040626913309097290e-01 8.349055051803588867e-02 1.191727966070175171e-01 1.862374842166900635e-01 -1.094370484352111816e-01 -1.979268528521060944e-02 2.643535435199737549e-01 -7.190837059170007706e-04 3.159253597259521484e-01 -2.087217569351196289e-02 -4.203593730926513672e-01 -4.496116936206817627e-01 2.134221643209457397e-01 -8.352281898260116577e-02 1.828925162553787231e-01 -5.077019333839416504e-01 2.459115386009216309e-01 -1.130821824073791504e+00 -7.932581752538681030e-02 1.921563744544982910e-01 -3.619378432631492615e-02 -1.530225723981857300e-01 1.541590988636016846e-01 -2.247325778007507324e-01 -8.051858842372894287e-02 -1.696011275053024292e-01 2.073209285736083984e-01
1.681626290082931519e-01 3.245545551180839539e-02 4.848788026720285416e-03 7.054100185632705688e-02 -2.043562568724155426e-02 5.421879701316356659e-03 1.974407136440277100e-01 4.802947491407394409e-02 -6.292243003845214844e-01 6.426434963941574097e-02 2.753416262567043304e-02 -2.927099168300628662e-01 -1.180181875824928284e-01 3.092860104516148567e-03 6.248068436980247498e-02 7.502833753824234009e-02 -6.242951378226280212e-02 -1.810859441757202148e-01 -1.802849918603897095e-01 -4.549582302570343018e-02 -3.699243441224098206e-02 1.159593015909194946e-01 -6.638238430023193359e-01 1.816804260015487671e-01 -1.539189815521240234e-01 -2.133268266916275024e-01 1.602310240268707275e-01 2.603572234511375427e-02 8.630139380693435669e-02 -3.956726752221584320e-03 -1.584942787885665894e-01 1.017549708485603333e-01 4.555241763591766357e-02 1.204073131084442139e-01 -5.074516683816909790e-02 1.154377833008766174e-01 -1.752685755491256714e-01 -1.186662726104259491e-02 -1.480667013674974442e-02 8.792838454246520996e-02 2.509403415024280548e-02 -3.660738468170166016e-02 7.012857589870691299e-03 3.753126785159111023e-02 3.254231810569763184e-01 -4.204961284995079041e-02 6.771878898143768311e-02 -6.381906569004058838e-02 2.290048450231552124e-01 -7.075038552284240723e-02 -3.976235166192054749e-03 -5.918408930301666260e-02 5.228339880704879761e-02 5.597361549735069275e-02 -3.813236653804779053e-01 -5.499557033181190491e-02 3.210168704390525818e-02 3.617762401700019836e-02 6.542599201202392578e-02 9.647710621356964111e-02 1.156083568930625916e-01 2.171268127858638763e-02 -1.565146744251251221e-01 5.900593101978302002e-02
-7.655363529920578003e-02 -1.022394001483917236e-01 -7.265391200780868530e-02 1.621019244194030762e-01 -1.192314401268959045e-01 1.948196738958358765e-01 6.963991373777389526e-02 8.266583830118179321e-02 1.552509963512420654e-01 -1.040425822138786316e-01 1.719814240932464600e-01 1.496511101722717285e-01 6.235089898109436035e-02 1.169763654470443726e-01 -2.571873366832733154e-02 -2.517045438289642334e-01 9.204924851655960083e-02 -3.280620574951171875e-01 -1.537239402532577515e-01 -1.251439191401004791e-02 1.048171669244766235e-01 -1.310646981000900269e-01 5.132374167442321777e-01 -1.756825149059295654e-01 -3.182092308998107910e-02 -7.017549872398376465e-02 -2.057922445237636566e-02 -1.775154098868370056e-02 -1.719938367605209351e-01 -1.374498903751373291e-01 2.433104254305362701e-02 -4.979773983359336853e-02 6.347488611936569214e-02 5.882608518004417419e-02 -8.744452497921884060e-04 8.448220044374465942e-02 4.736639186739921570e-02 1.019208431243896484e-01 8.780033886432647705e-02 -1.443088240921497345e-02 7.336768507957458496e-02 -2.836488783359527588e-01 8.572489023208618164e-03 -2.984697185456752777e-02 1.518314820714294910e-03 7.657228410243988037e-02 2.575678005814552307e-02 -9.938569366931915283e-02 1.609551720321178436e-02 1.753097623586654663e-01 -6.644929945468902588e-02 8.830081671476364136e-02 1.112131178379058838e-01 1.924964189529418945e-01 -1.431289166212081909e-01 -2.688333392143249512e-02 3.254299461841583252e-01 -1.577621698379516602e-01 -1.215646192431449890e-01 1.818412393331527710e-01 6.219612434506416321e-02 -2.522650919854640961e-02 4.139215648174285889e-01 1.970517041627317667e-04
2.832331508398056030e-02 -3.091464005410671234e-02 7.251749187707901001e-02 5.054726824164390564e-02 3.588587045669555664e-02 -7.304481416940689087e-02 -8.071791380643844604e-03 -2.217637002468109131e-02 1.011965200304985046e-01 4.526318982243537903e-02 -6.135838851332664490e-02 1.036275736987590790e-02 -4.664347693324089050e-02 1.218910608440637589e-02 -7.441169768571853638e-02 -1.919146999716758728e-02 3.827379643917083740e-02 -8.519653230905532837e-02 -4.105729237198829651e-02 -8.470676094293594360e-02 7.972254604101181030e-02 -2.577779116109013557e-03 -8.089167624711990356e-02 -8.906377106904983521e-02 -7.314667105674743652e-02 -2.843065559864044189e-02 -2.018669620156288147e-03 5.703277885913848877e-02 -1.068971157073974609e-01 1.931661739945411682e-03 -4.536810144782066345e-02 -3.518855571746826172e-02 -7.576499134302139282e-02 8.506375551223754883e-02 -4.068939760327339172e-02 -5.493550747632980347e-02 -4.495118930935859680e-02 -4.355428740382194519e-02 6.991605460643768311e-02 6.594561040401458740e-02 -2.062178775668144226e-02 -8.376306295394897461e-02 7.697581895627081394e-04 9.630334563553333282e-03 -4.749639891088008881e-03 -8.817565441131591797e-02 -3.118999535217881203e-03 -5.690167471766471863e-02 -4.770112037658691406e-02 2.386797405779361725e-02 -5.951803177595138550e-02 1.715338416397571564e-02 -1.961211301386356354e-02 2.458586171269416809e-02 -7.790861278772354126e-02 2.571492828428745270e-02 3.422948718070983887e-02 4.950216412544250488e-02 -5.224151164293289185e-02 -1.442573312669992447e-02 2.787111327052116394e-02 6.303495913743972778e-02 -8.233657479286193848e-02 3.874139115214347839e-02
1.810698956251144409e-02 6.608567666262388229e-03 3.951951116323471069e-02 1.227088570594787598e-01 1.564811617136001587e-01 1.921526491641998291e-01 1.498865783214569092e-01 9.933286160230636597e-02 1.307670772075653076e-01 5.521092936396598816e-02 -6.006587296724319458e-02 -3.091050684452056885e-01 -8.650472760200500488e-02 -8.528216183185577393e-02 3.791454015299677849e-03 -8.265098929405212402e-02 -2.699967660009860992e-02 7.503937184810638428e-02 -1.171312108635902405e-01 -2.709225052967667580e-03 2.187593281269073486e-01 -1.230213642120361328e-01 -2.213640362024307251e-01 -3.841319680213928223e-02 2.102370001375675201e-02 2.571900840848684311e-04 -9.738234430551528931e-02 -9.537104517221450806e-02 1.492871437221765518e-02 1.403195559978485107e-01 -1.524929553270339966e-01 1.326578557491302490e-01 2.377523109316825867e-02 -1.403256803750991821e-01 6.820654124021530151e-02 9.877670556306838989e-02 5.725459754467010498e-02 -2.259043231606483459e-02 5.195622518658638000e-02 9.796041995286941528e-02 1.561722904443740845e-01 3.957733511924743652e-02 -4.487818107008934021e-02 1.897904276847839355e-01 1.089284345507621765e-01 -1.639098227024078369e-01 8.861952275037765503e-02 2.058605998754501343e-01 -5.431175231933593750e-02 1.620111167430877686e-01 1.221769228577613831e-01 5.540448799729347229e-02 -9.359011426568031311e-03 9.972652420401573181e-03 -7.944357395172119141e-01 -3.600300475955009460e-02 6.646544486284255981e-02 -6.593850255012512207e-02 8.706703782081604004e-02 -2.420076578855514526e-01 -3.556983917951583862e-02 -9.846274554729461670e-02 -1.574047952890396118e-01 1.808473281562328339e-02
7.059563696384429932e-02 -9.486012160778045654e-02 -5.524157285690307617e-01 1.077800840139389038e-01 -5.454834550619125366e-02 -1.469623148441314697e-01 -2.950483858585357666e-01 1.270209252834320068e-01 -3.695850372314453125e+00 -2.210363373160362244e-02 -7.866817712783813477e-02 -2.201287597417831421e-01 -4.254597425460815430e-01 -3.240489866584539413e-03 -1.141219884157180786e-01 2.002684324979782104e-01 2.154686488211154938e-02 -2.351652085781097412e-01 -6.048130616545677185e-02 -9.179719686508178711e-01 -3.300949558615684509e-02 1.684957742691040039e-02 8.600904047489166260e-02 1.301845163106918335e-01 -5.612397193908691406e-02 -5.195177197456359863e-01 -8.585061132907867432e-02 -7.675175368785858154e-02 -6.745325028896331787e-02 -1.711881160736083984e-01 -4.344933032989501953e+00 -1.130938455462455750e-01 4.944960400462150574e-02 1.009621992707252502e-01 -6.282226741313934326e-02 4.598465748131275177e-03 -4.451610743999481201e-01 -1.585010290145874023e-01 1.921022497117519379e-02 -4.140050336718559265e-02 -8.651131764054298401e-03 -2.055732160806655884e-01 -1.791552752256393433e-01 5.470255017280578613e-02 -2.671794891357421875e-01 -4.421670734882354736e-01 3.258925303816795349e-02 -1.779972761869430542e-01 -1.281170174479484558e-02 3.478905260562896729e-01 -3.931123390793800354e-02 -1.092742457985877991e-01 1.104157194495201111e-01 8.571825921535491943e-02 -1.815918087959289551e-01 3.480755537748336792e-02 4.172385483980178833e-02 1.956491917371749878e-01 6.540592294186353683e-03 3.545831888914108276e-02 2.346190214157104492e-01 -8.283358812332153320e-02 1.087963487952947617e-02 -1.524237263947725296e-02
-2.488737553358078003e-02 8.397571742534637451e-02 9.832730889320373535e-02 1.161096524447202682e-02 -7.061442732810974121e-02 6.054591387510299683e-02 -1.541306078433990479e-01 1.252249926328659058e-01 1.126104146242141724e-01 9.115590155124664307e-02 -7.598570734262466431e-02 -1.425553262233734131e-01 -7.663398236036300659e-02 2.228254638612270355e-02 2.208353206515312195e-02 -3.202050458639860153e-03 -4.540427401661872864e-02 -2.100266516208648682e-02 2.295689471065998077e-02 1.209641769528388977e-01 2.923621423542499542e-02 -4.194382578134536743e-02 -4.163971841335296631e-01 2.551341056823730469e-02 -4.399190098047256470e-02 8.126133680343627930e-02 -1.258000284433364868e-01 6.796406954526901245e-02 6.708186119794845581e-02 1.437374297529459000e-02 8.856441825628280640e-02 1.036202460527420044e-01 -8.333182334899902344e-02 1.514185070991516113e-01 -2.950383117422461510e-03 4.370005801320075989e-02 1.695179380476474762e-02 4.420249909162521362e-02 2.607315592467784882e-02 8.923716098070144653e-02 1.663233786821365356e-01 -1.616728901863098145e-01 -1.031956598162651062e-01 3.083447925746440887e-02 1.497818827629089355e-01 -1.057522296905517578e-01 -1.658914536237716675e-01 3.313762545585632324e-01 -1.258039623498916626e-01 1.251620203256607056e-01 -3.666134923696517944e-02 1.083663403987884521e-01 -2.441770136356353760e-01 8.864551782608032227e-02 -4.561530053615570068e-02 -6.124176457524299622e-02 9.542001411318778992e-03 1.330078840255737305e-01 -1.777035593986511230e-01 -5.785171687602996826e-02 -9.021478146314620972e-02 -7.939772307872772217e-02 -2.180252522230148315e-01 8.002683520317077637e-03
7.574131339788436890e-02 2.023033499717712402e-01 1.196911260485649109e-01 3.078556992113590240e-02 -1.106938049197196960e-01 5.835711956024169922e-02 1.795460134744644165e-01 -4.305250570178031921e-02 2.315347343683242798e-01 1.289464831352233887e-01 8.512826263904571533e-02 2.749357819557189941e-01 4.371499270200729370e-02 3.646831586956977844e-02 3.405958786606788635e-02 -4.833476617932319641e-02 7.454885542392730713e-02 3.996677696704864502e-02 1.946765184402465820e-01 2.208282612264156342e-02 6.403546035289764404e-02 1.348117142915725708e-01 5.006009340286254883e-01 1.011107489466667175e-01 1.460569649934768677e-01 2.887676656246185303e-02 8.498865365982055664e-02 -9.493868798017501831e-02 1.598674058914184570e-01 1.041017547249794006e-01 1.738152951002120972e-01 2.042834162712097168e-01 -5.689335986971855164e-03 9.268756955862045288e-02 -8.240588009357452393e-02 -4.874394834041595459e-02 2.064413428306579590e-01 6.785789970308542252e-03 1.741295158863067627e-01 1.734640076756477356e-02 8.153856545686721802e-02 9.687328338623046875e-02 8.475717157125473022e-02 8.773724734783172607e-02 1.417648196220397949e-01 -6.528873741626739502e-02 6.379514187574386597e-02 -1.141503825783729553e-01 6.368010491132736206e-02 1.224163249135017395e-01 -1.102254842408001423e-03 7.641286402940750122e-02 2.054607272148132324e-01 1.080314218997955322e-01 -2.599071525037288666e-02 -1.695761270821094513e-02 6.185104325413703918e-02 -3.629542514681816101e-02 1.321979165077209473e-01 -1.882075965404510498e-01 1.913728415966033936e-01 -5.829583108425140381e-02 1.670921146869659424e-01 1.033999845385551453e-01
-5.962586030364036560e-03 2.607168257236480713e-02 -3.649483993649482727e-02 -1.044088415801525116e-02 8.378905802965164185e-02 5.858002603054046631e-02 -3.567183613777160645e-01 5.193391069769859314e-02 -3.334197402000427246e-02 -2.545038163661956787e-01 5.111379176378250122e-02 7.000630348920822144e-02 -2.754068970680236816e-01 1.029814854264259338e-01 1.064348742365837097e-01 2.263495326042175293e-02 -3.083607181906700134e-02 -2.274028211832046509e-02 7.439242303371429443e-02 -6.176689863204956055e-01 -1.100279316306114197e-01 -2.602592855691909790e-02 2.169510871171951294e-01 1.084636338055133820e-02 8.636747300624847412e-02 -2.773198485374450684e-01 -7.764112204313278198e-02 -5.356062203645706177e-02 1.427394002676010132e-01 1.319216638803482056e-01 3.304387331008911133e-01 3.759430721402168274e-02 3.098236210644245148e-02 -1.443670410662889481e-02 1.398899499326944351e-02 -9.514021128416061401e-02 3.117578923702239990e-01 -2.560433372855186462e-02 -5.829669535160064697e-03 1.446499079465866089e-01 -1.694771349430084229e-01 -2.108975797891616821e-01 -4.104343801736831665e-02 -4.608737304806709290e-02 -1.262086033821105957e-01 1.736326217651367188e-01 3.182583302259445190e-02 9.147118777036666870e-02 6.217393558472394943e-03 -4.396843910217285156e-02 -1.861496828496456146e-02 -4.484049603343009949e-02 5.798902362585067749e-02 -7.531157881021499634e-02 1.086449846625328064e-01 8.087736368179321289e-02 5.474295839667320251e-02 7.429277151823043823e-02 -2.695746906101703644e-02 -4.702505096793174744e-02 8.231908082962036133e-03 -4.383684322237968445e-02 2.261992357671260834e-02 4.034892097115516663e-02
1.994639784097671509e-01 -3.610804080963134766e-01 -8.811409026384353638e-02 3.213455155491828918e-02 1.804327368736267090e-01 2.131179273128509521e-01 9.464074671268463135e-02 1.873452588915824890e-02 -2.105369120836257935e-01 -7.890095934271812439e-03 4.081299304962158203e-01 -5.616865158081054688e-01 9.475511498749256134e-03 -2.487199753522872925e-02 -3.470450341701507568e-01 -1.885259300470352173e-01 2.747115679085254669e-02 -2.017662376165390015e-01 -2.242408543825149536e-01 -2.887471616268157959e-01 9.739786386489868164e-03 -7.659155130386352539e-02 2.720603346824645996e-01 4.197644442319869995e-02 -3.046319484710693359e-01 1.673935353755950928e-01 -8.485348522663116455e-02 4.696545004844665527e-02 -2.242390960454940796e-01 -4.752349257469177246e-01 4.931311309337615967e-01 -2.881130203604698181e-02 -3.275467827916145325e-02 2.209828794002532959e-01 5.862780660390853882e-02 -3.926176205277442932e-02 4.015819728374481201e-01 6.713096499443054199e-01 -8.583633229136466980e-03 2.658706605434417725e-01 -3.761125728487968445e-02 -3.420534133911132812e-01 -3.484134972095489502e-01 -1.068732067942619324e-01 -4.473775997757911682e-02 -2.504193037748336792e-02 1.494610607624053955e-01 -9.187130630016326904e-02 7.582605630159378052e-02 -2.523553669452667236e-01 6.790336966514587402e-01 -2.055548727512359619e-01 -2.594309449195861816e-01 1.023057028651237488e-01 -3.399325311183929443e-01 -8.399211615324020386e-02 3.135483264923095703e-01 -1.129081696271896362e-01 -1.014069467782974243e-01 1.720238476991653442e-02 5.541872978210449219e-02 3.619430214166641235e-02 -4.276775717735290527e-01 -9.870696812868118286e-04
1.068730559200048447e-02 1.153344586491584778e-01 -9.924548119306564331e-02 -2.195398509502410889e-01 5.190807953476905823e-02 -5.193597078323364258e-02 -1.650249660015106201e-01 -9.645634889602661133e-02 -4.451513290405273438e-02 -7.368563115596771240e-02 4.502226784825325012e-02 6.528252363204956055e-02 -1.120936125516891479e-01 -2.425862289965152740e-02 1.566500961780548096e-01 5.858406051993370056e-02 -2.987746894359588623e-02 2.323263511061668396e-02 -1.208998784422874451e-01 -1.212458387017250061e-01 -6.960381567478179932e-02 9.588862955570220947e-02 -1.992703229188919067e-01 1.245630905032157898e-01 4.820467904210090637e-02 -1.156897246837615967e-01 7.970372214913368225e-03 -6.371843069791793823e-02 3.937169164419174194e-02 -4.287420958280563354e-02 2.809960395097732544e-02 -1.508304774761199951e-01 1.221776008605957031e-02 9.034266322851181030e-02 -1.077759428881108761e-03 -1.250333040952682495e-01 -1.564821898937225342e-01 -6.783965975046157837e-02 -1.133147999644279480e-01 7.029627263545989990e-02 -1.076252982020378113e-01 -1.023197248578071594e-01 -8.990409225225448608e-02 -1.075894460082054138e-01 -1.087691560387611389e-01 -1.019577309489250183e-01 1.248586690053343773e-03 -7.710988819599151611e-02 -6.541121006011962891e-02 -7.536856085062026978e-02 1.075275987386703491e-01 -1.212714090943336487e-01 1.527776867151260376e-01 -2.755467779934406281e-02 -1.229649130254983902e-02 -6.500678509473800659e-02 -6.394809577614068985e-03 1.580308377742767334e-01 9.083671122789382935e-02 7.450729142874479294e-03 9.759890288114547729e-02 4.799222573637962341e-02 8.135418593883514404e-02 -7.508565485477447510e-02
2.123474329710006714e-02 -6.646548211574554443e-02 -1.480592787265777588e-01 1.190014630556106567e-01 1.058836802840232849e-01 6.619655340909957886e-02 -3.284760052338242531e-03 -9.759328677318990231e-04 -9.817213565111160278e-02 -4.918742179870605469e-02 5.212330445647239685e-02 8.527752012014389038e-02 1.599895507097244263e-01 -6.049429997801780701e-02 -2.638040781021118164e-01 -5.135548487305641174e-02 -4.726013913750648499e-02 -2.431921288371086121e-02 -1.234365850687026978e-01 1.027130428701639175e-02 4.642759636044502258e-02 -5.972896516323089600e-02 2.296518534421920776e-01 6.143920868635177612e-02 -1.211331225931644440e-02 -2.127562165260314941e-01 1.690665446221828461e-02 5.242632329463958740e-02 4.970132187008857727e-02 -3.327028080821037292e-02 -3.644531965255737305e-01 -1.015269160270690918e-01 -6.920693814754486084e-02 3.500781208276748657e-02 -6.852358579635620117e-02 -1.129862293601036072e-01 -3.590150773525238037e-01 5.766468495130538940e-02 6.894088536500930786e-02 7.437773048877716064e-02 2.137693390250205994e-02 8.186449110507965088e-02 -3.500891476869583130e-02 -2.651169598102569580e-01 9.689499437808990479e-02 1.965538784861564636e-02 4.344783723354339600e-02 1.810353398323059082e-01 -9.555296972393989563e-03 -1.697435528039932251e-01 1.146034058183431625e-02 -1.722464710474014282e-01 -7.989949733018875122e-02 -1.908830404281616211e-01 2.895597182214260101e-02 2.367107942700386047e-02 4.532491415739059448e-02 4.903395846486091614e-02 1.282599866390228271e-01 -1.630639880895614624e-01 1.658025383949279785e-02 3.862851485610008240e-02 1.401025205850601196e-01 -1.000364050269126892e-01
7.090564351528882980e-03 1.414294242858886719e-01 -1.237304061651229858e-01 -5.970684438943862915e-02 -5.246572196483612061e-02 6.535171717405319214e-02 -1.896580494940280914e-02 -2.939566271379590034e-03 -2.400104850530624390e-01 -1.562698483467102051e-01 9.981022030115127563e-02 9.098141640424728394e-02 -2.167387604713439941e-01 2.901563048362731934e-01 1.359524279832839966e-01 8.934736251831054688e-03 -7.657835632562637329e-02 1.902130991220474243e-01 -8.106605708599090576e-02 -1.561339944601058960e-01 1.046260446310043335e-01 1.150425523519515991e-01 1.162588670849800110e-01 4.891824349761009216e-02 1.432456821203231812e-01 -1.595116108655929565e-01 2.078811824321746826e-01 -6.307242810726165771e-02 2.935231477022171021e-02 9.792941808700561523e-02 -2.549008931964635849e-03 -1.331922858953475952e-01 1.467625889927148819e-02 -4.077809303998947144e-02 4.196773469448089600e-02 -4.455231828615069389e-04 -6.026127561926841736e-02 1.302422881126403809e-01 3.300030529499053955e-02 2.800019457936286926e-02 5.647673085331916809e-02 7.656429708003997803e-02 -1.365366764366626740e-02 2.637723227962851524e-03 3.793081268668174744e-02 -4.606238380074501038e-02 7.278704084455966949e-03 -4.957425594329833984e-02 6.729049235582351685e-02 -1.021276786923408508e-02 8.251768350601196289e-02 -1.719628646969795227e-02 1.863425672054290771e-01 2.285068295896053314e-02 1.079698428511619568e-01 -1.421821862459182739e-02 -3.876651823520660400e-02 2.525886334478855133e-02 1.705615520477294922e-01 8.402091264724731445e-02 -1.745402254164218903e-02 -7.241722941398620605e-02 1.684690862894058228e-01 -2.241150289773941040e-02
2.602077722549438477e-01 1.438270211219787598e-01 3.780422806739807129e-01 -1.394896358251571655e-01 2.521292120218276978e-02 8.401951193809509277e-02 -1.791517138481140137e-01 -4.614534229040145874e-02 5.937275290489196777e-01 -1.259927600622177124e-01 1.661107838153839111e-01 1.983742415904998779e-01 -5.736371129751205444e-02 2.928567528724670410e-01 2.090011239051818848e-01 -7.104992400854825974e-03 6.921361386775970459e-02 1.576858162879943848e-01 3.446519076824188232e-01 1.775103211402893066e-01 -6.900208443403244019e-02 2.777007520198822021e-01 3.144398033618927002e-01 1.070418506860733032e-01 3.058025836944580078e-01 -1.425775885581970215e-01 3.338775932788848877e-01 3.637570142745971680e-02 1.948439329862594604e-01 -9.017780423164367676e-02 7.661145329475402832e-01 3.063140809535980225e-02 2.861082553863525391e-03 1.265927851200103760e-01 2.409850619733333588e-02 -3.155406157020479441e-04 -6.556191295385360718e-02 1.002246215939521790e-01 -3.791305050253868103e-02 -6.601422280073165894e-02 -5.831263214349746704e-02 9.583819657564163208e-02 -1.072753071784973145e-01 -1.706148535013198853e-01 2.331316843628883362e-02 1.288617402315139771e-01 -3.087854683399200439e-01 6.081181764602661133e-02 2.132042795419692993e-01 1.962420642375946045e-01 -3.800277784466743469e-02 9.445968270301818848e-02 1.817540079355239868e-01 -1.814129203557968140e-01 2.664534151554107666e-01 3.694472461938858032e-02 1.102385669946670532e-01 7.960931956768035889e-02 8.462838828563690186e-02 -2.660287078469991684e-03 3.783934563398361206e-02 -8.198845386505126953e-02 1.316745728254318237e-01 -1.768747121095657349e-01
8.464086800813674927e-02 9.092178195714950562e-02 -7.964952290058135986e-02 1.181382592767477036e-02 1.743819564580917358e-02 -2.369536831974983215e-02 -1.089246049523353577e-01 -7.641724497079849243e-02 -2.443732917308807373e-01 -1.026973426342010498e-01 1.014818921685218811e-01 1.130070313811302185e-01 -1.113897338509559631e-01 -1.124539040029048920e-02 4.040381405502557755e-03 8.949220925569534302e-02 1.595013774931430817e-02 -1.716090179979801178e-02 -8.008668199181556702e-03 -6.632060557603836060e-02 -6.729771196842193604e-02 -1.732418313622474670e-02 1.273083090782165527e-01 1.531033813953399658e-01 -3.183077648282051086e-02 -6.706142425537109375e-02 -2.669228985905647278e-02 -9.672814607620239258e-02 1.667204797267913818e-01 -7.816480100154876709e-02 -1.911609806120395660e-02 -1.386153101921081543e-01 -7.545049488544464111e-02 3.358387947082519531e-02 1.593922637403011322e-02 -7.584996521472930908e-02 -9.340499341487884521e-02 2.170556224882602692e-02 -1.451938003301620483e-01 -1.841700635850429535e-02 -4.999810457229614258e-02 1.302545815706253052e-01 1.833885163068771362e-02 4.218054562807083130e-02 -3.773738816380500793e-02 -1.788003444671630859e-01 -5.892473459243774414e-02 -1.113220080733299255e-01 4.095637798309326172e-02 -5.079708620905876160e-02 4.274536669254302979e-02 -6.377407163381576538e-02 8.767302334308624268e-02 -3.189763054251670837e-02 5.050082877278327942e-02 1.033176574856042862e-02 -1.116968039423227310e-02 3.965368866920471191e-02 4.328755289316177368e-02 -4.164528846740722656e-02 2.930745668709278107e-02 -1.023458391427993774e-01 -5.291267298161983490e-03 1.909894868731498718e-02
-1.057069674134254456e-01 3.069461695849895477e-02 1.719381101429462433e-02 -3.349792584776878357e-02 -2.681864425539970398e-02 4.174872487783432007e-02 -4.815937206149101257e-02 -7.666548341512680054e-02 2.104649096727371216e-01 -1.599936163984239101e-03 1.573131084442138672e-01 6.737381219863891602e-02 4.550069570541381836e-02 -3.421001136302947998e-03 9.194106608629226685e-02 -1.930201798677444458e-01 -4.276046156883239746e-02 -6.816552579402923584e-02 2.368880808353424072e-01 9.953458607196807861e-02 6.726968288421630859e-02 -4.797618091106414795e-02 5.324366688728332520e-02 -3.947582840919494629e-02 -8.097309619188308716e-02 1.630590409040451050e-01 -5.502802133560180664e-02 -5.741691216826438904e-02 1.137996688485145569e-01 6.617833423661068082e-05 1.172183379530906677e-01 -6.005240604281425476e-02 1.382920704782009125e-02 -1.766044646501541138e-01 5.020616576075553894e-03 3.764057531952857971e-02 7.350006699562072754e-02 1.362197399139404297e-01 -1.243997365236282349e-01 1.045279800891876221e-01 -5.484221130609512329e-02 -4.613147675991058350e-02 1.352821588516235352e-01 1.452408879995346069e-01 -1.447680741548538208e-01 -4.705525189638137817e-02 6.564945727586746216e-02 1.880522258579730988e-02 -7.476309686899185181e-02 6.768253445625305176e-02 -5.673924833536148071e-02 2.373481541872024536e-02 1.327687799930572510e-01 1.373843699693679810e-01 1.755195111036300659e-01 -4.791282117366790771e-03 -3.129772958345711231e-04 2.800196036696434021e-02 1.345061697065830231e-02 -2.312956154346466064e-01 1.485060006380081177e-01 -1.265757717192173004e-02 1.183973997831344604e-02 8.677713572978973389e-02
-1.950033009052276611e-02 1.714418269693851471e-02 3.897885382175445557e-01 1.490196306258440018e-02 -3.431474789977073669e-02 -6.406902801245450974e-03 2.709250338375568390e-02 1.003956720232963562e-01 9.789578616619110107e-02 2.962918579578399658e-01 2.111050300300121307e-02 -1.700632274150848389e-02 1.882332265377044678e-01 4.138248041272163391e-02 -6.375668942928314209e-02 -7.778978347778320312e-02 5.022232607007026672e-02 -4.655029252171516418e-02 3.485867083072662354e-01 3.562175333499908447e-01 -5.412985756993293762e-02 2.056449279189109802e-02 8.718141168355941772e-02 2.210282906889915466e-02 -4.620157927274703979e-02 2.921398580074310303e-01 -1.130079925060272217e-01 -5.479134246706962585e-02 -2.860306948423385620e-02 2.915287315845489502e-01 -7.447893917560577393e-02 3.488761782646179199e-01 -4.451342299580574036e-02 6.901399791240692139e-02 3.795901779085397720e-03 3.052570670843124390e-02 1.740635484457015991e-01 -5.591126903891563416e-02 1.083228550851345062e-02 -5.851081013679504395e-02 -1.408031862229108810e-02 7.491413853131234646e-04 2.889371849596500397e-02 1.783429980278015137e-01 5.232467502355575562e-02 2.723684161901473999e-02 8.423993736505508423e-02 -1.159324645996093750e-01 -6.094213947653770447e-02 2.873473763465881348e-01 -4.722023382782936096e-02 -3.253327682614326477e-03 -1.307360678911209106e-01 3.593417350202798843e-04 -9.438378363847732544e-02 -6.394173949956893921e-02 4.340256005525588989e-02 -5.003871768712997437e-02 -7.509833574295043945e-02 3.655106574296951294e-02 -7.830519974231719971e-02 8.199162036180496216e-02 -1.320295333862304688e-01 3.550239279866218567e-02
1.612452417612075806e-01 1.443880498409271240e-01 -5.685240402817726135e-02 1.121537014842033386e-01 -3.680654242634773254e-02 8.520448207855224609e-02 -4.373307153582572937e-02 4.759953357279300690e-03 -2.962173223495483398e-01 1.561207026243209839e-01 -2.966401726007461548e-02 1.311286836862564087e-01 -9.509455412626266479e-02 1.931278384290635586e-03 3.994441777467727661e-02 1.768504530191421509e-01 -5.614199116826057434e-02 -1.821808330714702606e-02 -2.186936698853969574e-02 3.184893727302551270e-02 4.408258944749832153e-03 8.024299144744873047e-02 -1.491140015423297882e-02 6.306704133749008179e-02 4.032766819000244141e-02 7.022620737552642822e-02 1.479048430919647217e-01 -8.220884948968887329e-02 -7.568391505628824234e-03 -1.287217289209365845e-01 -1.763064265251159668e-01 2.220117300748825073e-01 -3.295107930898666382e-02 -4.393234476447105408e-02 -1.368892844766378403e-02 5.468874704092741013e-03 -5.815905332565307617e-02 -3.582227975130081177e-02 1.324526518583297729e-01 6.685408949851989746e-02 -3.166036680340766907e-02 -5.617013201117515564e-03 7.156591862440109253e-02 9.768483787775039673e-02 -4.785432294011116028e-02 -1.600762456655502319e-01 2.566616423428058624e-02 4.238763824105262756e-02 6.517509371042251587e-02 2.547155506908893585e-02 3.552142903208732605e-02 8.383820205926895142e-02 1.123719587922096252e-01 1.343327015638351440e-01 4.573066532611846924e-02 -7.996410131454467773e-02 1.675281859934329987e-02 5.747116729617118835e-02 -3.709174692630767822e-02 2.622160129249095917e-02 3.154735639691352844e-02 -3.300978615880012512e-02 8.726482093334197998e-02 1.167288273572921753e-01
1.302312463521957397e-01 1.288847178220748901e-01 -1.791109703481197357e-02 1.479266909882426262e-03 7.552833855152130127e-02 -4.874260164797306061e-03 1.379746347665786743e-01 -4.151543229818344116e-02 -9.428480267524719238e-02 7.186878472566604614e-02 -5.122649669647216797e-02 -5.727029591798782349e-02 1.426925063133239746e-01 -7.014756649732589722e-02 1.457183063030242920e-01 -1.626239903271198273e-02 -5.173139274120330811e-02 4.896868765354156494e-02 9.959866851568222046e-02 7.510153204202651978e-02 1.250815540552139282e-01 1.015266776084899902e-01 -2.392519563436508179e-01 4.906788840889930725e-02 9.653947781771421432e-04 4.480835795402526855e-02 1.066256538033485413e-01 2.235347591340541840e-02 1.418773233890533447e-01 -4.313744604587554932e-02 9.163946658372879028e-02 9.888224303722381592e-02 -3.212097659707069397e-02 -5.738033726811408997e-02 -7.449594140052795410e-02 5.206210911273956299e-02 4.955744743347167969e-02 -9.071430563926696777e-02 1.171899661421775818e-01 2.413712255656719208e-02 1.771929301321506500e-02 -9.786579757928848267e-02 -4.543397203087806702e-02 -2.612264826893806458e-02 8.983884006738662720e-02 -1.807910576462745667e-02 -8.116261451505124569e-04 -2.465328872203826904e-01 1.625718176364898682e-01 1.132929474115371704e-01 1.160258078016340733e-03 1.437184512615203857e-01 3.774728998541831970e-02 -6.790984887629747391e-03 3.632055968046188354e-02 -4.304428398609161377e-02 7.770311832427978516e-02 1.026431173086166382e-01 -2.115837484598159790e-02 -1.741950958967208862e-01 -6.871183402836322784e-03 -5.082810297608375549e-02 9.511181153357028961e-03 1.545196585357189178e-02
1.121525838971138000e-01 -6.921862810850143433e-02 -3.573003411293029785e-01 9.199985861778259277e-02 6.504696607589721680e-02 1.330820024013519287e-01 2.408740110695362091e-02 2.968222647905349731e-02 -4.066012501716613770e-01 -2.077357918024063110e-01 5.578345432877540588e-02 -1.460057199001312256e-01 -2.233041971921920776e-01 -9.724734723567962646e-02 -1.571501232683658600e-02 -2.392715029418468475e-02 5.645722895860671997e-02 1.056376397609710693e-01 -6.043909788131713867e-01 -4.292499423027038574e-01 3.350693359971046448e-02 -2.723510377109050751e-02 -1.657822132110595703e-01 8.592869155108928680e-03 -1.072039380669593811e-01 -3.626378774642944336e-01 1.081845685839653015e-01 6.437369436025619507e-02 -6.311335600912570953e-03 -2.282289713621139526e-01 -3.182390034198760986e-01 -1.998397856950759888e-01 3.516590222716331482e-03 -1.139673311263322830e-02 -7.904065400362014771e-02 1.050903946161270142e-01 -4.733048006892204285e-02 8.193114399909973145e-02 -1.291694641113281250e-01 6.744822114706039429e-02 9.990990161895751953e-02 3.601916432380676270e-01 4.625852406024932861e-02 4.006824642419815063e-02 3.303528949618339539e-02 4.782775416970252991e-02 5.989218875765800476e-02 -5.392415821552276611e-02 5.273970961570739746e-02 -7.856953889131546021e-02 2.985745109617710114e-02 9.273572266101837158e-02 -4.969687387347221375e-02 4.716942459344863892e-02 -4.721933975815773010e-02 7.461591809988021851e-02 1.381265521049499512e-01 7.245682179927825928e-03 -1.088952645659446716e-01 -8.696410059928894043e-02 -1.643887609243392944e-01 -7.252682000398635864e-02 -1.234346926212310791e-01 7.182091474533081055e-02
-6.163617223501205444e-02 -1.870791167020797729e-01 1.970970332622528076e-01 2.284491360187530518e-01 4.650482162833213806e-02 9.064254164695739746e-02 3.731746226549148560e-02 9.849908202886581421e-02 1.287826150655746460e-02 1.356581151485443115e-01 -6.836426258087158203e-02 -4.921340197324752808e-02 -3.368363901972770691e-02 -1.147215664386749268e-01 -1.343745621852576733e-03 3.848179802298545837e-02 6.853935122489929199e-02 2.395922318100929260e-02 3.228715062141418457e-01 1.762566715478897095e-01 6.340246647596359253e-02 -7.285723090171813965e-02 -2.639178931713104248e-01 -7.566541433334350586e-02 -1.241753622889518738e-01 1.657950878143310547e-01 -1.583020784892141819e-03 -5.389682576060295105e-02 -1.116399988532066345e-01 8.702140301465988159e-03 -1.744798719882965088e-01 1.860855966806411743e-01 -6.510191410779953003e-02 -5.602101609110832214e-02 7.995661348104476929e-03 1.042273417115211487e-01 7.493530958890914917e-02 7.194484770298004150e-02 1.896564066410064697e-01 -7.987742871046066284e-02 4.456873238086700439e-02 -1.503379940986633301e-01 1.924642473459243774e-01 1.334082782268524170e-01 7.597628235816955566e-02 -1.223788633942604065e-01 5.311583355069160461e-02 5.975163355469703674e-02 -6.651067174971103668e-03 2.199883013963699341e-01 1.150937825441360474e-01 1.563893258571624756e-02 -2.141487412154674530e-02 1.445884555578231812e-01 1.193421855568885803e-01 -4.970926791429519653e-03 1.470513790845870972e-01 -9.878053516149520874e-02 -8.271108567714691162e-02 -8.038593083620071411e-02 -1.259352415800094604e-01 -8.704218268394470215e-02 1.083405874669551849e-02 6.747566908597946167e-02
9.846588596701622009e-03 4.500641673803329468e-02 -3.376228269189596176e-03 3.676929175853729248e-01 -2.223082035779953003e-01 1.900977641344070435e-01 -1.094112470746040344e-01 4.980008900165557861e-01 6.960476636886596680e-01 1.544271111488342285e-01 -5.066048726439476013e-02 -4.717094451189041138e-02 6.039668321609497070e-01 -1.822544634342193604e-01 -1.695238351821899414e-01 1.158788353204727173e-01 -4.765000566840171814e-02 -1.156127229332923889e-01 2.739640772342681885e-01 3.873724937438964844e-01 2.066674679517745972e-01 2.203927934169769287e-01 -1.428668200969696045e-01 2.409548461437225342e-01 -6.679870188236236572e-03 1.819036751985549927e-01 2.133926153182983398e-01 -1.259653829038143158e-02 1.106398925185203552e-02 4.021921008825302124e-02 2.048329859972000122e-01 1.429971605539321899e-01 -5.934108793735504150e-02 5.482648685574531555e-02 -7.511586695909500122e-02 3.929186761379241943e-01 3.033145070075988770e-01 -4.685204327106475830e-01 4.693640172481536865e-01 -2.550659477710723877e-01 -4.294974729418754578e-02 -9.095717966556549072e-02 3.411094844341278076e-01 2.553769946098327637e-01 1.219483390450477600e-01 8.645588159561157227e-02 -9.702363610267639160e-02 -3.304488956928253174e-02 2.500010132789611816e-01 1.555478870868682861e-01 -4.647313430905342102e-02 -9.305885434150695801e-02 4.270857945084571838e-02 -3.027185611426830292e-02 9.060714393854141235e-02 3.272177278995513916e-02 2.258875966072082520e-01 1.240181177854537964e-01 -5.500149354338645935e-02 8.277446776628494263e-02 7.529500406235456467e-03 3.587274998426437378e-02 9.211096912622451782e-02 2.362057417631149292e-01
1.093626394867897034e-02 9.454189985990524292e-02 -7.695236057043075562e-02 1.141722276806831360e-01 1.635705232620239258e-01 1.061452403664588928e-01 1.429381966590881348e-01 1.155450269579887390e-01 -4.752560257911682129e-01 7.532104849815368652e-02 -3.443593159317970276e-02 6.323336809873580933e-02 -1.076149940490722656e-01 -2.568438649177551270e-02 -1.421515643596649170e-01 -1.941655762493610382e-02 1.375485770404338837e-02 -1.194899156689643860e-01 -1.668985337018966675e-01 -1.872844249010086060e-01 -3.116630762815475464e-02 9.668987989425659180e-02 -3.567784130573272705e-01 -3.219716250896453857e-02 4.841549322009086609e-02 -1.753417998552322388e-01 1.106160506606101990e-01 -6.205658894032239914e-03 4.971100762486457825e-02 1.078059673309326172e-01 -2.123752385377883911e-01 -2.748138271272182465e-02 -4.183042421936988831e-02 1.312621086835861206e-01 3.459209110587835312e-03 5.435357242822647095e-02 -2.890895865857601166e-02 8.574739098548889160e-02 -1.774281449615955353e-02 8.380813151597976685e-02 1.569500267505645752e-01 6.147176958620548248e-03 1.757028847932815552e-01 -5.982737988233566284e-02 1.655410528182983398e-01 -1.432468891143798828e-01 -7.161402702331542969e-02 -1.482436358928680420e-01 8.880016207695007324e-02 -1.596559584140777588e-01 -2.189431525766849518e-02 7.301728427410125732e-02 1.264423578977584839e-01 3.273864835500717163e-02 -1.786458045244216919e-01 7.001494616270065308e-02 4.884180799126625061e-02 1.094805225729942322e-01 9.505084902048110962e-02 -2.310365289449691772e-01 -1.989567652344703674e-02 -7.303206622600555420e-02 1.116795688867568970e-01 9.895299561321735382e-03
-7.703770697116851807e-02 -6.951490044593811035e-02 -9.787373244762420654e-03 5.969930440187454224e-02 -2.612652257084846497e-03 8.101562410593032837e-02 -3.098063357174396515e-02 8.094485849142074585e-02 2.608938142657279968e-02 9.020670503377914429e-02 6.869295984506607056e-02 1.421367377042770386e-02 4.955018311738967896e-02 4.145861417055130005e-02 -4.536328092217445374e-02 -6.852924078702926636e-02 -7.363370060920715332e-02 -1.395042985677719116e-02 1.461932808160781860e-02 8.399428427219390869e-02 -5.644909292459487915e-02 3.521599574014544487e-03 7.351418584585189819e-02 4.122219234704971313e-02 -6.663795094937086105e-03 -5.091719329357147217e-02 5.702212918549776077e-03 2.806365489959716797e-02 3.017518296837806702e-02 -4.473973065614700317e-02 -4.459862411022186279e-02 8.559840917587280273e-02 2.647191286087036133e-05 8.090676367282867432e-02 -2.275837957859039307e-02 -3.003704920411109924e-02 2.972584217786788940e-02 6.298692524433135986e-02 -5.545830354094505310e-02 -1.347994804382324219e-02 -1.807637698948383331e-02 8.083588629961013794e-02 9.009756147861480713e-02 3.930299356579780579e-02 -7.813896238803863525e-02 -7.527697086334228516e-02 5.699521675705909729e-02 -3.898431733250617981e-02 -1.948380284011363983e-02 -2.943619526922702789e-02 -6.561800837516784668e-03 5.053613334894180298e-02 7.367621362209320068e-02 4.132262244820594788e-02 7.354158163070678711e-02 -2.385047823190689087e-02 9.794554207473993301e-04 -7.880859822034835815e-02 6.199754029512405396e-02 6.543982774019241333e-02 -5.678037926554679871e-02 7.002528756856918335e-02 -9.404002130031585693e-02 1.045207027345895767e-02
6.813098676502704620e-03 -2.154832147061824799e-02 -1.002906039357185364e-01 3.696383908390998840e-02 -9.044992178678512573e-02 -1.471836958080530167e-02 -1.711187325417995453e-02 6.588217616081237793e-02 -2.673462629318237305e-01 -8.541493862867355347e-02 -1.067580208182334900e-01 -3.362659811973571777e-01 -1.437712013721466064e-01 -1.058155149221420288e-01 -1.354994252324104309e-02 9.192804992198944092e-02 6.746354699134826660e-02 -3.622767627239227295e-01 -1.372779309749603271e-01 -2.657776474952697754e-01 7.438694685697555542e-02 -8.918974548578262329e-03 -4.079937636852264404e-01 1.501398254185914993e-02 -1.661636978387832642e-01 -1.233550459146499634e-01 -4.533584695309400558e-03 1.538389548659324646e-02 -1.595866866409778595e-02 1.895599067211151123e-02 -2.798028290271759033e-01 -4.095078632235527039e-02 -5.588298663496971130e-02 -3.547885268926620483e-02 -8.680663257837295532e-02 5.004925653338432312e-02 -9.782445430755615234e-02 1.704607605934143066e-01 -1.140140276402235031e-02 4.212855920195579529e-02 -5.013442412018775940e-02 -2.992721498012542725e-01 -1.934560760855674744e-02 -3.292501345276832581e-02 -5.100663751363754272e-03 1.078338548541069031e-01 -2.979477941989898682e-01 -1.599949598312377930e-01 9.237752296030521393e-03 -1.666491776704788208e-01 2.109968066215515137e-01 -1.727365702390670776e-02 -5.126133188605308533e-02 1.496732514351606369e-02 -4.242967069149017334e-01 2.102353610098361969e-02 1.305988579988479614e-01 6.866607815027236938e-02 -1.155431568622589111e-01 -9.903771569952368736e-04 -8.055301755666732788e-02 -9.340105950832366943e-02 -2.113300114870071411e-01 3.016665205359458923e-02
-7.573369145393371582e-02 -2.692183479666709900e-03 8.158664405345916748e-02 7.470917701721191406e-02 -2.577414736151695251e-02 3.642138093709945679e-02 -2.434131223708391190e-03 2.928603254258632660e-02 1.034563556313514709e-01 -5.740363150835037231e-02 -1.062554027885198593e-02 -1.673340201377868652e-01 -9.393414855003356934e-02 3.234636783599853516e-02 6.383533030748367310e-02 -5.085159465670585632e-02 -1.527388952672481537e-02 -1.785304844379425049e-01 6.717940326780080795e-03 -3.241693601012229919e-02 -2.013950981199741364e-02 -6.844715029001235962e-02 -2.584086954593658447e-01 -3.554882481694221497e-02 -5.151056125760078430e-02 -4.306727647781372070e-02 -1.623843424022197723e-02 -2.017002552747726440e-02 -2.862568013370037079e-02 4.166327044367790222e-02 2.114770747721195221e-02 3.930314257740974426e-02 -2.964961715042591095e-02 2.008502930402755737e-02 -3.146981075406074524e-02 2.338707912713289261e-03 -1.235878840088844299e-02 -6.370332837104797363e-02 -3.429382666945457458e-02 6.792018562555313110e-02 3.913645446300506592e-02 -7.059366255998611450e-02 -1.927143335342407227e-01 3.290903940796852112e-02 2.196235582232475281e-02 -1.049520075321197510e-01 1.977812796831130981e-01 -5.665336251258850098e-01 -1.826592721045017242e-02 1.500718481838703156e-02 -1.477737277746200562e-01 7.782251574099063873e-03 -7.439700514078140259e-02 2.768268622457981110e-02 -3.416204452514648438e-01 4.133478924632072449e-02 8.310779929161071777e-02 -2.646951377391815186e-02 -5.931071192026138306e-02 -4.017859697341918945e-02 -1.057753413915634155e-01 -8.854924887418746948e-02 -1.523336172103881836e-01 7.954623550176620483e-02
-5.558637785725295544e-04 -1.767865382134914398e-02 1.087872013449668884e-01 -1.621994078159332275e-01 4.402363300323486328e-01 -3.126010298728942871e-02 1.713790297508239746e-01 1.426013559103012085e-01 5.610033869743347168e-01 2.307955920696258545e-01 -2.536783516407012939e-01 -1.746516346931457520e+00 2.439276874065399170e-02 1.620158553123474121e-01 2.572506666183471680e-01 -7.300916593521833420e-03 -5.370027199387550354e-02 1.981732249259948730e-01 3.547718822956085205e-01 1.822468936443328857e-01 -2.079011350870132446e-01 -1.730055734515190125e-02 -2.055147737264633179e-01 -5.932074785232543945e-02 1.505759060382843018e-01 2.861061990261077881e-01 4.710312560200691223e-02 7.515016198158264160e-02 2.903032004833221436e-01 5.748234987258911133e-01 8.938379585742950439e-02 1.433373689651489258e-01 6.846484541893005371e-02 2.778710126876831055e-01 -7.344385981559753418e-02 -1.782396994531154633e-02 -6.711573898792266846e-02 -9.345465153455734253e-02 1.573190689086914062e-01 2.965973131358623505e-02 1.441749334335327148e-01 -2.254949212074279785e-01 -2.676606774330139160e-01 -6.216188147664070129e-02 1.345288455486297607e-01 -1.662240922451019287e-01 -1.637997180223464966e-01 -2.321901619434356689e-01 -7.977421581745147705e-02 1.998609304428100586e-02 -1.374641656875610352e-01 1.759546101093292236e-01 -5.402395501732826233e-02 -3.776463270187377930e-01 -2.438277959823608398e+00 -6.884869933128356934e-02 6.688228249549865723e-02 3.923361599445343018e-01 4.087275266647338867e-02 5.760015249252319336e-01 -2.491038143634796143e-01 -4.428837075829505920e-02 3.515815138816833496e-01 2.202869951725006104e-01
-4.214197024703025818e-02 -1.693881154060363770e-01 2.382612079381942749e-01 3.424565196037292480e-01 -2.174902111291885376e-01 3.645865023136138916e-01 3.248274922370910645e-01 6.283561140298843384e-02 5.165101289749145508e-01 -1.234244927763938904e-01 -6.284367293119430542e-02 -2.349100559949874878e-01 2.806393504142761230e-01 9.908682852983474731e-02 1.019567921757698059e-01 2.493177354335784912e-01 -4.887694865465164185e-02 1.427306532859802246e-01 3.559542894363403320e-01 1.402781158685684204e-01 1.936871558427810669e-01 6.367004662752151489e-02 -1.361455619335174561e-01 -1.175130531191825867e-01 -3.015203773975372314e-01 1.505396217107772827e-01 4.556423518806695938e-03 -7.151463627815246582e-02 3.418263420462608337e-02 3.497034609317779541e-01 4.240783452987670898e-01 1.888194233179092407e-01 1.679948344826698303e-02 -1.504863351583480835e-01 -8.867533504962921143e-02 7.221043854951858521e-02 -6.694696098566055298e-02 4.075099527835845947e-01 2.547702491283416748e-01 -3.151616826653480530e-02 2.965801954269409180e-01 6.304267048835754395e-02 -4.632788151502609253e-02 3.192934393882751465e-01 2.892292141914367676e-01 2.230215370655059814e-01 -1.741830408573150635e-01 -1.289937794208526611e-01 -8.362407237291336060e-02 3.373092710971832275e-01 4.604777693748474121e-02 2.316096872091293335e-01 -2.015632241964340210e-01 1.022079288959503174e-01 -3.842225074768066406e-01 -3.491067141294479370e-02 -2.785946801304817200e-02 -2.797235921025276184e-02 -1.683380268514156342e-02 -1.472754478454589844e-01 -6.832636147737503052e-02 3.470024466514587402e-02 -1.421375013887882233e-02 2.287994474172592163e-01
-8.813632279634475708e-02 -1.985542178153991699e-01 5.732939392328262329e-02 5.631102994084358215e-02 -2.700389921665191650e-01 8.782143145799636841e-02 -2.206492573022842407e-01 -1.171624381095170975e-02 4.289324879646301270e-01 1.509346812963485718e-02 8.569046109914779663e-02 2.287545353174209595e-01 7.134267687797546387e-02 -4.474982619285583496e-01 2.897715568542480469e-01 1.977827101945877075e-01 -7.772230077534914017e-03 1.606510132551193237e-01 8.206612616777420044e-02 6.475642323493957520e-02 -1.174096390604972839e-02 8.613918721675872803e-02 5.462188720703125000e-01 1.599353551864624023e-02 -3.173521161079406738e-01 -1.088175643235445023e-02 1.841664016246795654e-01 7.774464786052703857e-02 -9.620062261819839478e-02 -1.504070907831192017e-01 2.349986135959625244e-01 2.219344526529312134e-01 1.689278334379196167e-02 -8.634141087532043457e-02 -5.449060723185539246e-02 -1.436938345432281494e-01 -2.074947580695152283e-02 3.335592746734619141e-01 -1.077713095583021641e-03 -9.094914421439170837e-04 4.242872893810272217e-01 -1.662772744894027710e-01 -1.791703253984451294e-01 2.794311642646789551e-01 8.127130568027496338e-02 4.016538262367248535e-01 2.542652487754821777e-01 1.181503534317016602e-01 -3.838658034801483154e-01 1.204888522624969482e-01 -6.236339733004570007e-02 2.107398025691509247e-02 -1.228078603744506836e-01 9.276614338159561157e-02 3.067585825920104980e-01 -1.605517789721488953e-02 1.505450159311294556e-01 6.332369148731231689e-02 1.751715987920761108e-01 7.164175808429718018e-02 1.429373025894165039e-01 -1.332824304699897766e-02 1.345606595277786255e-01 3.375535011291503906e-01
6.679459474980831146e-03 -3.741320222616195679e-02 -4.555294215679168701e-01 3.899246454238891602e-02 1.161617040634155273e-01 -5.881713330745697021e-02 -6.949516385793685913e-02 -1.011071950197219849e-01 -3.764247298240661621e-01 2.689776383340358734e-02 1.619770526885986328e-01 2.008949071168899536e-01 -4.822686910629272461e-01 8.128502219915390015e-02 8.625908941030502319e-02 -5.892165750265121460e-02 -8.682741969823837280e-02 3.937558233737945557e-01 -6.459083557128906250e-01 -1.496946364641189575e-01 1.916322857141494751e-01 1.265427172183990479e-01 1.760452687740325928e-01 9.671197831630706787e-02 1.927103400230407715e-01 6.032505771145224571e-04 1.568091362714767456e-01 -6.971742212772369385e-02 -1.153304427862167358e-02 -1.105133593082427979e-01 -2.108877003192901611e-01 -1.256042718887329102e-01 -5.049476772546768188e-02 -1.193186566233634949e-01 -7.374333590269088745e-02 4.167437553405761719e-02 -1.902335584163665771e-01 -3.213487267494201660e-01 -3.568916320800781250e-01 2.200107574462890625e-01 3.943638503551483154e-02 1.060392558574676514e-01 1.199758723378181458e-01 7.933045923709869385e-02 -4.172373935580253601e-02 2.797140777111053467e-01 -2.379394136369228363e-02 1.905510760843753815e-02 -5.963984131813049316e-02 -3.620446026325225830e-01 1.864859908819198608e-01 -1.185271069407463074e-01 1.470680087804794312e-01 2.100577652454376221e-01 2.688375413417816162e-01 2.119004353880882263e-02 9.596043825149536133e-02 1.089331414550542831e-02 1.444697380065917969e-01 -2.088410109281539917e-01 3.150072395801544189e-01 6.281941314227879047e-04 -2.569903060793876648e-02 1.782071031630039215e-02
2.148778177797794342e-02 1.305594295263290405e-02 -3.756541907787322998e-01 6.139068305492401123e-02 -6.432579457759857178e-02 -3.475458547472953796e-02 -1.456466317176818848e-01 1.356914639472961426e-02 -7.709919214248657227e-01 -2.326242923736572266e-01 3.006806224584579468e-02 -1.795442402362823486e-01 -2.631061971187591553e-01 -1.399950236082077026e-01 1.189925298094749451e-01 1.679570972919464111e-02 5.978780984878540039e-02 -2.151916623115539551e-01 9.151203930377960205e-02 -1.846580058336257935e-01 1.109969839453697205e-01 8.612735569477081299e-02 -1.695239990949630737e-01 5.258941277861595154e-02 -1.472927182912826538e-01 -1.484493762254714966e-01 -1.251780390739440918e-01 -4.506565257906913757e-02 3.492315858602523804e-02 -1.987587101757526398e-02 -6.436758637428283691e-01 -1.388280689716339111e-01 -1.316090952605009079e-02 3.541084006428718567e-02 -3.649913519620895386e-02 1.748201064765453339e-02 -1.845827102661132812e-01 -3.896579891443252563e-02 -5.347950011491775513e-02 -1.126746833324432373e-02 1.109559237957000732e-01 -3.008258342742919922e-02 -1.765636950731277466e-01 9.851269423961639404e-02 -2.026704698801040649e-01 3.628678992390632629e-02 1.129706054925918579e-01 -1.452750116586685181e-01 4.998644068837165833e-02 -1.141761019825935364e-01 1.173850521445274353e-01 -5.589582026004791260e-03 -1.462512016296386719e-01 -2.832795679569244385e-02 -2.437562793493270874e-01 -9.596286341547966003e-03 -8.034673333168029785e-02 9.707617014646530151e-02 5.331511609256267548e-03 2.603821083903312683e-02 -1.374309211969375610e-01 -3.742152452468872070e-02 -2.138051241636276245e-01 -2.286433707922697067e-03
-5.221838131546974182e-03 -1.085660755634307861e-01 -1.841440331190824509e-03 2.096522226929664612e-02 1.863603293895721436e-02 4.561301693320274353e-02 -4.732850939035415649e-03 3.119339793920516968e-02 -1.534623652696609497e-01 -9.308962523937225342e-02 -5.888974666595458984e-02 -2.973226308822631836e-01 -6.605190783739089966e-02 -1.648774594068527222e-01 -5.922193825244903564e-02 4.167905077338218689e-03 -5.333711579442024231e-02 1.351523846387863159e-01 -3.538808599114418030e-02 4.718194156885147095e-02 -4.775115847587585449e-02 4.066048562526702881e-02 -4.487137794494628906e-01 -4.753607884049415588e-02 -1.705106794834136963e-01 -6.334796547889709473e-02 2.233415096998214722e-02 3.249484300613403320e-02 -1.143507193773984909e-02 -2.527673169970512390e-02 6.638723611831665039e-02 -2.995366044342517853e-02 -5.577923730015754700e-02 -1.100794151425361633e-01 -7.015527784824371338e-02 3.470826521515846252e-02 -5.042236670851707458e-02 2.296978235244750977e-02 -5.581908673048019409e-02 -5.759234074503183365e-03 6.612353026866912842e-02 -1.757149994373321533e-01 -5.289098247885704041e-02 -9.070782363414764404e-02 4.689112305641174316e-02 9.862576844170689583e-04 2.542318776249885559e-02 1.242243796586990356e-01 -3.713782131671905518e-02 -4.010666906833648682e-02 -1.042186915874481201e-01 3.475653752684593201e-02 -1.595790497958660126e-02 -5.452422797679901123e-02 -3.911950290203094482e-01 5.398884788155555725e-02 6.103578582406044006e-02 -3.077397122979164124e-02 -1.082732379436492920e-01 4.312196373939514160e-02 -1.798871904611587524e-01 -9.454964846372604370e-02 -1.574294716119766235e-01 -4.263334441930055618e-03
1.506295651197433472e-01 3.718858212232589722e-02 -5.002883821725845337e-02 -5.949731916189193726e-02 -1.225355267524719238e-01 -1.219708248972892761e-01 -7.625395432114601135e-03 1.534909592010080814e-03 1.092531997710466385e-02 -1.068740859627723694e-01 3.912647068500518799e-02 5.417876318097114563e-02 -9.694934636354446411e-02 4.703634604811668396e-02 2.986904419958591461e-02 8.175062388181686401e-02 -2.951041609048843384e-02 3.542022407054901123e-02 1.065698936581611633e-01 -1.861562579870223999e-01 -7.423312962055206299e-02 1.101356744766235352e-01 1.213332489132881165e-01 1.592121124267578125e-01 1.482392698526382446e-01 -2.839979343116283417e-02 4.185834899544715881e-02 2.969508990645408630e-02 8.918509632349014282e-02 -5.349395796656608582e-02 1.802800297737121582e-01 -2.663234807550907135e-02 -4.947318881750106812e-02 2.271995544433593750e-01 -2.053341083228588104e-02 -1.486436557024717331e-02 -1.136152073740959167e-01 8.631721138954162598e-03 1.409989297389984131e-01 4.756722133606672287e-03 5.011635273694992065e-02 -1.492244284600019455e-02 -1.350984442979097366e-02 6.576891243457794189e-02 -7.951629161834716797e-02 1.013500764966011047e-01 -6.803966313600540161e-02 7.260398566722869873e-02 1.137822866439819336e-01 -2.301144786179065704e-02 -6.880545616149902344e-02 3.147380799055099487e-02 -3.860065340995788574e-02 -2.808732911944389343e-03 -1.300268527120351791e-02 5.411396175622940063e-02 -1.062248274683952332e-01 1.098935604095458984e-01 -4.756225645542144775e-02 7.914175093173980713e-02 5.869352445006370544e-02 -4.275503382086753845e-02 5.748377740383148193e-02 -9.838308207690715790e-03
